program,searcher,CovI,States,Queries,SolverTime_us,WallTime_s,CompletedPaths,NumBranches
train_00077,bfs,978,2,6935,6009,40541.0,0,116
train_00077,default,978,2,6935,6373,42570.0,0,116
train_00077,dfs,978,2,6935,6066,40787.0,0,116
train_00077,nurs_covnew,978,2,6935,6372,42272.0,0,116
train_00077,nurs_md2u,978,2,6935,5910,42506.0,0,116
train_00077,nurs_qc,978,2,6935,7382,43487.0,0,116
train_00077,random-path,978,2,6935,5942,40631.0,0,116
train_00078,bfs,1008,13,6394457,967641,10025049.0,0,117
train_00078,default,1008,17,5205403,916929,10026834.0,0,117
train_00078,dfs,965,17,6193732,1257031,10027480.0,0,117
train_00078,nurs_covnew,1008,17,5403283,991677,10026549.0,0,117
train_00078,nurs_md2u,1008,17,5421446,988987,10027248.0,0,117
train_00078,nurs_qc,1008,17,5413295,1013618,10026974.0,0,117
train_00078,random-path,1008,17,5540268,922288,10025937.0,0,117
train_00080,bfs,984,1,6938,2,39944.0,0,120
train_00080,default,984,1,6938,2,41653.0,0,120
train_00080,dfs,984,1,6938,2,39725.0,0,120
train_00080,nurs_covnew,984,1,6938,2,47417.0,0,120
train_00080,nurs_md2u,984,1,6938,2,41595.0,0,120
train_00080,nurs_qc,984,1,6938,2,41703.0,0,120
train_00080,random-path,984,1,6938,2,40064.0,0,120
train_00085,bfs,985,1,6932,2,34107.0,0,122
train_00085,default,985,1,6932,2,36122.0,0,122
train_00085,dfs,985,1,6932,2,35282.0,0,122
train_00085,nurs_covnew,985,1,6932,2,36007.0,0,122
train_00085,nurs_md2u,985,1,6932,2,37188.0,0,122
train_00085,nurs_qc,985,1,6932,2,36519.0,0,122
train_00085,random-path,985,1,6932,2,34566.0,0,122
train_00086,bfs,988,3,7020,13777,48095.0,0,118
train_00086,default,988,3,7020,11086,47705.0,0,118
train_00086,dfs,988,3,7020,13156,47760.0,0,118
train_00086,nurs_covnew,988,3,7020,11204,48246.0,0,118
train_00086,nurs_md2u,988,3,7020,11270,47386.0,0,118
train_00086,nurs_qc,988,3,7020,11979,47896.0,0,118
train_00086,random-path,988,3,7020,11462,45911.0,0,118
train_00088,bfs,1003,4,5647033,3032211,10037931.0,0,121
train_00088,default,1027,8,7045,17795768,18891301.0,0,121
train_00088,dfs,956,3,5734149,3077428,10037214.0,0,121
train_00088,nurs_covnew,1023,7,6999,17800033,18900000.0,0,121
train_00088,nurs_md2u,1023,7,6999,17642578,18738471.0,0,121
train_00088,nurs_qc,1023,7,6999,17597068,18693390.0,0,121
train_00088,random-path,1035,7,7106,17729987,18834845.0,0,121
train_00089,bfs,945,1,9938921,3,10036053.0,0,122
train_00089,default,945,1,9172646,3,10037596.0,0,122
train_00089,dfs,945,1,10030361,2,10035684.0,0,122
train_00089,nurs_covnew,945,1,9433088,3,10037565.0,0,122
train_00089,nurs_md2u,945,1,9214949,2,10037369.0,0,122
train_00089,nurs_qc,945,1,9546339,3,10037414.0,0,122
train_00089,random-path,945,1,9966952,3,10035527.0,0,122
train_00097,bfs,1051,32,7782,11262119,11330854.0,0,121
train_00097,default,1058,38,8349,14890344,14970952.0,0,121
train_00097,dfs,1000,632,38349,9192665,10119567.0,0,121
train_00097,nurs_covnew,1058,41,8421,10560275,10641373.0,0,121
train_00097,nurs_md2u,1058,41,8421,10543283,10624102.0,0,121
train_00097,nurs_qc,1058,23,7782,14376263,14437282.0,0,121
train_00097,random-path,1053,43,8541,10210246,10291945.0,0,121
train_00098,bfs,1034,4,6311017,2826503,10025364.0,0,127
train_00098,default,1034,331,2704844,5415328,10474953.0,0,127
train_00098,dfs,947,3,6674485,2986045,10024687.0,0,127
train_00098,nurs_covnew,1034,392,1630501,6859031,10673631.0,0,127
train_00098,nurs_md2u,1034,393,1646025,6899738,10674582.0,0,127
train_00098,nurs_qc,1034,331,1852179,6405184,10480787.0,0,127
train_00098,random-path,1034,19,6086443,2222871,10027714.0,0,127
train_00100,bfs,993,3,6951,19814,54463.0,0,121
train_00100,default,993,3,6951,21395,58193.0,0,121
train_00100,dfs,993,3,6951,18991,54330.0,0,121
train_00100,nurs_covnew,993,3,6951,19746,55937.0,0,121
train_00100,nurs_md2u,993,3,6951,20808,57890.0,0,121
train_00100,nurs_qc,993,3,6951,18808,55018.0,0,121
train_00100,random-path,993,3,6951,19173,53938.0,0,121
train_00102,bfs,1037,53,230023,9623366,10038691.0,0,121
train_00102,default,1037,111,46926,9736336,10116959.0,0,121
train_00102,dfs,1037,52,229877,9633035,10040420.0,0,121
train_00102,nurs_covnew,1037,113,32328,9770030,10110875.0,0,121
train_00102,nurs_md2u,1037,114,32702,9752016,10112858.0,0,121
train_00102,nurs_qc,1037,147,28283,9795500,10155814.0,0,121
train_00102,random-path,1037,54,153608,9582401,10060684.0,0,121
train_00183,bfs,949,1,6914,2,6835051.0,0,120
train_00183,default,949,1,6914,2,6828663.0,0,120
train_00183,dfs,949,1,6914,1,6766166.0,0,120
train_00183,nurs_covnew,949,1,6914,2,6793948.0,0,120
train_00183,nurs_md2u,949,1,6914,2,6794688.0,0,120
train_00183,nurs_qc,949,1,6914,1,6758110.0,0,120
train_00183,random-path,949,1,6914,2,6784339.0,0,120
train_00187,bfs,1025,1,22851,4,50564.0,0,124
train_00187,default,1025,1,22851,2,53218.0,0,124
train_00187,dfs,1025,1,22851,3,50808.0,0,124
train_00187,nurs_covnew,1025,1,22851,2,53104.0,0,124
train_00187,nurs_md2u,1025,1,22851,3,54093.0,0,124
train_00187,nurs_qc,1025,1,22851,3,52271.0,0,124
train_00187,random-path,1025,1,22851,3,50261.0,0,124
train_00191,bfs,946,1,6949252,2,10026285.0,0,116
train_00191,default,946,1,6611992,2,10027788.0,0,116
train_00191,dfs,946,1,6979698,2,10025573.0,0,116
train_00191,nurs_covnew,946,1,6560458,2,10026810.0,0,116
train_00191,nurs_md2u,946,1,6652671,2,10028231.0,0,116
train_00191,nurs_qc,946,1,6827212,2,10026689.0,0,116
train_00191,random-path,946,1,7098736,2,10026691.0,0,116
train_00206,bfs,954,4,6945,122338,4775290.0,0,119
train_00206,default,954,4,6945,113333,4780232.0,0,119
train_00206,dfs,954,4,6945,120506,4798049.0,0,119
train_00206,nurs_covnew,954,4,6945,131919,4820515.0,0,119
train_00206,nurs_md2u,954,4,6945,118784,4896607.0,0,119
train_00206,nurs_qc,954,4,6945,124598,4790350.0,0,119
train_00206,random-path,954,4,6945,125623,4808999.0,0,119
train_00286,bfs,967,1,8233,2,36867.0,0,115
train_00286,default,967,1,8233,1,38425.0,0,115
train_00286,dfs,967,1,8233,2,37046.0,0,115
train_00286,nurs_covnew,967,1,8233,1,38516.0,0,115
train_00286,nurs_md2u,967,1,8233,2,39192.0,0,115
train_00286,nurs_qc,967,1,8233,2,39425.0,0,115
train_00286,random-path,967,1,8233,2,37201.0,0,115
train_00290,bfs,977,1,6949,1,36529.0,0,116
train_00290,default,977,1,6949,2,39077.0,0,116
train_00290,dfs,977,1,6949,1,36226.0,0,116
train_00290,nurs_covnew,977,1,6949,3,38994.0,0,116
train_00290,nurs_md2u,977,1,6949,2,38392.0,0,116
train_00290,nurs_qc,977,1,6949,3,38579.0,0,116
train_00290,random-path,977,1,6949,2,36164.0,0,116
train_00291,bfs,993,599,37912,9151170,10112119.0,0,120
train_00291,default,993,576,36675,9172039,10176665.0,0,120
train_00291,dfs,993,609,38475,9236392,10121160.0,0,120
train_00291,nurs_covnew,993,609,38376,9236538,10195813.0,0,120
train_00291,nurs_md2u,993,616,38710,9236704,10173907.0,0,120
train_00291,nurs_qc,993,604,38215,9229618,10160156.0,0,120
train_00291,random-path,993,596,37739,9150777,10155493.0,0,120
train_00292,bfs,1024,58,9933,10995087,11134200.0,0,118
train_00292,default,1024,54,8226,10049157,10171747.0,0,118
train_00292,dfs,1000,19,9148,10001864,10064007.0,0,118
train_00292,nurs_covnew,1024,48,7844,10777041,10884387.0,0,118
train_00292,nurs_md2u,1024,48,7844,10974742,11097442.0,0,118
train_00292,nurs_qc,1024,47,7845,10802489,10923635.0,0,118
train_00292,random-path,1024,74,9254,10977959,11151840.0,0,118
train_00298,bfs,1012,1,6961,3,36162.0,0,122
train_00298,default,1012,1,6961,2,38909.0,0,122
train_00298,dfs,1012,1,6961,2,36576.0,0,122
train_00298,nurs_covnew,1012,1,6961,1,37984.0,0,122
train_00298,nurs_md2u,1012,1,6961,3,38168.0,0,122
train_00298,nurs_qc,1012,1,6961,3,37995.0,0,122
train_00298,random-path,1012,1,6961,3,36478.0,0,122
train_00390,bfs,958,1,6942,2,36501.0,0,115
train_00390,default,958,1,6942,2,37511.0,0,115
train_00390,dfs,958,1,6942,2,35752.0,0,115
train_00390,nurs_covnew,958,1,6942,2,37903.0,0,115
train_00390,nurs_md2u,958,1,6942,1,37909.0,0,115
train_00390,nurs_qc,958,1,6942,2,37180.0,0,115
train_00390,random-path,958,1,6942,1,35328.0,0,115
train_00392,bfs,997,3,6970,19102,56468.0,0,119
train_00392,default,997,3,6970,20233,59053.0,0,119
train_00392,dfs,997,3,6970,18543,56052.0,0,119
train_00392,nurs_covnew,997,3,6970,24256,64094.0,0,119
train_00392,nurs_md2u,997,3,6970,20145,58931.0,0,119
train_00392,nurs_qc,997,3,6970,24897,63845.0,0,119
train_00392,random-path,997,3,6970,18992,55971.0,0,119
train_00395,bfs,970,1,6946,2,37484.0,0,115
train_00395,default,970,1,6946,1,38163.0,0,115
train_00395,dfs,970,1,6946,2,35841.0,0,115
train_00395,nurs_covnew,970,1,6946,2,37981.0,0,115
train_00395,nurs_md2u,970,1,6946,2,37587.0,0,115
train_00395,nurs_qc,970,1,6946,1,38539.0,0,115
train_00395,random-path,970,1,6946,1,36955.0,0,115
train_00399,bfs,963,1,6942,2,36082.0,0,117
train_00399,default,963,1,6942,1,37627.0,0,117
train_00399,dfs,963,1,6942,2,36877.0,0,117
train_00399,nurs_covnew,963,1,6942,2,45297.0,0,117
train_00399,nurs_md2u,963,1,6942,2,38026.0,0,117
train_00399,nurs_qc,963,1,6942,1,38029.0,0,117
train_00399,random-path,963,1,6942,2,36113.0,0,117
train_00408,bfs,1038,5,12611,32073,5533006.0,0,130
train_00408,default,1031,118,7807,12695308,13073835.0,0,130
train_00408,dfs,1011,110,7443,10381498,10669821.0,0,130
train_00408,nurs_covnew,1023,115,7779,12118756,12445771.0,0,130
train_00408,nurs_md2u,1023,115,7778,12849102,13167572.0,0,130
train_00408,nurs_qc,1014,113,7557,11605160,11962754.0,0,130
train_00408,random-path,1031,145,9162,9741401,10183280.0,0,130
train_00412,bfs,933,1,506913,1,533356.0,0,119
train_00412,default,933,1,506913,3,581552.0,0,119
train_00412,dfs,933,1,506913,2,544659.0,0,119
train_00412,nurs_covnew,933,1,506913,2,566076.0,0,119
train_00412,nurs_md2u,933,1,506913,1,619164.0,0,119
train_00412,nurs_qc,933,1,506913,2,569221.0,0,119
train_00412,random-path,933,1,506913,2,542601.0,0,119
train_00493,bfs,1005,58,8692,11052405,11125557.0,0,118
train_00493,default,1005,38,8504,11515926,11590760.0,0,118
train_00493,dfs,1005,14,7487,12368362,12415050.0,0,118
train_00493,nurs_covnew,1005,43,8728,11744034,11819117.0,0,118
train_00493,nurs_md2u,1005,43,8728,11979219,12050230.0,0,118
train_00493,nurs_qc,1005,43,8579,10045408,10112838.0,0,118
train_00493,random-path,1005,38,8486,11463699,11531073.0,0,118
train_00495,bfs,1108,35,354351,5102553,10079796.0,0,123
train_00495,default,1108,85,32861,9373467,10140677.0,0,123
train_00495,dfs,1108,34,332638,5110589,10079883.0,0,123
train_00495,nurs_covnew,1094,88,22148,9541757,10146189.0,0,123
train_00495,nurs_md2u,1094,89,22276,9558518,10157981.0,0,123
train_00495,nurs_qc,1066,91,18643,9606469,10152109.0,0,123
train_00495,random-path,1108,42,293229,5788135,10088395.0,0,123
train_00497,bfs,997,1177,62055,8827746,10101223.0,0,117
train_00497,default,997,1148,60587,8777220,10135515.0,0,117
train_00497,dfs,993,656,37607,9227206,10138571.0,0,117
train_00497,nurs_covnew,997,1193,62683,8778080,10129267.0,0,117
train_00497,nurs_md2u,997,1171,61641,8858064,10157974.0,0,117
train_00497,nurs_qc,997,1166,61556,8851092,10084944.0,0,117
train_00497,random-path,997,1195,62844,8619400,10141497.0,0,117
train_00498,bfs,1068,3,7540313,10618,10036021.0,0,140
train_00498,default,1010,400,1301337,7416955,10810584.0,0,140
train_00498,dfs,1064,2,7721862,6553,10026795.0,0,140
train_00498,nurs_covnew,1006,410,1006342,7619718,10838872.0,0,140
train_00498,nurs_md2u,1006,416,1015348,7840688,10834454.0,0,140
train_00498,nurs_qc,1006,381,1650389,6835710,10706586.0,0,140
train_00498,random-path,1068,21,7845007,87820,10032864.0,0,140
train_00501,bfs,979,1,6949,2,39786.0,0,118
train_00501,default,979,1,6949,2,37440.0,0,118
train_00501,dfs,979,1,6949,2,35121.0,0,118
train_00501,nurs_covnew,979,1,6949,2,37584.0,0,118
train_00501,nurs_md2u,979,1,6949,2,37233.0,0,118
train_00501,nurs_qc,979,1,6949,3,38320.0,0,118
train_00501,random-path,979,1,6949,2,37113.0,0,118
train_00502,bfs,1088,3,7546,13199482,13245953.0,0,118
train_00502,default,1088,3,7549,13206350,13253553.0,0,118
train_00502,dfs,1088,3,7546,13216053,13258785.0,0,118
train_00502,nurs_covnew,1088,3,7551,13150801,13195406.0,0,118
train_00502,nurs_md2u,1088,3,7551,13390409,13436505.0,0,118
train_00502,nurs_qc,1088,3,7546,13181548,13226077.0,0,118
train_00502,random-path,1088,3,7546,13370355,13415566.0,0,118
train_00503,bfs,1041,28,8612,10670146,11057301.0,0,119
train_00503,default,1041,37,9335,11452837,11854584.0,0,119
train_00503,dfs,1041,140,35483,12111313,12624635.0,0,119
train_00503,nurs_covnew,1041,37,9338,11469198,11872443.0,0,119
train_00503,nurs_md2u,1041,37,9338,10506298,10906761.0,0,119
train_00503,nurs_qc,1041,37,9338,13772911,14189308.0,0,119
train_00503,random-path,1041,37,9335,10767299,11183323.0,0,119
train_00550,bfs,1572,119,6554358,612077,10033197.0,0,159
train_00550,default,1572,404,1644682,4382078,10830570.0,0,159
train_00550,dfs,1572,119,6600321,644833,10030990.0,0,159
train_00550,nurs_covnew,1529,455,1044882,5397771,11110686.0,0,159
train_00550,nurs_md2u,1529,452,1032104,5243696,11146326.0,0,159
train_00550,nurs_qc,1529,392,1493670,4087095,10921505.0,0,159
train_00550,random-path,1572,96,4752068,447517,10043892.0,0,159
train_00598,bfs,1042,875,19371,10887611,11395826.0,0,119
train_00598,default,1042,937,22104,9789756,10523434.0,0,119
train_00598,dfs,1038,162,9134,10139240,10473773.0,0,119
train_00598,nurs_covnew,1042,1626,31969,9754939,10876767.0,0,119
train_00598,nurs_md2u,1042,1555,30874,9775759,10781827.0,0,119
train_00598,nurs_qc,1042,1648,31808,9825282,10987832.0,0,119
train_00598,random-path,1042,991,23674,9879905,10571565.0,0,119
train_00610,bfs,1057,1,18031,3,48046.0,0,129
train_00610,default,1057,1,18031,2,50809.0,0,129
train_00610,dfs,1057,1,18031,1,47505.0,0,129
train_00610,nurs_covnew,1057,1,18031,1,49023.0,0,129
train_00610,nurs_md2u,1057,1,18031,2,56066.0,0,129
train_00610,nurs_qc,1057,1,18031,2,48858.0,0,129
train_00610,random-path,1057,1,18031,2,48571.0,0,129
train_00611,bfs,1045,127,154282,8887079,14487491.0,0,128
train_00611,default,1045,159,106069,8846874,14559018.0,0,128
train_00611,dfs,1045,126,152491,8968634,14598604.0,0,128
train_00611,nurs_covnew,1045,129,57638,8711842,14374777.0,0,128
train_00611,nurs_md2u,1045,150,73822,9039987,14682337.0,0,128
train_00611,nurs_qc,1045,125,122598,9005249,14599107.0,0,128
train_00611,random-path,1045,140,172217,8773198,14529601.0,0,128
train_00624,bfs,1001,15,7636,10779281,10827522.0,0,118
train_00624,default,1001,15,7598,10693026,10745337.0,0,118
train_00624,dfs,997,18,7137,10561306,10609332.0,0,118
train_00624,nurs_covnew,1001,15,7584,10742195,10793154.0,0,118
train_00624,nurs_md2u,1001,15,7584,10741639,10794682.0,0,118
train_00624,nurs_qc,1001,15,7535,10638193,10691403.0,0,118
train_00624,random-path,1001,15,7622,10801642,10851494.0,0,118
train_00702,bfs,949,2,6919,7418,47352.0,0,117
train_00702,default,949,2,6919,6693,48462.0,0,117
train_00702,dfs,949,2,6919,6946,47809.0,0,117
train_00702,nurs_covnew,949,2,6919,8175,49500.0,0,117
train_00702,nurs_md2u,949,2,6919,6314,47646.0,0,117
train_00702,nurs_qc,949,2,6919,7366,47977.0,0,117
train_00702,random-path,949,2,6919,5038,45353.0,0,117
train_00703,bfs,976,1,6951,2,37281.0,0,122
train_00703,default,976,1,6951,2,38824.0,0,122
train_00703,dfs,976,1,6951,2,36320.0,0,122
train_00703,nurs_covnew,976,1,6951,3,38226.0,0,122
train_00703,nurs_md2u,976,1,6951,3,38638.0,0,122
train_00703,nurs_qc,976,1,6951,2,37812.0,0,122
train_00703,random-path,976,1,6951,2,36394.0,0,122
train_00707,bfs,1035,496,103332,9527684,10128709.0,0,118
train_00707,default,1035,503,105043,9328817,10149639.0,0,118
train_00707,dfs,1035,516,108451,9485827,10114786.0,0,118
train_00707,nurs_covnew,1035,494,102892,9439073,10119908.0,0,118
train_00707,nurs_md2u,1035,506,105767,9405520,10092076.0,0,118
train_00707,nurs_qc,1035,497,103652,9479440,10131284.0,0,118
train_00707,random-path,1035,489,101697,9241107,10143961.0,0,118
train_00711,bfs,980,683,38882,9250069,10154845.0,0,116
train_00711,default,980,667,38087,9216075,10191837.0,0,116
train_00711,dfs,980,675,38544,9248395,10125466.0,0,116
train_00711,nurs_covnew,980,664,37931,9257960,10159603.0,0,116
train_00711,nurs_md2u,980,658,37620,9207478,10160186.0,0,116
train_00711,nurs_qc,980,660,37839,9218456,10123223.0,0,116
train_00711,random-path,980,664,37974,9122403,10117224.0,0,116
train_00715,bfs,1012,63,25360,9733292,10067551.0,0,124
train_00715,default,1012,76,18868,9755624,10121645.0,0,124
train_00715,dfs,1012,62,25050,9738573,10064500.0,0,124
train_00715,nurs_covnew,1012,72,15202,9770608,10131132.0,0,124
train_00715,nurs_md2u,1012,74,15865,9789770,10145218.0,0,124
train_00715,nurs_qc,1012,77,14288,9782487,10141554.0,0,124
train_00715,random-path,1012,61,22248,9732192,10079777.0,0,124
train_00719,bfs,992,1,9848646,3,10029737.0,0,137
train_00719,default,992,1,9379430,3,10031449.0,0,137
train_00719,dfs,992,1,9798907,12,10029545.0,0,137
train_00719,nurs_covnew,992,1,9354503,3,10030986.0,0,137
train_00719,nurs_md2u,992,1,9526648,4,10030356.0,0,137
train_00719,nurs_qc,992,1,9033773,3,10029491.0,0,137
train_00719,random-path,992,1,9857089,4,10027083.0,0,137
train_00727,bfs,1049,10,165565,10455341,10672301.0,0,126
train_00727,default,1010,33,95511,11206467,11411083.0,0,126
train_00727,dfs,1042,5,165592,10563234,10772292.0,0,126
train_00727,nurs_covnew,1010,35,95410,10312064,10483233.0,0,126
train_00727,nurs_md2u,1010,35,95410,10183649,10378485.0,0,126
train_00727,nurs_qc,1010,35,95470,10935952,11113990.0,0,126
train_00727,random-path,1010,29,95695,10135575,10321437.0,0,126
train_00815,bfs,963,1,6943,2,36481.0,0,116
train_00815,default,963,1,6943,2,38104.0,0,116
train_00815,dfs,963,1,6943,2,36080.0,0,116
train_00815,nurs_covnew,963,1,6943,1,38401.0,0,116
train_00815,nurs_md2u,963,1,6943,2,37889.0,0,116
train_00815,nurs_qc,963,1,6943,2,37843.0,0,116
train_00815,random-path,963,1,6943,1,35825.0,0,116
train_00914,bfs,945,2,6043895,3626298,10026949.0,0,117
train_00914,default,945,2,6020503,2852022,10028036.0,0,117
train_00914,dfs,939,2,7069299,2375749,10026863.0,0,117
train_00914,nurs_covnew,945,2,6022200,2855465,10028695.0,0,117
train_00914,nurs_md2u,945,2,5934728,2874965,10032502.0,0,117
train_00914,nurs_qc,945,2,6108571,2799699,10028220.0,0,117
train_00914,random-path,945,2,6386892,3016910,10027281.0,0,117
train_00915,bfs,994,3,6967,24745,61994.0,0,118
train_00915,default,994,3,6967,28383,68039.0,0,118
train_00915,dfs,994,3,6967,22699,59331.0,0,118
train_00915,nurs_covnew,994,3,6967,27629,66228.0,0,118
train_00915,nurs_md2u,994,3,6967,27414,65407.0,0,118
train_00915,nurs_qc,994,3,6967,23021,61348.0,0,118
train_00915,random-path,994,3,6967,21785,59856.0,0,118
train_00919,bfs,1054,7,7097,10541274,11054948.0,0,119
train_00919,default,1059,9,7179,10514314,11168445.0,0,119
train_00919,dfs,1052,6,7101,10267242,10895155.0,0,119
train_00919,nurs_covnew,1055,10,7191,10805278,11482115.0,0,119
train_00919,nurs_md2u,1055,10,7191,10877257,11543356.0,0,119
train_00919,nurs_qc,1054,9,7153,10809731,11548027.0,0,119
train_00919,random-path,1059,11,7310,11043700,11785134.0,0,119
train_01024,bfs,1020,1,84870,4,132153.0,0,124
train_01024,default,1020,1,84870,2,136013.0,0,124
train_01024,dfs,1020,1,84870,2,126585.0,0,124
train_01024,nurs_covnew,1020,1,84870,3,132590.0,0,124
train_01024,nurs_md2u,1020,1,84870,3,132284.0,0,124
train_01024,nurs_qc,1020,1,84870,3,131163.0,0,124
train_01024,random-path,1020,1,84870,3,126879.0,0,124
train_01025,bfs,1132,248,1121698,6276946,10100254.0,0,124
train_01025,default,1132,224,327306,7443622,10299270.0,0,124
train_01025,dfs,1132,252,1168449,6423535,10102600.0,0,124
train_01025,nurs_covnew,1132,203,200222,7948271,10274344.0,0,124
train_01025,nurs_md2u,1132,222,236957,7795618,10353497.0,0,124
train_01025,nurs_qc,1132,199,479866,7400297,10211861.0,0,124
train_01025,random-path,1132,224,863179,5484979,10097651.0,0,124
train_01027,bfs,932,1,9973044,2,10154372.0,0,127
train_01027,default,932,1,9156314,2,10152967.0,0,127
train_01027,dfs,932,1,9585635,3,10153323.0,0,127
train_01027,nurs_covnew,932,1,9231507,2,10153249.0,0,127
train_01027,nurs_md2u,932,1,9604476,2,10185212.0,0,127
train_01027,nurs_qc,932,1,9666138,3,10158520.0,0,127
train_01027,random-path,932,1,9862068,2,10151875.0,0,127
train_01033,bfs,993,2,7589863,1179348,10026976.0,0,143
train_01033,default,993,2,7351508,1144284,10028517.0,0,143
train_01033,dfs,950,2,7886121,1224742,10028477.0,0,143
train_01033,nurs_covnew,993,2,7194652,1128844,10028639.0,0,143
train_01033,nurs_md2u,993,2,7200518,1122244,10028655.0,0,143
train_01033,nurs_qc,993,2,7518870,1168095,10028986.0,0,143
train_01033,random-path,993,2,7787125,1211522,10027567.0,0,143
train_01035,bfs,1018,86,7557,3649045,3929834.0,0,118
train_01035,default,1018,86,7557,3718885,4002195.0,0,118
train_01035,dfs,1018,86,7557,3885836,4175285.0,0,118
train_01035,nurs_covnew,1018,86,7557,4138944,4421249.0,0,118
train_01035,nurs_md2u,1018,86,7557,3810411,4093336.0,0,118
train_01035,nurs_qc,1018,86,7557,3520048,3811970.0,0,118
train_01035,random-path,1018,86,7557,3919867,4217293.0,0,118
train_01040,bfs,1077,7,7458,710758,10584968.0,0,120
train_01040,default,1077,9,7440,806583,13161544.0,0,120
train_01040,dfs,1077,13,11466,3542438,10722946.0,0,120
train_01040,nurs_covnew,1074,9,7358,621893,12893304.0,0,120
train_01040,nurs_md2u,1074,9,7358,489538,12769438.0,0,120
train_01040,nurs_qc,1060,12,7364,619362,10360503.0,0,120
train_01040,random-path,1077,7,7342,515167,10203100.0,0,120
train_01041,bfs,1045,200,5530876,2355037,10057158.0,0,120
train_01041,default,1045,376,772109,10357505,13093414.0,0,120
train_01041,dfs,1045,186,5240277,2310329,10054520.0,0,120
train_01041,nurs_covnew,1045,408,519493,12560475,14632108.0,0,120
train_01041,nurs_md2u,1045,415,536427,12094785,14136804.0,0,120
train_01041,nurs_qc,1045,359,1219955,9791928,13296260.0,0,120
train_01041,random-path,1045,193,3662945,2329847,10115359.0,0,120
train_01122,bfs,1077,1,55943,2,112606.0,0,124
train_01122,default,1077,1,55943,2,113291.0,0,124
train_01122,dfs,1077,1,55943,2,105009.0,0,124
train_01122,nurs_covnew,1077,1,55943,2,115538.0,0,124
train_01122,nurs_md2u,1077,1,55943,2,112459.0,0,124
train_01122,nurs_qc,1077,1,55943,1,111418.0,0,124
train_01122,random-path,1077,1,55943,2,105180.0,0,124
train_01123,bfs,1121,510,96006,9583225,10272567.0,0,131
train_01123,default,1121,485,66075,9605819,10451139.0,0,131
train_01123,dfs,1121,559,138293,9439958,10125212.0,0,131
train_01123,nurs_covnew,1121,478,53378,9775017,10605964.0,0,131
train_01123,nurs_md2u,1121,487,54326,9706584,10584023.0,0,131
train_01123,nurs_qc,1121,398,30289,10018339,10782006.0,0,131
train_01123,random-path,1121,569,126275,9349961,10203263.0,0,131
train_01124,bfs,1044,18,8231,11016446,11091162.0,0,128
train_01124,default,1044,19,8322,10717133,10783188.0,0,128
train_01124,dfs,1042,16,8248,10738721,10799692.0,0,128
train_01124,nurs_covnew,1044,19,8271,10093651,10168635.0,0,128
train_01124,nurs_md2u,1044,19,8310,10965875,11032346.0,0,128
train_01124,nurs_qc,1044,18,8249,10808027,10873542.0,0,128
train_01124,random-path,1044,18,8317,10590387,10657910.0,0,128
train_01128,bfs,1009,1,7278,2,37865.0,0,120
train_01128,default,1009,1,7278,3,38892.0,0,120
train_01128,dfs,1009,1,7278,2,38284.0,0,120
train_01128,nurs_covnew,1009,1,7278,2,39036.0,0,120
train_01128,nurs_md2u,1009,1,7278,2,40340.0,0,120
train_01128,nurs_qc,1009,1,7278,2,38951.0,0,120
train_01128,random-path,1009,1,7278,2,37059.0,0,120
train_01129,bfs,1027,232,446029,7855202,10126699.0,0,123
train_01129,default,1027,172,145261,9820094,11471350.0,0,123
train_01129,dfs,1005,149,9164,16087422,17294486.0,0,123
train_01129,nurs_covnew,1027,161,107517,11266278,12807484.0,0,123
train_01129,nurs_md2u,1027,172,119896,11261567,12801282.0,0,123
train_01129,nurs_qc,1027,155,101507,11522568,12868940.0,0,123
train_01129,random-path,1027,210,345482,7692390,10177772.0,0,123
train_01143,bfs,990,31,9474,10431086,10499612.0,0,117
train_01143,default,990,31,9474,10472013,10538754.0,0,117
train_01143,dfs,946,31,8362,10690560,10751535.0,0,117
train_01143,nurs_covnew,990,31,9495,10688748,10753997.0,0,117
train_01143,nurs_md2u,990,31,9495,10502595,10565552.0,0,117
train_01143,nurs_qc,990,31,9474,10539739,10602353.0,0,117
train_01143,random-path,990,31,9467,10573807,10642007.0,0,117
train_01176,bfs,1011,56770,850428,4417294,10025480.0,0,119
train_01176,default,1011,40662,528712,8566176,28280750.0,0,119
train_01176,dfs,987,638,22530,10976839,12368385.0,0,119
train_01176,nurs_covnew,1011,44839,530704,9374950,30455486.0,0,119
train_01176,nurs_md2u,1011,42629,462094,3789021,10033621.0,0,119
train_01176,nurs_qc,1011,38949,461637,9124254,28835409.0,0,119
train_01176,random-path,1011,46635,583042,3631822,10037358.0,0,119
train_01178,bfs,972,1,6926,1,63002.0,0,124
train_01178,default,972,1,6926,2,64852.0,0,124
train_01178,dfs,972,1,6926,2,69912.0,0,124
train_01178,nurs_covnew,972,1,6926,1,64378.0,0,124
train_01178,nurs_md2u,972,1,6926,1,64783.0,0,124
train_01178,nurs_qc,972,1,6926,1,63904.0,0,124
train_01178,random-path,972,1,6926,2,63458.0,0,124
train_01226,bfs,963,1,6943,1,36188.0,0,115
train_01226,default,963,1,6943,1,38165.0,0,115
train_01226,dfs,963,1,6943,1,36451.0,0,115
train_01226,nurs_covnew,963,1,6943,2,37427.0,0,115
train_01226,nurs_md2u,963,1,6943,1,37338.0,0,115
train_01226,nurs_qc,963,1,6943,1,37786.0,0,115
train_01226,random-path,963,1,6943,1,35873.0,0,115
train_01228,bfs,963,1,6942,1,35791.0,0,115
train_01228,default,963,1,6942,2,47433.0,0,115
train_01228,dfs,963,1,6942,1,35696.0,0,115
train_01228,nurs_covnew,963,1,6942,1,37329.0,0,115
train_01228,nurs_md2u,963,1,6942,1,37071.0,0,115
train_01228,nurs_qc,963,1,6942,1,37513.0,0,115
train_01228,random-path,963,1,6942,1,36631.0,0,115
train_01230,bfs,999,81,10987,49763,97672.0,0,118
train_01230,default,999,81,10987,44089,95566.0,0,118
train_01230,dfs,999,81,10987,51359,103461.0,0,118
train_01230,nurs_covnew,999,81,10987,46484,96754.0,0,118
train_01230,nurs_md2u,999,81,10987,41191,91528.0,0,118
train_01230,nurs_qc,999,81,10987,34755,85066.0,0,118
train_01230,random-path,999,81,10987,53172,101353.0,0,118
train_01233,bfs,1087,78,3205369,5463794,10038189.0,0,128
train_01233,default,1087,360,682241,7972425,10772851.0,0,128
train_01233,dfs,1087,77,3211808,5465424,10037392.0,0,128
train_01233,nurs_covnew,1087,398,446464,8516872,10931825.0,0,128
train_01233,nurs_md2u,1087,381,412952,8564132,10880864.0,0,128
train_01233,nurs_qc,1087,316,742739,7978005,10751716.0,0,128
train_01233,random-path,1087,86,2728345,4676848,10041089.0,0,128
train_01235,bfs,981,15,7587,2061639,2103394.0,0,117
train_01235,default,981,15,7587,2115026,2159742.0,0,117
train_01235,dfs,981,15,7587,2057138,2098919.0,0,117
train_01235,nurs_covnew,981,15,7587,2063840,2107635.0,0,117
train_01235,nurs_md2u,981,15,7587,2107198,2152486.0,0,117
train_01235,nurs_qc,981,15,7587,2049345,2093254.0,0,117
train_01235,random-path,981,15,7587,2115829,2158239.0,0,117
train_01244,bfs,1001,22,10407,86373,134589.0,0,130
train_01244,default,1001,22,10407,74952,128255.0,0,130
train_01244,dfs,1001,22,10407,65576,124451.0,0,130
train_01244,nurs_covnew,1001,22,10407,79468,136462.0,0,130
train_01244,nurs_md2u,1001,22,10407,86807,140921.0,0,130
train_01244,nurs_qc,1001,22,10407,87568,141877.0,0,130
train_01244,random-path,1001,22,10407,77700,129815.0,0,130
train_01245,bfs,1115,87,5997955,395180,10078251.0,0,124
train_01245,default,1115,202,3432210,1566290,10231729.0,0,124
train_01245,dfs,1115,86,5949125,419380,10029671.0,0,124
train_01245,nurs_covnew,1115,202,3748093,1711658,10222445.0,0,124
train_01245,nurs_md2u,1115,202,3865316,1493012,10259919.0,0,124
train_01245,nurs_qc,1115,202,3964101,1558086,10207448.0,0,124
train_01245,random-path,1115,90,4391110,468767,10043090.0,0,124
train_01250,bfs,1046,82,11225,7713533,7963171.0,0,119
train_01250,default,1072,84,7653,14771482,14982191.0,0,119
train_01250,dfs,1042,83,7604,10664461,10837097.0,0,119
train_01250,nurs_covnew,1037,86,9223,6601681,6863516.0,0,119
train_01250,nurs_md2u,1037,86,9223,6712053,6955380.0,0,119
train_01250,nurs_qc,1047,88,9517,7992233,8228507.0,0,119
train_01250,random-path,1081,84,7511,14468551,14604953.0,0,119
train_01333,bfs,1008,3,7122,6353329,6390264.0,0,117
train_01333,default,1008,3,7122,6392246,6457211.0,0,117
train_01333,dfs,1008,3,7122,6377943,6415456.0,0,117
train_01333,nurs_covnew,1008,3,7122,6367689,6406777.0,0,117
train_01333,nurs_md2u,1008,3,7122,6375144,6476582.0,0,117
train_01333,nurs_qc,1008,3,7122,6370912,6465821.0,0,117
train_01333,random-path,1008,3,7122,6381223,6420481.0,0,117
train_01343,bfs,1075,2,12365,8529,51708.0,0,132
train_01343,default,1075,2,12365,8450,55300.0,0,132
train_01343,dfs,1075,2,12365,7986,51068.0,0,132
train_01343,nurs_covnew,1075,2,12365,10059,56078.0,0,132
train_01343,nurs_md2u,1075,2,12365,6482,52358.0,0,132
train_01343,nurs_qc,1075,2,12365,9579,55628.0,0,132
train_01343,random-path,1075,2,12365,9869,53549.0,0,132
train_01351,bfs,1037,558,45053,7845409,10213912.0,0,123
train_01351,default,1037,538,43653,7476848,10186314.0,0,123
train_01351,dfs,1037,547,44347,7698655,10114090.0,0,123
train_01351,nurs_covnew,1037,548,44351,7803582,10147875.0,0,123
train_01351,nurs_md2u,1037,550,44475,7834044,10138485.0,0,123
train_01351,nurs_qc,1037,548,44418,7474669,10146358.0,0,123
train_01351,random-path,1037,519,42430,7660010,10200142.0,0,123
train_01356,bfs,965,1,6943,1,36331.0,0,117
train_01356,default,965,1,6943,1,37849.0,0,117
train_01356,dfs,965,1,6943,1,59295.0,0,117
train_01356,nurs_covnew,965,1,6943,1,38143.0,0,117
train_01356,nurs_md2u,965,1,6943,2,37945.0,0,117
train_01356,nurs_qc,965,1,6943,2,37297.0,0,117
train_01356,random-path,965,1,6943,1,36478.0,0,117
train_01385,bfs,957,2,10171152,9820,10060510.0,0,119
train_01385,default,1001,2,9339141,9019,10040380.0,0,119
train_01385,dfs,1001,2,9941356,11579,10078232.0,0,119
train_01385,nurs_covnew,1001,2,9515926,10287,10039020.0,0,119
train_01385,nurs_md2u,1001,2,9523610,9593,10040405.0,0,119
train_01385,nurs_qc,1001,2,9650489,10354,10039482.0,0,119
train_01385,random-path,1001,2,10037702,10583,10037648.0,0,119
train_01436,bfs,994,1,6952,2,37441.0,0,120
train_01436,default,994,1,6952,3,38332.0,0,120
train_01436,dfs,994,1,6952,3,66985.0,0,120
train_01436,nurs_covnew,994,1,6952,2,38681.0,0,120
train_01436,nurs_md2u,994,1,6952,2,38696.0,0,120
train_01436,nurs_qc,994,1,6952,2,38230.0,0,120
train_01436,random-path,994,1,6952,3,36832.0,0,120
train_01440,bfs,996,1,6956,1,35812.0,0,118
train_01440,default,996,1,6956,1,37776.0,0,118
train_01440,dfs,996,1,6956,2,64909.0,0,118
train_01440,nurs_covnew,996,1,6956,2,37476.0,0,118
train_01440,nurs_md2u,996,1,6956,2,71465.0,0,118
train_01440,nurs_qc,996,1,6956,2,36504.0,0,118
train_01440,random-path,996,1,6956,2,35265.0,0,118
train_01443,bfs,1004,1,606957,91,677337.0,0,123
train_01443,default,1004,1,606957,290,710026.0,0,123
train_01443,dfs,1004,1,606957,94,658485.0,0,123
train_01443,nurs_covnew,1004,1,606957,89,722616.0,0,123
train_01443,nurs_md2u,1004,1,606957,286,691731.0,0,123
train_01443,nurs_qc,1004,1,606957,282,691249.0,0,123
train_01443,random-path,1004,1,606957,125,642385.0,0,123
train_01444,bfs,1073,39,21197,9837032,10104282.0,0,126
train_01444,default,1073,51,19431,9829297,10189492.0,0,126
train_01444,dfs,1069,28,20713,9808698,10077772.0,0,126
train_01444,nurs_covnew,1073,55,17403,10202499,10426151.0,0,126
train_01444,nurs_md2u,1073,53,16747,9844072,10178142.0,0,126
train_01444,nurs_qc,1073,54,16512,10113348,10327857.0,0,126
train_01444,random-path,1073,42,21550,9721382,10073306.0,0,126
train_01445,bfs,987,1,6006959,2,6247271.0,0,128
train_01445,default,987,1,6006959,3,6541785.0,0,128
train_01445,dfs,987,1,6006959,3,6252019.0,0,128
train_01445,nurs_covnew,987,1,6006959,3,6538920.0,0,128
train_01445,nurs_md2u,987,1,6006959,2,6864368.0,0,128
train_01445,nurs_qc,987,1,6006959,3,6633121.0,0,128
train_01445,random-path,987,1,6006959,3,6427056.0,0,128
train_01449,bfs,1013,3,8261080,2088712,10027453.0,0,124
train_01449,default,1013,3,7918215,2003939,10029811.0,0,124
train_01449,dfs,966,3,8273752,2099737,10046854.0,0,124
train_01449,nurs_covnew,1013,3,7763442,1967138,10029003.0,0,124
train_01449,nurs_md2u,1013,3,7960524,2046665,10028929.0,0,124
train_01449,nurs_qc,1013,3,8107846,2088462,10028730.0,0,124
train_01449,random-path,1013,3,8408650,2129383,10027585.0,0,124
train_01456,bfs,989,1,6957,23,501128.0,0,123
train_01456,default,989,1,6957,26,465865.0,0,123
train_01456,dfs,989,1,6957,23,459794.0,0,123
train_01456,nurs_covnew,989,1,6957,26,463513.0,0,123
train_01456,nurs_md2u,989,1,6957,26,469465.0,0,123
train_01456,nurs_qc,989,1,6957,26,466285.0,0,123
train_01456,random-path,989,1,6957,23,466058.0,0,123
train_01461,bfs,1059,12,7754,8927697,8974358.0,0,117
train_01461,default,1059,12,7754,8880169,8926345.0,0,117
train_01461,dfs,1059,12,7754,8858698,8901246.0,0,117
train_01461,nurs_covnew,1059,12,7754,8807268,8852854.0,0,117
train_01461,nurs_md2u,1059,12,7754,8867214,8914854.0,0,117
train_01461,nurs_qc,1059,12,7754,8858261,8903201.0,0,117
train_01461,random-path,1059,12,7754,8848121,8893446.0,0,117
train_01552,bfs,989,4,5466447,3158284,10028681.0,0,121
train_01552,default,989,395,1379384,7493856,10902942.0,0,121
train_01552,dfs,935,3,5524442,3190237,10029410.0,0,121
train_01552,nurs_covnew,989,426,819909,8512346,10938620.0,0,121
train_01552,nurs_md2u,989,421,803652,8449827,10925536.0,0,121
train_01552,nurs_qc,989,361,1044291,8220560,10717989.0,0,121
train_01552,random-path,989,21,5608741,2822625,10039232.0,0,121
train_01646,bfs,1026,555,26815,8235407,10148141.0,0,119
train_01646,default,1026,554,26788,7863168,10120873.0,0,119
train_01646,dfs,1026,558,26932,8229770,10092001.0,0,119
train_01646,nurs_covnew,1026,555,26824,8149327,10082695.0,0,119
train_01646,nurs_md2u,1026,542,26356,8068167,10141733.0,0,119
train_01646,nurs_qc,1026,546,26500,8003944,10092467.0,0,119
train_01646,random-path,1026,549,26608,8081161,10096329.0,0,119
train_01649,bfs,1049,355,29917,10128784,10458047.0,0,120
train_01649,default,1049,383,36368,10020472,10465254.0,0,120
train_01649,dfs,1049,329,33265,9854331,10196668.0,0,120
train_01649,nurs_covnew,1049,427,52014,9789849,10451165.0,0,120
train_01649,nurs_md2u,1049,427,52014,9763975,10400809.0,0,120
train_01649,nurs_qc,1049,465,66739,9629198,10415950.0,0,120
train_01649,random-path,1049,351,31713,10002839,10350967.0,0,120
train_01650,bfs,965,1,6943,2,36709.0,0,115
train_01650,default,965,1,6943,2,38263.0,0,115
train_01650,dfs,965,1,6943,3,37100.0,0,115
train_01650,nurs_covnew,965,1,6943,1,37844.0,0,115
train_01650,nurs_md2u,965,1,6943,2,37017.0,0,115
train_01650,nurs_qc,965,1,6943,2,40118.0,0,115
train_01650,random-path,965,1,6943,1,35793.0,0,115
train_01656,bfs,1032,1,26388,3,56607.0,0,125
train_01656,default,1032,1,26388,2,59206.0,0,125
train_01656,dfs,1032,1,26388,2,55741.0,0,125
train_01656,nurs_covnew,1032,1,26388,1,60332.0,0,125
train_01656,nurs_md2u,1032,1,26388,1,58169.0,0,125
train_01656,nurs_qc,1032,1,26388,3,57863.0,0,125
train_01656,random-path,1032,1,26388,2,57217.0,0,125
train_01667,bfs,978,19,7621,10232498,10292862.0,0,116
train_01667,default,978,19,7584,9982092,10030721.0,0,116
train_01667,dfs,978,19,7658,10088380,10138735.0,0,116
train_01667,nurs_covnew,978,19,7551,10107061,10160458.0,0,116
train_01667,nurs_md2u,978,19,7551,10069685,10119505.0,0,116
train_01667,nurs_qc,978,19,7658,10054394,10106232.0,0,116
train_01667,random-path,978,19,7595,10083997,10134078.0,0,116
train_01668,bfs,963,1,6942,1,35666.0,0,117
train_01668,default,963,1,6942,1,37171.0,0,117
train_01668,dfs,963,1,6942,1,36293.0,0,117
train_01668,nurs_covnew,963,1,6942,1,38018.0,0,117
train_01668,nurs_md2u,963,1,6942,1,41823.0,0,117
train_01668,nurs_qc,963,1,6942,2,46781.0,0,117
train_01668,random-path,963,1,6942,1,36842.0,0,117
train_01669,bfs,993,4,5290318,3113874,10027524.0,0,118
train_01669,default,993,391,1347408,7525361,10755185.0,0,118
train_01669,dfs,983,3,5402523,3164177,10026750.0,0,118
train_01669,nurs_covnew,993,422,807395,8488423,11060893.0,0,118
train_01669,nurs_md2u,993,424,815350,8430472,10855353.0,0,118
train_01669,nurs_qc,993,350,1005573,8143617,10692500.0,0,118
train_01669,random-path,993,21,5475623,2871827,10030110.0,0,118
train_01697,bfs,1021,638,45674,9013068,10214850.0,0,120
train_01697,default,1021,628,45117,8813955,10145139.0,0,120
train_01697,dfs,1021,651,46504,8968817,10121507.0,0,120
train_01697,nurs_covnew,1021,642,45932,8972135,10139405.0,0,120
train_01697,nurs_md2u,1021,646,46182,9024983,10136886.0,0,120
train_01697,nurs_qc,1021,646,46199,8975675,10124847.0,0,120
train_01697,random-path,1021,630,45200,8762872,10168822.0,0,120
train_01748,bfs,965,1,6943,1,36231.0,0,115
train_01748,default,965,1,6943,1,37336.0,0,115
train_01748,dfs,965,1,6943,1,36923.0,0,115
train_01748,nurs_covnew,965,1,6943,2,38370.0,0,115
train_01748,nurs_md2u,965,1,6943,1,37308.0,0,115
train_01748,nurs_qc,965,1,6943,1,37596.0,0,115
train_01748,random-path,965,1,6943,1,36492.0,0,115
train_01752,bfs,958,1,6942,1,35840.0,0,115
train_01752,default,958,1,6942,1,38137.0,0,115
train_01752,dfs,958,1,6942,2,59437.0,0,115
train_01752,nurs_covnew,958,1,6942,2,37652.0,0,115
train_01752,nurs_md2u,958,1,6942,2,37656.0,0,115
train_01752,nurs_qc,958,1,6942,1,37468.0,0,115
train_01752,random-path,958,1,6942,1,35335.0,0,115
train_01753,bfs,968,2,6987,6807,43560.0,0,119
train_01753,default,968,2,6987,6286,48304.0,0,119
train_01753,dfs,968,2,6987,6348,42244.0,0,119
train_01753,nurs_covnew,968,2,6987,8323,46527.0,0,119
train_01753,nurs_md2u,968,2,6987,8727,47298.0,0,119
train_01753,nurs_qc,968,2,6987,8585,55651.0,0,119
train_01753,random-path,968,2,6987,7082,43821.0,0,119
train_01758,bfs,980,4,6181407,2790828,10027415.0,0,120
train_01758,default,1021,282,12008,10194579,10358322.0,0,120
train_01758,dfs,933,3,6396253,2874532,10027681.0,0,120
train_01758,nurs_covnew,1021,284,10140,10153919,10349616.0,0,120
train_01758,nurs_md2u,1021,284,10140,10179694,10351120.0,0,120
train_01758,nurs_qc,1021,260,9610,10181292,10355310.0,0,120
train_01758,random-path,1021,280,16048,10104303,10322672.0,0,120
train_01760,bfs,990,2,7005,14717,51925.0,0,117
train_01760,default,990,2,7005,9060,47165.0,0,117
train_01760,dfs,990,2,7005,11637,48117.0,0,117
train_01760,nurs_covnew,990,2,7005,9585,47889.0,0,117
train_01760,nurs_md2u,990,2,7005,12325,50867.0,0,117
train_01760,nurs_qc,990,2,7005,9017,46642.0,0,117
train_01760,random-path,990,2,7005,13256,50091.0,0,117
train_01763,bfs,976,625,33663,8961191,10152475.0,0,116
train_01763,default,976,626,33639,8934184,10183099.0,0,116
train_01763,dfs,976,622,33571,8971913,10133184.0,0,116
train_01763,nurs_covnew,976,625,33516,8916534,10128402.0,0,116
train_01763,nurs_md2u,976,625,33516,8976877,10180921.0,0,116
train_01763,nurs_qc,976,630,33899,8914936,10123552.0,0,116
train_01763,random-path,976,620,33419,8836173,10109880.0,0,116
train_01769,bfs,997,3,8777,24542,63974.0,0,121
train_01769,default,997,3,8777,25025,67410.0,0,121
train_01769,dfs,997,3,8777,24379,63584.0,0,121
train_01769,nurs_covnew,997,3,8777,24665,64589.0,0,121
train_01769,nurs_md2u,997,3,8777,21477,62083.0,0,121
train_01769,nurs_qc,997,3,8777,22968,63274.0,0,121
train_01769,random-path,997,3,8777,24505,63392.0,0,121
train_01770,bfs,973,1,6945,1,36355.0,0,115
train_01770,default,973,1,6945,1,38478.0,0,115
train_01770,dfs,973,1,6945,1,37437.0,0,115
train_01770,nurs_covnew,973,1,6945,1,73202.0,0,115
train_01770,nurs_md2u,973,1,6945,2,70934.0,0,115
train_01770,nurs_qc,973,1,6945,1,37323.0,0,115
train_01770,random-path,973,1,6945,1,36357.0,0,115
train_01801,bfs,1251,67,9477,10904624,11025419.0,0,144
train_01801,default,1252,63,8792,11137378,11272558.0,0,144
train_01801,dfs,1260,17,8042,10847121,10936831.0,0,144
train_01801,nurs_covnew,1179,62,8382,10858690,10951173.0,0,144
train_01801,nurs_md2u,1179,62,8382,10807572,10893979.0,0,144
train_01801,nurs_qc,1196,86,8962,11886839,12009561.0,0,144
train_01801,random-path,1267,53,8831,10743255,10818532.0,0,144
train_01802,bfs,1006,640,42602,8900670,10115084.0,0,122
train_01802,default,1006,637,42437,8800695,10146155.0,0,122
train_01802,dfs,1006,631,42135,8814765,10103336.0,0,122
train_01802,nurs_covnew,1006,631,42094,8825673,10112259.0,0,122
train_01802,nurs_md2u,1006,629,41989,8872102,10136791.0,0,122
train_01802,nurs_qc,1006,638,42527,8869934,10101758.0,0,122
train_01802,random-path,1006,622,41595,8782851,10141038.0,0,122
train_01861,bfs,969,1,1399159,3688,10028177.0,0,116
train_01861,default,969,1,1405483,3358,10028397.0,0,116
train_01861,dfs,969,1,1372321,4243,10033885.0,0,116
train_01861,nurs_covnew,969,1,1347187,3688,10028360.0,0,116
train_01861,nurs_md2u,969,1,1412753,3598,10028404.0,0,116
train_01861,nurs_qc,969,1,1318823,3579,10028413.0,0,116
train_01861,random-path,969,1,1342716,3684,10027051.0,0,116
train_01869,bfs,971,443,24991,9562752,10129240.0,0,121
train_01869,default,971,456,25326,9518476,10137457.0,0,121
train_01869,dfs,971,438,24823,9561790,10145537.0,0,121
train_01869,nurs_covnew,971,453,25203,9635004,10213922.0,0,121
train_01869,nurs_md2u,971,451,25109,9626109,10231065.0,0,121
train_01869,nurs_qc,971,445,25044,9626035,10250536.0,0,121
train_01869,random-path,971,452,25267,9517895,10146581.0,0,121
train_01877,bfs,1001,1,6955,2,37328.0,0,131
train_01877,default,1001,1,6955,2,38403.0,0,131
train_01877,dfs,1001,1,6955,2,37271.0,0,131
train_01877,nurs_covnew,1001,1,6955,2,38866.0,0,131
train_01877,nurs_md2u,1001,1,6955,2,39375.0,0,131
train_01877,nurs_qc,1001,1,6955,2,38777.0,0,131
train_01877,random-path,1001,1,6955,2,37668.0,0,131
train_01908,bfs,1044,4,6999,695301,733945.0,0,127
train_01908,default,1044,4,6999,672965,713156.0,0,127
train_01908,dfs,1044,4,6999,678967,716180.0,0,127
train_01908,nurs_covnew,1044,4,6999,648597,688667.0,0,127
train_01908,nurs_md2u,1044,4,6999,671544,775423.0,0,127
train_01908,nurs_qc,1044,4,6999,628251,700323.0,0,127
train_01908,random-path,1044,4,6999,688867,726666.0,0,127
train_01955,bfs,1041,3,7764679,13877,10044945.0,0,128
train_01955,default,1062,288,787349,7640117,10564370.0,0,128
train_01955,dfs,1019,2,7862824,8764,10045288.0,0,128
train_01955,nurs_covnew,1030,310,436600,8203310,10566164.0,0,128
train_01955,nurs_md2u,1030,302,416243,8294856,10596173.0,0,128
train_01955,nurs_qc,1030,259,785316,7504223,10428592.0,0,128
train_01955,random-path,1062,20,7258914,122832,10063311.0,0,128
train_01956,bfs,990,2,6994,16847,52808.0,0,117
train_01956,default,990,2,6994,17116,56743.0,0,117
train_01956,dfs,990,2,6994,17250,54277.0,0,117
train_01956,nurs_covnew,990,2,6994,17275,67604.0,0,117
train_01956,nurs_md2u,990,2,6994,17188,55730.0,0,117
train_01956,nurs_qc,990,2,6994,16657,54418.0,0,117
train_01956,random-path,990,2,6994,19802,56355.0,0,117
train_01957,bfs,928,1,57910,1,88270.0,0,116
train_01957,default,928,1,57910,2,93875.0,0,116
train_01957,dfs,928,1,57910,2,86656.0,0,116
train_01957,nurs_covnew,928,1,57910,2,91151.0,0,116
train_01957,nurs_md2u,928,1,57910,2,110874.0,0,116
train_01957,nurs_qc,928,1,57910,1,90666.0,0,116
train_01957,random-path,928,1,57910,2,87979.0,0,116
train_01959,bfs,951,2,6437397,1184271,10027270.0,0,118
train_01959,default,966,7,7203,13338362,13411890.0,0,118
train_01959,dfs,959,9,7005,13925491,13968449.0,0,118
train_01959,nurs_covnew,966,6,7118,14257815,14303495.0,0,118
train_01959,nurs_md2u,966,6,7118,14230643,14272977.0,0,118
train_01959,nurs_qc,966,7,7112,13393241,13464510.0,0,118
train_01959,random-path,966,6,7377,14235621,14277179.0,0,118
train_01967,bfs,1006,4,7537976,1707775,10032887.0,0,120
train_01967,default,1006,402,1445596,8984825,11976684.0,0,120
train_01967,dfs,1006,3,7923594,1787464,10031624.0,0,120
train_01967,nurs_covnew,1006,442,889409,9862562,12046980.0,0,120
train_01967,nurs_md2u,1006,437,867047,9965292,12116783.0,0,120
train_01967,nurs_qc,1006,374,1903482,8087992,11759996.0,0,120
train_01967,random-path,1006,21,7470222,1837413,10101039.0,0,120
train_01980,bfs,991,1,7378,2,37542.0,0,116
train_01980,default,991,1,7378,1,38773.0,0,116
train_01980,dfs,991,1,7378,2,36761.0,0,116
train_01980,nurs_covnew,991,1,7378,2,38941.0,0,116
train_01980,nurs_md2u,991,1,7378,2,38544.0,0,116
train_01980,nurs_qc,991,1,7378,2,38939.0,0,116
train_01980,random-path,991,1,7378,1,37261.0,0,116
train_01981,bfs,969,1,6943,1,35382.0,0,115
train_01981,default,969,1,6943,1,37031.0,0,115
train_01981,dfs,969,1,6943,2,36263.0,0,115
train_01981,nurs_covnew,969,1,6943,2,38253.0,0,115
train_01981,nurs_md2u,969,1,6943,1,37175.0,0,115
train_01981,nurs_qc,969,1,6943,1,37859.0,0,115
train_01981,random-path,969,1,6943,1,35561.0,0,115
train_02059,bfs,984,2,6988,5870,43377.0,0,116
train_02059,default,984,2,6988,6484,44732.0,0,116
train_02059,dfs,984,2,6988,8529,45402.0,0,116
train_02059,nurs_covnew,984,2,6988,7891,45375.0,0,116
train_02059,nurs_md2u,984,2,6988,7698,45682.0,0,116
train_02059,nurs_qc,984,2,6988,6237,44510.0,0,116
train_02059,random-path,984,2,6988,7480,43447.0,0,116
train_02062,bfs,988,585,37186,9252106,10151366.0,0,119
train_02062,default,988,576,36661,9149332,10141782.0,0,119
train_02062,dfs,988,587,37333,9263992,10139601.0,0,119
train_02062,nurs_covnew,988,577,36710,9198167,10152418.0,0,119
train_02062,nurs_md2u,988,588,37229,9248175,10188730.0,0,119
train_02062,nurs_qc,988,582,37065,9258296,10145019.0,0,119
train_02062,random-path,988,592,37537,9183593,10198230.0,0,119
train_02063,bfs,1106,1,7065,601,75397.0,0,124
train_02063,default,1106,1,7065,607,77257.0,0,124
train_02063,dfs,1106,1,7065,605,75871.0,0,124
train_02063,nurs_covnew,1106,1,7065,605,77718.0,0,124
train_02063,nurs_md2u,1106,1,7065,605,77772.0,0,124
train_02063,nurs_qc,1106,1,7065,596,77660.0,0,124
train_02063,random-path,1106,1,7065,616,76520.0,0,124
train_02065,bfs,1025,609,18127,10834251,11101482.0,0,118
train_02065,default,1025,926,23502,10605498,11040308.0,0,118
train_02065,dfs,1025,421,18088,10542005,11630361.0,0,118
train_02065,nurs_covnew,1025,1012,24357,11273815,11704559.0,0,118
train_02065,nurs_md2u,1025,1012,24357,11307533,11740639.0,0,118
train_02065,nurs_qc,1025,763,20047,10387291,10704539.0,0,118
train_02065,random-path,1025,748,20458,10313170,10690404.0,0,118
train_02069,bfs,1071,4,6511088,1330672,10027337.0,0,136
train_02069,default,1180,104,1007983,2408479,10536459.0,0,136
train_02069,dfs,1000,3,6707403,1367678,10027950.0,0,136
train_02069,nurs_covnew,1180,104,614581,2448306,10531923.0,0,136
train_02069,nurs_md2u,1180,104,604359,2437419,10537277.0,0,136
train_02069,nurs_qc,1180,104,595853,2417256,10524945.0,0,136
train_02069,random-path,1180,19,4088682,938242,10044831.0,0,136
train_02071,bfs,981,1,6949,1,36307.0,0,118
train_02071,default,981,1,6949,2,37744.0,0,118
train_02071,dfs,981,1,6949,2,37020.0,0,118
train_02071,nurs_covnew,981,1,6949,1,37800.0,0,118
train_02071,nurs_md2u,981,1,6949,1,37958.0,0,118
train_02071,nurs_qc,981,1,6949,2,37665.0,0,118
train_02071,random-path,981,1,6949,2,37338.0,0,118
train_02163,bfs,1017,631,55927,8972152,10179375.0,0,117
train_02163,default,1017,622,55251,8803067,10133651.0,0,117
train_02163,dfs,1017,624,55429,8947953,10166654.0,0,117
train_02163,nurs_covnew,1017,622,55250,8941329,10139129.0,0,117
train_02163,nurs_md2u,1017,636,56341,8895117,10139606.0,0,117
train_02163,nurs_qc,1017,641,56755,9023633,10153560.0,0,117
train_02163,random-path,1017,626,55607,8732811,10130752.0,0,117
train_02166,bfs,963,1,6943,1,35559.0,0,115
train_02166,default,963,1,6943,2,38358.0,0,115
train_02166,dfs,963,1,6943,1,36007.0,0,115
train_02166,nurs_covnew,963,1,6943,1,38240.0,0,115
train_02166,nurs_md2u,963,1,6943,1,45517.0,0,115
train_02166,nurs_qc,963,1,6943,1,36698.0,0,115
train_02166,random-path,963,1,6943,2,35642.0,0,115
train_02167,bfs,981,2,6949,8490,44990.0,0,116
train_02167,default,981,2,6949,7319,52972.0,0,116
train_02167,dfs,981,2,6949,7046,43750.0,0,116
train_02167,nurs_covnew,981,2,6949,8578,46949.0,0,116
train_02167,nurs_md2u,981,2,6949,6580,44775.0,0,116
train_02167,nurs_qc,981,2,6949,7906,46712.0,0,116
train_02167,random-path,981,2,6949,8857,45642.0,0,116
train_02170,bfs,1002,36466,1141472,6944658,19132991.0,0,118
train_02170,default,1002,30702,822312,6699853,22009434.0,0,118
train_02170,dfs,1002,24254,1388996,4693765,10031274.0,0,118
train_02170,nurs_covnew,1002,36799,737547,8327666,26550279.0,0,118
train_02170,nurs_md2u,1002,36040,723938,8164291,26009907.0,0,118
train_02170,nurs_qc,1002,34720,693322,8233378,25791210.0,0,118
train_02170,random-path,1002,30406,825582,6726081,20682838.0,0,118
train_02171,bfs,983,1,6949,7101,45961.0,0,117
train_02171,default,983,1,6949,8697,62767.0,0,117
train_02171,dfs,983,1,6949,6476,41976.0,0,117
train_02171,nurs_covnew,983,1,6949,8398,47318.0,0,117
train_02171,nurs_md2u,983,1,6949,8705,46338.0,0,117
train_02171,nurs_qc,983,1,6949,7606,49110.0,0,117
train_02171,random-path,983,1,6949,7127,43840.0,0,117
train_02267,bfs,996,3,10280,661641,702457.0,0,118
train_02267,default,996,3,10280,679674,721649.0,0,118
train_02267,dfs,996,3,10280,748652,788707.0,0,118
train_02267,nurs_covnew,996,3,10280,668541,710927.0,0,118
train_02267,nurs_md2u,996,3,10280,634843,676679.0,0,118
train_02267,nurs_qc,996,3,10280,658710,699989.0,0,118
train_02267,random-path,996,3,10280,660568,700958.0,0,118
train_02270,bfs,925,1,6906,1,35855.0,0,115
train_02270,default,925,1,6906,1,38058.0,0,115
train_02270,dfs,925,1,6906,1,36056.0,0,115
train_02270,nurs_covnew,925,1,6906,1,37923.0,0,115
train_02270,nurs_md2u,925,1,6906,1,37600.0,0,115
train_02270,nurs_qc,925,1,6906,1,40605.0,0,115
train_02270,random-path,925,1,6906,1,35688.0,0,115
train_02273,bfs,1007,1,1606951,335,1807512.0,0,120
train_02273,default,1007,1,1606951,328,2034093.0,0,120
train_02273,dfs,1007,1,1606951,325,1811097.0,0,120
train_02273,nurs_covnew,1007,1,1606951,341,2042620.0,0,120
train_02273,nurs_md2u,1007,1,1606951,133,1866029.0,0,120
train_02273,nurs_qc,1007,1,1606951,339,1926684.0,0,120
train_02273,random-path,1007,1,1606951,140,1793074.0,0,120
train_02276,bfs,992,3,6965,23028,60338.0,0,118
train_02276,default,992,3,6965,23320,62132.0,0,118
train_02276,dfs,992,3,6965,26797,62946.0,0,118
train_02276,nurs_covnew,992,3,6965,27330,65401.0,0,118
train_02276,nurs_md2u,992,3,6965,20801,59294.0,0,118
train_02276,nurs_qc,992,3,6965,24622,62040.0,0,118
train_02276,random-path,992,3,6965,26501,62681.0,0,118
train_02281,bfs,957,1,10058321,3,10029089.0,0,121
train_02281,default,957,1,9306926,3,10028000.0,0,121
train_02281,dfs,957,1,9968768,3,10028362.0,0,121
train_02281,nurs_covnew,957,1,9389653,3,10052742.0,0,121
train_02281,nurs_md2u,957,1,9604605,4,10046863.0,0,121
train_02281,nurs_qc,957,1,9792993,3,10046075.0,0,121
train_02281,random-path,957,1,10087732,2,10027279.0,0,121
train_02292,bfs,0,0,0,0,1052.0,0,123
train_02292,default,0,0,0,0,1071.0,0,123
train_02292,dfs,0,0,0,0,1102.0,0,123
train_02292,nurs_covnew,0,0,0,0,1085.0,0,123
train_02292,nurs_md2u,0,0,0,0,1377.0,0,123
train_02292,nurs_qc,0,0,0,0,1062.0,0,123
train_02292,random-path,0,0,0,0,1103.0,0,123
train_02321,bfs,1033,4474,2182098,5502228,10380513.0,0,122
train_02321,default,1033,1108,96805,8370000,10194488.0,0,122
train_02321,dfs,1005,572,35935,9046860,10149810.0,0,122
train_02321,nurs_covnew,1033,1765,500828,7762429,10448963.0,0,122
train_02321,nurs_md2u,1033,1744,492188,7649080,10477561.0,0,122
train_02321,nurs_qc,1033,1767,633468,7314798,10793434.0,0,122
train_02321,random-path,1033,937,63106,8754422,10131808.0,0,122
train_02371,bfs,1096,624,47725,9723250,10426584.0,0,125
train_02371,default,1096,1141,34121,9708703,10696800.0,0,125
train_02371,dfs,1096,140,30766,9579558,10113160.0,0,125
train_02371,nurs_covnew,1096,1267,28383,9808988,10831339.0,0,125
train_02371,nurs_md2u,1096,1277,28511,9775356,10730316.0,0,125
train_02371,nurs_qc,1096,1240,27738,9787748,10824842.0,0,125
train_02371,random-path,1096,947,37448,9713574,10719397.0,0,125
train_02372,bfs,1059,134,2854426,5945590,10032478.0,0,125
train_02372,default,1059,356,1385767,6544651,10519270.0,0,125
train_02372,dfs,1059,133,2835438,5941551,10073235.0,0,125
train_02372,nurs_covnew,1059,400,1077409,7607155,10806017.0,0,125
train_02372,nurs_md2u,1059,403,1097416,7487188,10803200.0,0,125
train_02372,nurs_qc,1059,340,1334504,7183087,10521144.0,0,125
train_02372,random-path,1059,134,2342550,4915013,10082582.0,0,125
train_02373,bfs,987,7,25653,9877548,10042397.0,0,118
train_02373,default,987,65,24469,9687277,10053976.0,0,118
train_02373,dfs,985,6,24801,9861917,10041451.0,0,118
train_02373,nurs_covnew,987,97,23979,9505885,10092988.0,0,118
train_02373,nurs_md2u,987,97,24205,9592432,10104538.0,0,118
train_02373,nurs_qc,987,66,24628,9664090,10059180.0,0,118
train_02373,random-path,987,18,23859,9859811,10042640.0,0,118
train_02385,bfs,962,1,9547336,2,10027151.0,0,122
train_02385,default,962,1,8813247,2,10027486.0,0,122
train_02385,dfs,962,1,9527933,2,10045848.0,0,122
train_02385,nurs_covnew,962,1,9254376,2,10028844.0,0,122
train_02385,nurs_md2u,962,1,9130861,2,10027620.0,0,122
train_02385,nurs_qc,962,1,9282263,2,10028051.0,0,122
train_02385,random-path,962,1,9484025,2,10026809.0,0,122
train_02427,bfs,1034,19051,454580,9228778,16579097.0,0,118
train_02427,default,1034,16617,353113,8886460,17520808.0,0,118
train_02427,dfs,1022,181,10911,10805850,11168209.0,0,118
train_02427,nurs_covnew,1034,16501,332907,9132439,17894722.0,0,118
train_02427,nurs_md2u,1034,16862,340001,9201977,18016738.0,0,118
train_02427,nurs_qc,1034,7795,161180,9977426,14240687.0,0,118
train_02427,random-path,1034,16349,352749,8787299,16824404.0,0,118
train_02477,bfs,963,1,6942,1,36035.0,0,115
train_02477,default,963,1,6942,1,37808.0,0,115
train_02477,dfs,963,1,6942,1,36730.0,0,115
train_02477,nurs_covnew,963,1,6942,2,37845.0,0,115
train_02477,nurs_md2u,963,1,6942,3,37934.0,0,115
train_02477,nurs_qc,963,1,6942,1,54424.0,0,115
train_02477,random-path,963,1,6942,2,36194.0,0,115
train_02478,bfs,1269,11,8327,12890256,13072991.0,0,131
train_02478,default,1269,28,9110,13041258,13262301.0,0,131
train_02478,dfs,1269,8,7811,12807810,12938766.0,0,131
train_02478,nurs_covnew,1269,109,33362,9802255,10395848.0,0,131
train_02478,nurs_md2u,1269,109,33362,9839347,10417000.0,0,131
train_02478,nurs_qc,1269,148,49892,10778067,11398836.0,0,131
train_02478,random-path,1269,14,8187,12941569,13114344.0,0,131
train_02479,bfs,967,1,6942,1,37167.0,0,115
train_02479,default,967,1,6942,1,38550.0,0,115
train_02479,dfs,967,1,6942,1,36865.0,0,115
train_02479,nurs_covnew,967,1,6942,2,37412.0,0,115
train_02479,nurs_md2u,967,1,6942,1,37744.0,0,115
train_02479,nurs_qc,967,1,6942,1,37847.0,0,115
train_02479,random-path,967,1,6942,1,35699.0,0,115
train_02481,bfs,991,637,38577,8975265,10164503.0,0,117
train_02481,default,991,644,38934,8836057,10173692.0,0,117
train_02481,dfs,990,653,39414,8980324,10123484.0,0,117
train_02481,nurs_covnew,991,637,38566,8959160,10161794.0,0,117
train_02481,nurs_md2u,991,634,38441,9003438,10122175.0,0,117
train_02481,nurs_qc,991,635,38514,8900893,10156056.0,0,117
train_02481,random-path,991,643,38878,8849213,10148386.0,0,117
train_02483,bfs,998,1,7261,1,36282.0,0,118
train_02483,default,998,1,7261,1,38376.0,0,118
train_02483,dfs,998,1,7261,1,36628.0,0,118
train_02483,nurs_covnew,998,1,7261,1,37920.0,0,118
train_02483,nurs_md2u,998,1,7261,1,38265.0,0,118
train_02483,nurs_qc,998,1,7261,1,37815.0,0,118
train_02483,random-path,998,1,7261,1,37160.0,0,118
train_02579,bfs,1195,169,139298,12199901,12658133.0,0,128
train_02579,default,1195,81,138886,13067565,13422849.0,0,128
train_02579,dfs,1244,75,139099,11784080,12123851.0,0,128
train_02579,nurs_covnew,1155,92,139054,13905435,14264061.0,0,128
train_02579,nurs_md2u,1161,90,139136,14973225,15292672.0,0,128
train_02579,nurs_qc,1160,92,139149,14997007,15352599.0,0,128
train_02579,random-path,1195,83,138781,13390933,13709600.0,0,128
train_02580,bfs,974,2,6986,6744,43155.0,0,116
train_02580,default,974,2,6986,5473,43589.0,0,116
train_02580,dfs,974,2,6986,5926,42065.0,0,116
train_02580,nurs_covnew,974,2,6986,5702,44837.0,0,116
train_02580,nurs_md2u,974,2,6986,5416,43534.0,0,116
train_02580,nurs_qc,974,2,6986,7128,44585.0,0,116
train_02580,random-path,974,2,6986,5669,42291.0,0,116
train_02584,bfs,963,1,6942,1,35955.0,0,115
train_02584,default,963,1,6942,1,37968.0,0,115
train_02584,dfs,963,1,6942,1,35405.0,0,115
train_02584,nurs_covnew,963,1,6942,1,37625.0,0,115
train_02584,nurs_md2u,963,1,6942,1,37698.0,0,115
train_02584,nurs_qc,963,1,6942,1,38048.0,0,115
train_02584,random-path,963,1,6942,1,36370.0,0,115
train_02586,bfs,981,1,6950,42,38347.0,0,118
train_02586,default,981,1,6950,39,38945.0,0,118
train_02586,dfs,981,1,6950,38,38233.0,0,118
train_02586,nurs_covnew,981,1,6950,39,38961.0,0,118
train_02586,nurs_md2u,981,1,6950,49,53758.0,0,118
train_02586,nurs_qc,981,1,6950,40,40140.0,0,118
train_02586,random-path,981,1,6950,40,38179.0,0,118
train_02587,bfs,1007,54,617686,9069007,10045903.0,0,119
train_02587,default,1007,182,360345,8949750,10179537.0,0,119
train_02587,dfs,1007,53,611887,9053229,10040954.0,0,119
train_02587,nurs_covnew,1007,210,279189,9057871,10265690.0,0,119
train_02587,nurs_md2u,1007,216,297301,9079844,10283748.0,0,119
train_02587,nurs_qc,1007,187,326828,9037063,10199240.0,0,119
train_02587,random-path,1007,60,565727,8810439,10038458.0,0,119
train_02683,bfs,1015,537,37364,8933378,10171823.0,0,116
train_02683,default,1015,550,38099,9075021,10230689.0,0,116
train_02683,dfs,1015,550,38150,8934696,10181858.0,0,116
train_02683,nurs_covnew,1015,535,37241,8982431,10155882.0,0,116
train_02683,nurs_md2u,1015,531,36991,8979804,10158445.0,0,116
train_02683,nurs_qc,1015,549,38093,9039485,10156756.0,0,116
train_02683,random-path,1015,540,37518,8786706,10157883.0,0,116
train_02684,bfs,998,1,7002414,3,10035218.0,0,119
train_02684,default,998,1,6463217,4,10037633.0,0,119
train_02684,dfs,998,1,6957384,3,10036081.0,0,119
train_02684,nurs_covnew,998,1,6531660,3,10037295.0,0,119
train_02684,nurs_md2u,998,1,6663012,4,10037411.0,0,119
train_02684,nurs_qc,998,1,6548993,3,10038002.0,0,119
train_02684,random-path,998,1,6847249,3,10035554.0,0,119
train_02688,bfs,1061,10,7174,10844046,10888213.0,0,119
train_02688,default,1061,8,7141,14501073,14574355.0,0,119
train_02688,dfs,1061,7,7179,13741772,13784822.0,0,119
train_02688,nurs_covnew,1050,9,7117,15333736,15378780.0,0,119
train_02688,nurs_md2u,1050,9,7117,15358074,15403767.0,0,119
train_02688,nurs_qc,1040,9,7102,15350793,15397553.0,0,119
train_02688,random-path,1061,10,7151,10964730,11007752.0,0,119
train_02690,bfs,1019,553,18149,9942573,10341464.0,0,124
train_02690,default,1023,551,22031,9814229,10377127.0,0,124
train_02690,dfs,1004,122,9291,10633035,10979812.0,0,124
train_02690,nurs_covnew,1023,529,22339,9815960,10340324.0,0,124
train_02690,nurs_md2u,1023,554,23162,9902467,10450492.0,0,124
train_02690,nurs_qc,1023,535,22459,9828843,10425706.0,0,124
train_02690,random-path,1020,541,22012,9884828,10412560.0,0,124
train_02695,bfs,963,1,11541972,2,10027263.0,0,121
train_02695,default,963,1,10663595,3,10028986.0,0,121
train_02695,dfs,963,1,11513668,3,10026962.0,0,121
train_02695,nurs_covnew,963,1,10983831,3,10028260.0,0,121
train_02695,nurs_md2u,963,1,10539860,3,10028678.0,0,121
train_02695,nurs_qc,963,1,11130241,2,10028398.0,0,121
train_02695,random-path,963,1,11381846,2,10026735.0,0,121
train_02698,bfs,990,1,6952,2,36295.0,0,116
train_02698,default,990,1,6952,3,37937.0,0,116
train_02698,dfs,990,1,6952,2,36033.0,0,116
train_02698,nurs_covnew,990,1,6952,3,38049.0,0,116
train_02698,nurs_md2u,990,1,6952,2,37357.0,0,116
train_02698,nurs_qc,990,1,6952,2,38144.0,0,116
train_02698,random-path,990,1,6952,2,42725.0,0,116
train_02737,bfs,991,1,6756603,19,10339829.0,0,125
train_02737,default,991,1,6504029,19,10347097.0,0,125
train_02737,dfs,991,1,6762649,19,10340539.0,0,125
train_02737,nurs_covnew,991,1,6232816,20,10340349.0,0,125
train_02737,nurs_md2u,991,1,6624944,18,10370670.0,0,125
train_02737,nurs_qc,991,1,6809419,18,10341119.0,0,125
train_02737,random-path,991,1,7035558,18,10339846.0,0,125
train_02787,bfs,1165,934,6508592,624806,10069608.0,0,126
train_02787,default,1165,837,76233,8554922,10188300.0,0,126
train_02787,dfs,1063,657,29940,9072546,10147669.0,0,126
train_02787,nurs_covnew,1165,2232,986740,6204028,12200361.0,0,126
train_02787,nurs_md2u,1165,2256,1009681,6360422,12005936.0,0,126
train_02787,nurs_qc,1165,2850,1113516,5742970,12268908.0,0,126
train_02787,random-path,1165,704,48869,8857068,10175293.0,0,126
train_02788,bfs,1072,14,15139,9936013,10084468.0,0,132
train_02788,default,1072,14,14902,9989203,10134023.0,0,132
train_02788,dfs,1008,14,15399,9958458,10096461.0,0,132
train_02788,nurs_covnew,1072,14,15406,9952377,10097331.0,0,132
train_02788,nurs_md2u,1072,14,14770,9973540,10102939.0,0,132
train_02788,nurs_qc,1072,14,14770,9934824,10093510.0,0,132
train_02788,random-path,1072,14,14878,9952865,10099653.0,0,132
train_02792,bfs,986,1,6953,4139,42130.0,0,116
train_02792,default,986,1,6953,3712,43243.0,0,116
train_02792,dfs,986,1,6953,4263,41341.0,0,116
train_02792,nurs_covnew,986,1,6953,3567,42001.0,0,116
train_02792,nurs_md2u,986,1,6953,3743,41475.0,0,116
train_02792,nurs_qc,986,1,6953,3610,41067.0,0,116
train_02792,random-path,986,1,6953,3629,40559.0,0,116
train_02799,bfs,968,1,6945,2,35364.0,0,115
train_02799,default,968,1,6945,2,38083.0,0,115
train_02799,dfs,968,1,6945,2,35877.0,0,115
train_02799,nurs_covnew,968,1,6945,1,37773.0,0,115
train_02799,nurs_md2u,968,1,6945,3,37130.0,0,115
train_02799,nurs_qc,968,1,6945,2,37087.0,0,115
train_02799,random-path,968,1,6945,2,36014.0,0,115
train_02804,bfs,959,1,10058785,4,10026490.0,0,122
train_02804,default,959,1,9233513,4,10028528.0,0,122
train_02804,dfs,959,1,10093689,5,10027927.0,0,122
train_02804,nurs_covnew,959,1,9156677,4,10028539.0,0,122
train_02804,nurs_md2u,959,1,8866603,3,10028662.0,0,122
train_02804,nurs_qc,959,1,9579855,4,10028584.0,0,122
train_02804,random-path,959,1,10128485,3,10052837.0,0,122
train_02809,bfs,980,1,7415406,3923,10028266.0,0,119
train_02809,default,980,1,7053697,3321,10028820.0,0,119
train_02809,dfs,980,1,7341351,3229,10028615.0,0,119
train_02809,nurs_covnew,980,1,7105379,3244,10027932.0,0,119
train_02809,nurs_md2u,980,1,6529404,5103,10028755.0,0,119
train_02809,nurs_qc,980,1,7095466,3408,10029011.0,0,119
train_02809,random-path,980,1,7204023,3484,10030150.0,0,119
train_02810,bfs,942,1,7413,2,37246.0,0,117
train_02810,default,942,1,7413,2,37889.0,0,117
train_02810,dfs,942,1,7413,2,36944.0,0,117
train_02810,nurs_covnew,942,1,7413,1,38204.0,0,117
train_02810,nurs_md2u,942,1,7413,2,40955.0,0,117
train_02810,nurs_qc,942,1,7413,2,37958.0,0,117
train_02810,random-path,942,1,7413,2,36060.0,0,117
train_02812,bfs,982,1,6948,56,38030.0,0,120
train_02812,default,982,1,6948,55,84994.0,0,120
train_02812,dfs,982,1,6948,433,38848.0,0,120
train_02812,nurs_covnew,982,1,6948,261,39540.0,0,120
train_02812,nurs_md2u,982,1,6948,54,39887.0,0,120
train_02812,nurs_qc,982,1,6948,54,84199.0,0,120
train_02812,random-path,982,1,6948,404,38113.0,0,120
train_02891,bfs,1015,10,7088,12035515,12104356.0,0,121
train_02891,default,1011,9,7044,11863496,11946770.0,0,121
train_02891,dfs,1032,8,7183,11855184,11923449.0,0,121
train_02891,nurs_covnew,1004,8,7019,12150856,12248588.0,0,121
train_02891,nurs_md2u,1004,8,7019,12147845,12253403.0,0,121
train_02891,nurs_qc,1011,10,7069,12039049,12111306.0,0,121
train_02891,random-path,1032,10,7099,12131633,12262832.0,0,121
train_02892,bfs,1157,69,7415,16617272,17398680.0,0,180
train_02892,default,1099,69,7632,10012741,10214373.0,0,180
train_02892,dfs,1051,69,7325,14759803,14919215.0,0,180
train_02892,nurs_covnew,1045,67,7539,10387202,10554189.0,0,180
train_02892,nurs_md2u,1044,67,7518,10150726,10333391.0,0,180
train_02892,nurs_qc,1044,67,7544,11257775,11421973.0,0,180
train_02892,random-path,1250,71,7795,19065300,19869747.0,0,180
train_02900,bfs,1039,6,7195,200054,242028.0,0,121
train_02900,default,1039,6,7195,203768,276222.0,0,121
train_02900,dfs,1039,6,7195,200609,238819.0,0,121
train_02900,nurs_covnew,1039,6,7195,203532,243043.0,0,121
train_02900,nurs_md2u,1039,6,7195,200062,239587.0,0,121
train_02900,nurs_qc,1039,6,7195,194327,233376.0,0,121
train_02900,random-path,1039,6,7195,195744,234009.0,0,121
train_02901,bfs,1046,5,30439,9886848,10048253.0,0,125
train_02901,default,1046,110,89722,9486749,10096852.0,0,125
train_02901,dfs,1009,3,30163,9885406,10047410.0,0,125
train_02901,nurs_covnew,1046,388,646622,8431504,10658608.0,0,125
train_02901,nurs_md2u,1046,378,612997,8577808,10650804.0,0,125
train_02901,nurs_qc,1046,326,716862,8418096,10498546.0,0,125
train_02901,random-path,1046,28,61446,9741950,10050309.0,0,125
train_02902,bfs,999,4,5887105,2057014,10028115.0,0,121
train_02902,default,1018,23,8559,10610635,10682811.0,0,121
train_02902,dfs,995,3,6291310,2147096,10027101.0,0,121
train_02902,nurs_covnew,1018,26,8252,10436498,10500829.0,0,121
train_02902,nurs_md2u,1018,26,8252,10482015,10549660.0,0,121
train_02902,nurs_qc,1018,30,8057,10924870,11012648.0,0,121
train_02902,random-path,1018,15,8527,10445229,10506563.0,0,121
train_02904,bfs,996,5,7076,27121,64491.0,0,119
train_02904,default,996,5,7076,29573,69799.0,0,119
train_02904,dfs,996,5,7076,25605,63492.0,0,119
train_02904,nurs_covnew,996,5,7076,29762,69563.0,0,119
train_02904,nurs_md2u,996,5,7076,26747,66029.0,0,119
train_02904,nurs_qc,996,5,7076,26999,66139.0,0,119
train_02904,random-path,996,5,7076,23597,61734.0,0,119
train_02916,bfs,999,1,2906195,3,2845354.0,0,127
train_02916,default,999,1,2906195,2,3098511.0,0,127
train_02916,dfs,999,1,2906195,2,2952357.0,0,127
train_02916,nurs_covnew,999,1,2906195,2,3082216.0,0,127
train_02916,nurs_md2u,999,1,2906195,2,2998516.0,0,127
train_02916,nurs_qc,999,1,2906195,2,3027079.0,0,127
train_02916,random-path,999,1,2906195,3,2867226.0,0,127
train_02997,bfs,1057,180,8020112,1906460,10039461.0,0,118
train_02997,default,1057,161,8018750,1724633,10045692.0,0,118
train_02997,dfs,1057,185,8020514,2080831,10054008.0,0,118
train_02997,nurs_covnew,1057,182,8020295,1930852,10056963.0,0,118
train_02997,nurs_md2u,1057,179,8020076,1982338,10063995.0,0,118
train_02997,nurs_qc,1057,166,8019127,1841514,10050315.0,0,118
train_02997,random-path,1057,210,8022339,2167558,10069272.0,0,118
train_03001,bfs,0,0,0,0,1103.0,0,131
train_03001,default,0,0,0,0,1124.0,0,131
train_03001,dfs,0,0,0,0,1145.0,0,131
train_03001,nurs_covnew,0,0,0,0,1164.0,0,131
train_03001,nurs_md2u,0,0,0,0,1182.0,0,131
train_03001,nurs_qc,0,0,0,0,1176.0,0,131
train_03001,random-path,0,0,0,0,1142.0,0,131
train_03006,bfs,1122,554,66493,8393191,10152453.0,0,116
train_03006,default,1122,562,67394,8391582,10167467.0,0,116
train_03006,dfs,1122,558,66962,8508666,10134969.0,0,116
train_03006,nurs_covnew,1122,564,67610,8473588,10116990.0,0,116
train_03006,nurs_md2u,1122,564,67676,8448864,10104449.0,0,116
train_03006,nurs_qc,1122,552,66389,8450772,10108652.0,0,116
train_03006,random-path,1122,563,67502,8213004,10124017.0,0,116
train_03021,bfs,1122,118,14055,10780556,10931942.0,0,121
train_03021,default,1122,136,16794,9870372,10089739.0,0,121
train_03021,dfs,1122,22,8807,12010684,12072704.0,0,121
train_03021,nurs_covnew,1122,298,32940,10340984,10807407.0,0,121
train_03021,nurs_md2u,1122,298,32940,10468894,10956372.0,0,121
train_03021,nurs_qc,1122,258,31641,9859623,10270602.0,0,121
train_03021,random-path,1122,113,15594,10411665,10614051.0,0,121
train_03022,bfs,1011,1,6960,4129,46308.0,0,115
train_03022,default,1011,1,6960,3560,46198.0,0,115
train_03022,dfs,1011,1,6960,4242,48314.0,0,115
train_03022,nurs_covnew,1011,1,6960,3881,46751.0,0,115
train_03022,nurs_md2u,1011,1,6960,3392,46085.0,0,115
train_03022,nurs_qc,1011,1,6960,3588,47226.0,0,115
train_03022,random-path,1011,1,6960,3565,44216.0,0,115
train_03100,bfs,976,545,30223,9556446,10173621.0,0,116
train_03100,default,976,533,29676,9425310,10131300.0,0,116
train_03100,dfs,976,538,29959,9479343,10119660.0,0,116
train_03100,nurs_covnew,976,534,29659,9521651,10210117.0,0,116
train_03100,nurs_md2u,976,541,29940,9479297,10163700.0,0,116
train_03100,nurs_qc,976,548,30389,9456394,10142727.0,0,116
train_03100,random-path,976,530,29545,9474872,10197359.0,0,116
train_03105,bfs,995,649,39874,9306980,10163291.0,0,117
train_03105,default,995,643,39570,9174555,10147157.0,0,117
train_03105,dfs,995,660,40472,9232481,10126324.0,0,117
train_03105,nurs_covnew,995,653,40058,9261701,10125849.0,0,117
train_03105,nurs_md2u,995,651,39961,9265468,10127261.0,0,117
train_03105,nurs_qc,995,658,40370,9258704,10113735.0,0,117
train_03105,random-path,995,663,40582,9093405,10116947.0,0,117
train_03108,bfs,978,2,6988,5941,42275.0,0,116
train_03108,default,978,2,6988,8135,46955.0,0,116
train_03108,dfs,978,2,6988,5972,43825.0,0,116
train_03108,nurs_covnew,978,2,6988,6431,44529.0,0,116
train_03108,nurs_md2u,978,2,6988,8929,47423.0,0,116
train_03108,nurs_qc,978,2,6988,6474,44485.0,0,116
train_03108,random-path,978,2,6988,6132,43220.0,0,116
train_03112,bfs,959,9458,53606,12063661,15118346.0,0,126
train_03112,default,960,5842,41313,10865529,12592966.0,0,126
train_03112,dfs,1110,128,77260,10270620,10499157.0,0,126
train_03112,nurs_covnew,959,5696,46376,10731790,12503067.0,0,126
train_03112,nurs_md2u,959,5696,46376,10565283,12358673.0,0,126
train_03112,nurs_qc,959,6708,54254,10915948,13078923.0,0,126
train_03112,random-path,959,5029,32591,10792513,12187178.0,0,126
train_03113,bfs,1112,121,3118138,5026159,10037626.0,0,126
train_03113,default,1112,347,819229,7579617,10851616.0,0,126
train_03113,dfs,1112,119,3058866,5103332,10031154.0,0,126
train_03113,nurs_covnew,1112,364,511013,8107645,10785630.0,0,126
train_03113,nurs_md2u,1112,363,507042,8058035,10782430.0,0,126
train_03113,nurs_qc,1112,312,663237,7716195,10586856.0,0,126
train_03113,random-path,1112,117,2453367,4101814,10054241.0,0,126
train_03126,bfs,995,3,6969,28018,67757.0,0,117
train_03126,default,995,3,6969,33949,74398.0,0,117
train_03126,dfs,995,3,6969,27322,74109.0,0,117
train_03126,nurs_covnew,995,3,6969,22844,62807.0,0,117
train_03126,nurs_md2u,995,3,6969,26656,65483.0,0,117
train_03126,nurs_qc,995,3,6969,26161,64925.0,0,117
train_03126,random-path,995,3,6969,27361,65640.0,0,117
train_03157,bfs,1073,1105,30483,10212745,10672531.0,0,123
train_03157,default,1073,1435,34574,10381060,11315323.0,0,123
train_03157,dfs,1013,736,29665,11310100,13995712.0,0,123
train_03157,nurs_covnew,1073,600,18441,10949610,11420743.0,0,123
train_03157,nurs_md2u,1073,593,18337,10967853,11403361.0,0,123
train_03157,nurs_qc,1073,615,18892,10768691,11218263.0,0,123
train_03157,random-path,1073,1849,43232,10154368,11282545.0,0,123
train_03205,bfs,1004,377,727465,8764922,10042912.0,0,121
train_03205,default,1004,478,470056,8432588,10820983.0,0,121
train_03205,dfs,1004,377,727871,8763034,10058718.0,0,121
train_03205,nurs_covnew,1004,516,426565,8918774,11022264.0,0,121
train_03205,nurs_md2u,1004,514,422413,8960973,11043129.0,0,121
train_03205,nurs_qc,1004,432,585222,8631607,10571671.0,0,121
train_03205,random-path,1004,361,643134,7530255,10086236.0,0,121
train_03208,bfs,1007,64,286900,9473303,10066752.0,0,118
train_03208,default,1007,188,212016,9286197,10163787.0,0,118
train_03208,dfs,1003,43,353958,9384597,10091024.0,0,118
train_03208,nurs_covnew,1007,252,227706,9167963,10203524.0,0,118
train_03208,nurs_md2u,1007,239,203809,9218003,10185768.0,0,118
train_03208,nurs_qc,1007,249,217543,9171715,10199774.0,0,118
train_03208,random-path,1007,78,272069,9364042,10060199.0,0,118
train_03211,bfs,1002,3,6969,25761,62889.0,0,117
train_03211,default,1002,3,6969,21763,63348.0,0,117
train_03211,dfs,1002,3,6969,28089,65162.0,0,117
train_03211,nurs_covnew,1002,3,6969,22910,62103.0,0,117
train_03211,nurs_md2u,1002,3,6969,23088,62065.0,0,117
train_03211,nurs_qc,1002,3,6969,21163,60720.0,0,117
train_03211,random-path,1002,3,6969,23536,61868.0,0,117
train_03212,bfs,970,526,15290,9414331,10316020.0,0,121
train_03212,default,970,527,15309,9481730,10318381.0,0,121
train_03212,dfs,970,505,14960,9485497,10344456.0,0,121
train_03212,nurs_covnew,970,520,15200,9481187,10320850.0,0,121
train_03212,nurs_md2u,970,501,14895,9407409,10294733.0,0,121
train_03212,nurs_qc,970,530,15360,9421658,10326040.0,0,121
train_03212,random-path,970,522,15231,9483074,10343497.0,0,121
train_03217,bfs,1049,4,7530900,311609,10034154.0,0,123
train_03217,default,1049,323,2727258,5819542,11518279.0,0,123
train_03217,dfs,1006,3,7528742,308220,10048457.0,0,123
train_03217,nurs_covnew,1049,376,1853243,7468479,11803453.0,0,123
train_03217,nurs_md2u,1049,380,1892359,7268346,11678336.0,0,123
train_03217,nurs_qc,1049,315,2797885,5453192,11425952.0,0,123
train_03217,random-path,1049,19,7016726,420370,10094839.0,0,123
train_03311,bfs,1042,50,11413,10131509,10288096.0,0,120
train_03311,default,1042,51,11506,10219738,10327700.0,0,120
train_03311,dfs,1041,52,11531,10167321,10255270.0,0,120
train_03311,nurs_covnew,1042,51,11479,10169748,10265532.0,0,120
train_03311,nurs_md2u,1042,51,11553,10188500,10291918.0,0,120
train_03311,nurs_qc,1042,51,11545,10220238,10316170.0,0,120
train_03311,random-path,1042,51,11507,10239089,10340812.0,0,120
train_03312,bfs,1074,22,477276,809543,10885933.0,0,124
train_03312,default,1074,22,11139,1286727,11530471.0,0,124
train_03312,dfs,1074,24,831634,1058868,10974184.0,0,124
train_03312,nurs_covnew,1074,23,9701,1380851,11831527.0,0,124
train_03312,nurs_md2u,1074,23,9701,1404742,11810654.0,0,124
train_03312,nurs_qc,1074,21,8823,1428823,10800429.0,0,124
train_03312,random-path,1074,19,261344,1084242,9925805.0,0,124
train_03314,bfs,1008,1,1206965,3,1277080.0,0,120
train_03314,default,1008,1,1206965,3,1480916.0,0,120
train_03314,dfs,1008,1,1206965,3,1275914.0,0,120
train_03314,nurs_covnew,1008,1,1206965,3,1318706.0,0,120
train_03314,nurs_md2u,1008,1,1206965,3,1316936.0,0,120
train_03314,nurs_qc,1008,1,1206965,3,1403739.0,0,120
train_03314,random-path,1008,1,1206965,2,1244928.0,0,120
train_03315,bfs,965,1,6943,2,36322.0,0,115
train_03315,default,965,1,6943,4,37469.0,0,115
train_03315,dfs,965,1,6943,2,35840.0,0,115
train_03315,nurs_covnew,965,1,6943,2,37547.0,0,115
train_03315,nurs_md2u,965,1,6943,2,38187.0,0,115
train_03315,nurs_qc,965,1,6943,3,36914.0,0,115
train_03315,random-path,965,1,6943,2,38734.0,0,115
train_03322,bfs,1083,6463,2666070,4122551,10706309.0,0,121
train_03322,default,1083,1501,120082,8397029,10263927.0,0,121
train_03322,dfs,1013,646,38427,9280979,10148152.0,0,121
train_03322,nurs_covnew,1083,3972,847532,5330231,10849139.0,0,121
train_03322,nurs_md2u,1083,4153,907676,5376905,10952247.0,0,121
train_03322,nurs_qc,1083,3511,703147,6327576,10956711.0,0,121
train_03322,random-path,1083,1033,66963,8760477,10173017.0,0,121
train_03334,bfs,986,1,6950,1,38167.0,0,119
train_03334,default,986,1,6950,1,38409.0,0,119
train_03334,dfs,986,1,6950,1,36946.0,0,119
train_03334,nurs_covnew,986,1,6950,2,39265.0,0,119
train_03334,nurs_md2u,986,1,6950,1,38017.0,0,119
train_03334,nurs_qc,986,1,6950,1,39252.0,0,119
train_03334,random-path,986,1,6950,1,36748.0,0,119
train_03415,bfs,1002,2,7004,5571,41778.0,0,118
train_03415,default,1002,2,7004,6014,44208.0,0,118
train_03415,dfs,1002,2,7004,5605,42434.0,0,118
train_03415,nurs_covnew,1002,2,7004,6301,45762.0,0,118
train_03415,nurs_md2u,1002,2,7004,5821,44295.0,0,118
train_03415,nurs_qc,1002,2,7004,7639,46395.0,0,118
train_03415,random-path,1002,2,7004,5390,41880.0,0,118
train_03416,bfs,965,1,6943,1,36806.0,0,115
train_03416,default,965,1,6943,1,38152.0,0,115
train_03416,dfs,965,1,6943,1,37775.0,0,115
train_03416,nurs_covnew,965,1,6943,2,37993.0,0,115
train_03416,nurs_md2u,965,1,6943,2,38114.0,0,115
train_03416,nurs_qc,965,1,6943,1,37207.0,0,115
train_03416,random-path,965,1,6943,1,36273.0,0,115
train_03417,bfs,965,1,6943,1,35964.0,0,115
train_03417,default,965,1,6943,1,37582.0,0,115
train_03417,dfs,965,1,6943,1,36202.0,0,115
train_03417,nurs_covnew,965,1,6943,1,38321.0,0,115
train_03417,nurs_md2u,965,1,6943,1,37242.0,0,115
train_03417,nurs_qc,965,1,6943,1,37959.0,0,115
train_03417,random-path,965,1,6943,1,36847.0,0,115
train_03418,bfs,1000,1,7007,1,36888.0,0,117
train_03418,default,1000,1,7007,1,39982.0,0,117
train_03418,dfs,1000,1,7007,1,36149.0,0,117
train_03418,nurs_covnew,1000,1,7007,1,38497.0,0,117
train_03418,nurs_md2u,1000,1,7007,2,38158.0,0,117
train_03418,nurs_qc,1000,1,7007,2,38436.0,0,117
train_03418,random-path,1000,1,7007,1,36944.0,0,117
train_03435,bfs,964,1,4307346,2,4424286.0,0,120
train_03435,default,964,1,4307346,2,4663834.0,0,120
train_03435,dfs,964,1,4307346,1,4875545.0,0,120
train_03435,nurs_covnew,964,1,4307346,1,4633585.0,0,120
train_03435,nurs_md2u,964,1,4307346,1,4565907.0,0,120
train_03435,nurs_qc,964,1,4307346,1,4545548.0,0,120
train_03435,random-path,964,1,4307346,1,4362716.0,0,120
train_03437,bfs,1037,281,488001,7874849,10093828.0,0,122
train_03437,default,1037,336,357094,7989612,11261998.0,0,122
train_03437,dfs,1037,279,486886,7851130,10092709.0,0,122
train_03437,nurs_covnew,1037,386,376774,8702646,12253884.0,0,122
train_03437,nurs_md2u,1037,387,379921,8674872,12171533.0,0,122
train_03437,nurs_qc,1037,330,442624,8206609,11248909.0,0,122
train_03437,random-path,1037,266,420543,7364804,10194714.0,0,122
train_03438,bfs,963,1,6942,1,48052.0,0,115
train_03438,default,963,1,6942,1,39037.0,0,115
train_03438,dfs,963,1,6942,1,36682.0,0,115
train_03438,nurs_covnew,963,1,6942,1,38054.0,0,115
train_03438,nurs_md2u,963,1,6942,1,38388.0,0,115
train_03438,nurs_qc,963,1,6942,1,38036.0,0,115
train_03438,random-path,963,1,6942,1,37659.0,0,115
train_03467,bfs,960,16,6988,10406300,11002619.0,0,123
train_03467,default,960,16,6988,10414108,11050569.0,0,123
train_03467,dfs,1020,17,21090,10095627,10794786.0,0,123
train_03467,nurs_covnew,960,17,6990,10740573,11330073.0,0,123
train_03467,nurs_md2u,960,17,6990,10605669,11196567.0,0,123
train_03467,nurs_qc,960,17,6990,10501755,11103550.0,0,123
train_03467,random-path,960,16,6988,10325798,10908960.0,0,123
train_03516,bfs,979,2,6994,8000,51580.0,0,117
train_03516,default,979,2,6994,9004,54527.0,0,117
train_03516,dfs,979,2,6994,6448,50360.0,0,117
train_03516,nurs_covnew,979,2,6994,9690,56122.0,0,117
train_03516,nurs_md2u,979,2,6994,7709,52075.0,0,117
train_03516,nurs_qc,979,2,6994,9955,55901.0,0,117
train_03516,random-path,979,2,6994,6902,49704.0,0,117
train_03518,bfs,961,1,6942,1,36391.0,0,115
train_03518,default,961,1,6942,1,38890.0,0,115
train_03518,dfs,961,1,6942,1,37779.0,0,115
train_03518,nurs_covnew,961,1,6942,1,38562.0,0,115
train_03518,nurs_md2u,961,1,6942,1,37526.0,0,115
train_03518,nurs_qc,961,1,6942,1,37345.0,0,115
train_03518,random-path,961,1,6942,2,36835.0,0,115
train_03522,bfs,982,1,6947,2,38027.0,0,121
train_03522,default,982,1,6947,2,39792.0,0,121
train_03522,dfs,982,1,6947,2,36614.0,0,121
train_03522,nurs_covnew,982,1,6947,2,38021.0,0,121
train_03522,nurs_md2u,982,1,6947,2,38697.0,0,121
train_03522,nurs_qc,982,1,6947,1,37819.0,0,121
train_03522,random-path,982,1,6947,2,36175.0,0,121
train_03524,bfs,984,593,34061,9335902,10172537.0,0,116
train_03524,default,984,588,33829,9285027,10119819.0,0,116
train_03524,dfs,984,590,33960,9336124,10164867.0,0,116
train_03524,nurs_covnew,984,613,34944,9387722,10212542.0,0,116
train_03524,nurs_md2u,984,578,33311,9333276,10165952.0,0,116
train_03524,nurs_qc,984,607,34739,9408290,10139951.0,0,116
train_03524,random-path,984,597,34248,9201688,10157771.0,0,116
train_03528,bfs,985,949,21183,9931111,10420767.0,0,119
train_03528,default,989,951,25702,9770823,10373271.0,0,119
train_03528,dfs,1037,310,33125,9866507,10219786.0,0,119
train_03528,nurs_covnew,989,926,26914,9741591,10400048.0,0,119
train_03528,nurs_md2u,989,965,27793,9762403,10418182.0,0,119
train_03528,nurs_qc,989,929,26967,9788931,10404648.0,0,119
train_03528,random-path,985,863,23991,9807842,10327143.0,0,119
train_03529,bfs,1011,1,6964,235,43164.0,0,122
train_03529,default,1011,1,6964,284,44467.0,0,122
train_03529,dfs,1011,1,6964,284,42697.0,0,122
train_03529,nurs_covnew,1011,1,6964,294,44564.0,0,122
train_03529,nurs_md2u,1011,1,6964,284,44207.0,0,122
train_03529,nurs_qc,1011,1,6964,284,45122.0,0,122
train_03529,random-path,1011,1,6964,237,42680.0,0,122
train_03535,bfs,985,1,9331898,2,10064938.0,0,122
train_03535,default,985,1,9048001,3,10071248.0,0,122
train_03535,dfs,985,1,9476750,3,10074564.0,0,122
train_03535,nurs_covnew,985,1,8720432,3,10068756.0,0,122
train_03535,nurs_md2u,985,1,9074720,3,10065480.0,0,122
train_03535,nurs_qc,985,1,8858043,3,10066248.0,0,122
train_03535,random-path,985,1,9413460,3,10065352.0,0,122
train_03537,bfs,992,1,6953,2,38037.0,0,124
train_03537,default,992,1,6953,1,39416.0,0,124
train_03537,dfs,992,1,6953,1,44873.0,0,124
train_03537,nurs_covnew,992,1,6953,1,44899.0,0,124
train_03537,nurs_md2u,992,1,6953,1,41565.0,0,124
train_03537,nurs_qc,992,1,6953,2,39187.0,0,124
train_03537,random-path,992,1,6953,2,37759.0,0,124
train_03624,bfs,967,1,6943,1,36449.0,0,115
train_03624,default,967,1,6943,1,38500.0,0,115
train_03624,dfs,967,1,6943,2,36170.0,0,115
train_03624,nurs_covnew,967,1,6943,2,36962.0,0,115
train_03624,nurs_md2u,967,1,6943,2,37665.0,0,115
train_03624,nurs_qc,967,1,6943,2,37420.0,0,115
train_03624,random-path,967,1,6943,2,37019.0,0,115
train_03627,bfs,964,1,6943,3,35395.0,0,115
train_03627,default,964,1,6943,1,44716.0,0,115
train_03627,dfs,964,1,6943,2,36356.0,0,115
train_03627,nurs_covnew,964,1,6943,1,37601.0,0,115
train_03627,nurs_md2u,964,1,6943,2,37193.0,0,115
train_03627,nurs_qc,964,1,6943,1,37259.0,0,115
train_03627,random-path,964,1,6943,2,37131.0,0,115
train_03631,bfs,982,4,5832190,3379446,10032216.0,0,118
train_03631,default,995,73,9251,10363793,10453823.0,0,118
train_03631,dfs,978,3,5789883,3340716,10031767.0,0,118
train_03631,nurs_covnew,995,77,8410,10353463,10436161.0,0,118
train_03631,nurs_md2u,995,77,8410,10483720,10565211.0,0,118
train_03631,nurs_qc,995,84,8228,10391416,10469048.0,0,118
train_03631,random-path,995,69,12302,10477430,10562708.0,0,118
train_03646,bfs,981,1,6952,4053,40492.0,0,115
train_03646,default,981,1,6952,6326,48097.0,0,115
train_03646,dfs,981,1,6952,2922,40740.0,0,115
train_03646,nurs_covnew,981,1,6952,4819,49267.0,0,115
train_03646,nurs_md2u,981,1,6952,3418,46599.0,0,115
train_03646,nurs_qc,981,1,6952,3490,41084.0,0,115
train_03646,random-path,981,1,6952,4154,40495.0,0,115
train_03677,bfs,994,21953,239995,9578267,16663432.0,0,119
train_03677,default,994,19291,230250,7497446,14047035.0,0,119
train_03677,dfs,984,595,14026,12769203,14913278.0,0,119
train_03677,nurs_covnew,994,19654,237569,7877091,14316081.0,0,119
train_03677,nurs_md2u,994,19422,234830,7787114,14181258.0,0,119
train_03677,nurs_qc,994,19580,236752,7780027,14181036.0,0,119
train_03677,random-path,994,19781,239857,7870041,14451164.0,0,119
train_03725,bfs,1007,1,6958,3325,42592.0,0,115
train_03725,default,1007,1,6958,3944,43955.0,0,115
train_03725,dfs,1007,1,6958,3510,42794.0,0,115
train_03725,nurs_covnew,1007,1,6958,3472,43524.0,0,115
train_03725,nurs_md2u,1007,1,6958,3525,43671.0,0,115
train_03725,nurs_qc,1007,1,6958,2569,41656.0,0,115
train_03725,random-path,1007,1,6958,3454,42170.0,0,115
train_03726,bfs,945,2,5524671,1023297,10029533.0,0,119
train_03726,default,967,2,5325775,986175,10032782.0,0,119
train_03726,dfs,967,2,5559743,1027253,10031815.0,0,119
train_03726,nurs_covnew,967,2,5408339,1008913,10038177.0,0,119
train_03726,nurs_md2u,967,2,5307628,990013,10031457.0,0,119
train_03726,nurs_qc,967,2,5509402,1016270,10030078.0,0,119
train_03726,random-path,967,2,5117626,953719,10032809.0,0,119
train_03733,bfs,1015,4622,89332,10434098,11681605.0,0,117
train_03733,default,1015,3377,55585,10108137,11222262.0,0,117
train_03733,dfs,1004,56,8012,11256842,11327405.0,0,117
train_03733,nurs_covnew,1015,2907,43998,10728144,11789561.0,0,117
train_03733,nurs_md2u,1015,2918,44112,10286982,11242707.0,0,117
train_03733,nurs_qc,1015,1419,24896,10646174,11157150.0,0,117
train_03733,random-path,1015,4068,66950,10303226,11702731.0,0,117
train_03751,bfs,997,2,6998,7978,46757.0,0,120
train_03751,default,997,2,6998,10029,50234.0,0,120
train_03751,dfs,997,2,6998,10963,50030.0,0,120
train_03751,nurs_covnew,997,2,6998,8926,49756.0,0,120
train_03751,nurs_md2u,997,2,6998,9767,51309.0,0,120
train_03751,nurs_qc,997,2,6998,8690,49814.0,0,120
train_03751,random-path,997,2,6998,11964,51202.0,0,120
train_03832,bfs,1002,3,7007,13333,64824.0,0,120
train_03832,default,1002,3,7007,17679,70576.0,0,120
train_03832,dfs,1002,3,7007,14794,64501.0,0,120
train_03832,nurs_covnew,1002,3,7007,12982,64945.0,0,120
train_03832,nurs_md2u,1002,3,7007,16335,68296.0,0,120
train_03832,nurs_qc,1002,3,7007,17429,69675.0,0,120
train_03832,random-path,1002,3,7007,15558,66232.0,0,120
train_03833,bfs,967,1,6943,2,38608.0,0,115
train_03833,default,967,1,6943,2,37308.0,0,115
train_03833,dfs,967,1,6943,2,36230.0,0,115
train_03833,nurs_covnew,967,1,6943,2,36782.0,0,115
train_03833,nurs_md2u,967,1,6943,2,37109.0,0,115
train_03833,nurs_qc,967,1,6943,2,37173.0,0,115
train_03833,random-path,967,1,6943,2,35837.0,0,115
train_03848,bfs,1008,32,7396,10190512,10247013.0,0,123
train_03848,default,1008,34,7435,10059591,10119229.0,0,123
train_03848,dfs,1008,39,7505,10421328,10479639.0,0,123
train_03848,nurs_covnew,1008,38,7512,10445895,10511370.0,0,123
train_03848,nurs_md2u,1008,36,7476,11083933,11145775.0,0,123
train_03848,nurs_qc,1008,37,7491,11289407,11353500.0,0,123
train_03848,random-path,1008,40,7543,10773151,10836643.0,0,123
train_03854,bfs,1038,641,41400,9157984,10150082.0,0,116
train_03854,default,1038,637,41185,9036836,10166518.0,0,116
train_03854,dfs,1038,640,41383,9126032,10115855.0,0,116
train_03854,nurs_covnew,1038,627,40645,9137110,10149106.0,0,116
train_03854,nurs_md2u,1038,644,41574,9116213,10136409.0,0,116
train_03854,nurs_qc,1038,646,41707,9096005,10113172.0,0,116
train_03854,random-path,1038,658,42328,8980915,10124493.0,0,116
train_03885,bfs,1045,4010,5535247,1615762,10720649.0,0,121
train_03885,default,1045,6317,2275034,2085734,11575418.0,0,121
train_03885,dfs,1044,538,624759,10150501,12415185.0,0,121
train_03885,nurs_covnew,1045,2954,2353041,3042207,11428361.0,0,121
train_03885,nurs_md2u,1045,3082,2440516,2920540,11294307.0,0,121
train_03885,nurs_qc,1045,2752,2143290,3903869,11728107.0,0,121
train_03885,random-path,1045,5880,2839723,1781458,11318318.0,0,121
train_03939,bfs,971,2,6992,6965,43598.0,0,117
train_03939,default,971,2,6992,9402,47560.0,0,117
train_03939,dfs,971,2,6992,7400,43996.0,0,117
train_03939,nurs_covnew,971,2,6992,7506,45472.0,0,117
train_03939,nurs_md2u,971,2,6992,8027,46082.0,0,117
train_03939,nurs_qc,971,2,6992,8092,46129.0,0,117
train_03939,random-path,971,2,6992,6230,41878.0,0,117
train_03940,bfs,981,575,34951,9288914,10124276.0,0,117
train_03940,default,981,574,34891,9263097,10147009.0,0,117
train_03940,dfs,981,583,35380,9371747,10141323.0,0,117
train_03940,nurs_covnew,981,574,34833,9263991,10188217.0,0,117
train_03940,nurs_md2u,981,582,35245,9310192,10154702.0,0,117
train_03940,nurs_qc,981,572,34841,9277336,10110303.0,0,117
train_03940,random-path,981,568,34597,9132506,10148218.0,0,117
train_03941,bfs,967,1,6943,1,36644.0,0,115
train_03941,default,967,1,6943,1,37464.0,0,115
train_03941,dfs,967,1,6943,1,36364.0,0,115
train_03941,nurs_covnew,967,1,6943,1,38138.0,0,115
train_03941,nurs_md2u,967,1,6943,1,37106.0,0,115
train_03941,nurs_qc,967,1,6943,1,37159.0,0,115
train_03941,random-path,967,1,6943,1,35348.0,0,115
train_03943,bfs,1016,90,5212448,4656859,14060599.0,0,118
train_03943,default,1016,90,5212448,4630361,14752118.0,0,118
train_03943,dfs,1016,90,5212448,4745866,14496216.0,0,118
train_03943,nurs_covnew,1016,90,5212448,4760489,14840200.0,0,118
train_03943,nurs_md2u,1016,90,5212448,4720020,14665272.0,0,118
train_03943,nurs_qc,1016,90,5212448,4754051,14798462.0,0,118
train_03943,random-path,1016,90,5212448,4351037,13785379.0,0,118
train_03946,bfs,1022,11,8478666,650764,10423815.0,0,133
train_03946,default,1033,15,607057,9444275,10258077.0,0,133
train_03946,dfs,975,3,8961345,20281,10030210.0,0,133
train_03946,nurs_covnew,1023,17,607076,9655647,10491105.0,0,133
train_03946,nurs_md2u,1020,19,607062,19432408,20239430.0,0,133
train_03946,nurs_qc,1023,20,607071,21353534,22172213.0,0,133
train_03946,random-path,1033,17,607064,24347253,25144158.0,0,133
train_03956,bfs,981,1,9863455,5,10026363.0,0,124
train_03956,default,981,1,9318665,5,10029060.0,0,124
train_03956,dfs,981,1,9579278,4,10026737.0,0,124
train_03956,nurs_covnew,981,1,9594408,4,10028227.0,0,124
train_03956,nurs_md2u,981,1,9383911,4,10027337.0,0,124
train_03956,nurs_qc,981,1,9546504,4,10028085.0,0,124
train_03956,random-path,981,1,9777603,5,10035048.0,0,124
train_03959,bfs,1012,1,6963,3,3367434.0,0,119
train_03959,default,1012,1,6963,2,3449486.0,0,119
train_03959,dfs,1012,1,6963,2,3378858.0,0,119
train_03959,nurs_covnew,1012,1,6963,2,3431594.0,0,119
train_03959,nurs_md2u,1012,1,6963,2,3520750.0,0,119
train_03959,nurs_qc,1012,1,6963,1,3406852.0,0,119
train_03959,random-path,1012,1,6963,1,3402920.0,0,119
train_04039,bfs,964,1,6943,2,36236.0,0,115
train_04039,default,964,1,6943,2,38168.0,0,115
train_04039,dfs,964,1,6943,1,36037.0,0,115
train_04039,nurs_covnew,964,1,6943,2,38006.0,0,115
train_04039,nurs_md2u,964,1,6943,3,38511.0,0,115
train_04039,nurs_qc,964,1,6943,2,37909.0,0,115
train_04039,random-path,964,1,6943,2,36378.0,0,115
train_04043,bfs,967,1,6943,2,37554.0,0,115
train_04043,default,967,1,6943,2,39013.0,0,115
train_04043,dfs,967,1,6943,2,36993.0,0,115
train_04043,nurs_covnew,967,1,6943,2,38085.0,0,115
train_04043,nurs_md2u,967,1,6943,2,38891.0,0,115
train_04043,nurs_qc,967,1,6943,3,40397.0,0,115
train_04043,random-path,967,1,6943,3,36134.0,0,115
train_04044,bfs,987,100,11757,482754,561558.0,0,116
train_04044,default,987,100,11757,499433,588151.0,0,116
train_04044,dfs,987,100,11757,460952,540909.0,0,116
train_04044,nurs_covnew,987,100,11757,467609,550520.0,0,116
train_04044,nurs_md2u,987,100,11757,455702,535207.0,0,116
train_04044,nurs_qc,987,100,11757,591452,677959.0,0,116
train_04044,random-path,987,100,11757,440657,519794.0,0,116
train_04046,bfs,979,654,34910,9153718,10123957.0,0,116
train_04046,default,979,655,34885,9156878,10169871.0,0,116
train_04046,dfs,979,642,34468,9122274,10083951.0,0,116
train_04046,nurs_covnew,979,639,34084,9190103,10199810.0,0,116
train_04046,nurs_md2u,979,675,35689,9175710,10211193.0,0,116
train_04046,nurs_qc,979,643,34459,9163829,10145840.0,0,116
train_04046,random-path,979,644,34442,9013872,10088059.0,0,116
train_04047,bfs,1007,41546,999560,8961283,27840984.0,0,117
train_04047,default,1007,34446,644014,2888627,10025488.0,0,117
train_04047,dfs,1001,721,27063,11258122,13676793.0,0,117
train_04047,nurs_covnew,1007,39976,618958,3096050,10026171.0,0,117
train_04047,nurs_md2u,1007,41126,637414,3016643,10026257.0,0,117
train_04047,nurs_qc,1007,40571,628608,3015596,10025873.0,0,117
train_04047,random-path,1007,33569,741172,7901981,27774672.0,0,117
train_04049,bfs,1004,3,7292343,1850571,10026899.0,0,118
train_04049,default,1004,3,6755472,1927096,10029402.0,0,118
train_04049,dfs,956,3,7365336,2294216,10027267.0,0,118
train_04049,nurs_covnew,1004,3,6907854,1971500,10028280.0,0,118
train_04049,nurs_md2u,1004,3,6928989,1963610,10058403.0,0,118
train_04049,nurs_qc,1004,3,6988856,1967508,10041444.0,0,118
train_04049,random-path,1004,3,7039404,1990765,10027181.0,0,118
train_04142,bfs,965,1,6943,1,36095.0,0,115
train_04142,default,965,1,6943,1,37760.0,0,115
train_04142,dfs,965,1,6943,1,36524.0,0,115
train_04142,nurs_covnew,965,1,6943,1,38398.0,0,115
train_04142,nurs_md2u,965,1,6943,1,37212.0,0,115
train_04142,nurs_qc,965,1,6943,1,36908.0,0,115
train_04142,random-path,965,1,6943,1,37221.0,0,115
train_04143,bfs,975,16,7530,10552047,10599846.0,0,116
train_04143,default,975,16,7502,10479898,10531477.0,0,116
train_04143,dfs,975,16,7567,10423005,10482888.0,0,116
train_04143,nurs_covnew,975,16,7509,10507986,10564489.0,0,116
train_04143,nurs_md2u,975,16,7509,10584700,10641313.0,0,116
train_04143,nurs_qc,975,16,7567,10436592,10492710.0,0,116
train_04143,random-path,975,16,7523,10437454,10490057.0,0,116
train_04144,bfs,965,1,6943,1,36182.0,0,115
train_04144,default,965,1,6943,1,37427.0,0,115
train_04144,dfs,965,1,6943,1,36254.0,0,115
train_04144,nurs_covnew,965,1,6943,1,37712.0,0,115
train_04144,nurs_md2u,965,1,6943,1,38105.0,0,115
train_04144,nurs_qc,965,1,6943,1,39986.0,0,115
train_04144,random-path,965,1,6943,1,35660.0,0,115
train_04161,bfs,0,0,0,0,3828.0,0,141
train_04161,default,0,0,0,0,1171.0,0,141
train_04161,dfs,0,0,0,0,1169.0,0,141
train_04161,nurs_covnew,0,0,0,0,1181.0,0,141
train_04161,nurs_md2u,0,0,0,0,7975.0,0,141
train_04161,nurs_qc,0,0,0,0,1123.0,0,141
train_04161,random-path,0,0,0,0,1158.0,0,141
train_04165,bfs,983,1,6951,1,36003.0,0,119
train_04165,default,983,1,6951,1,38563.0,0,119
train_04165,dfs,983,1,6951,1,37294.0,0,119
train_04165,nurs_covnew,983,1,6951,1,37845.0,0,119
train_04165,nurs_md2u,983,1,6951,1,38308.0,0,119
train_04165,nurs_qc,983,1,6951,1,38107.0,0,119
train_04165,random-path,983,1,6951,1,36256.0,0,119
train_04246,bfs,1004,1,6960,1,105936.0,0,122
train_04246,default,1004,1,6960,1,105768.0,0,122
train_04246,dfs,1004,1,6960,1,103518.0,0,122
train_04246,nurs_covnew,1004,1,6960,1,104300.0,0,122
train_04246,nurs_md2u,1004,1,6960,2,105086.0,0,122
train_04246,nurs_qc,1004,1,6960,1,105788.0,0,122
train_04246,random-path,1004,1,6960,1,103428.0,0,122
train_04249,bfs,963,1,6942,1,36029.0,0,115
train_04249,default,963,1,6942,1,38346.0,0,115
train_04249,dfs,963,1,6942,1,35268.0,0,115
train_04249,nurs_covnew,963,1,6942,1,37588.0,0,115
train_04249,nurs_md2u,963,1,6942,1,40039.0,0,115
train_04249,nurs_qc,963,1,6942,1,40275.0,0,115
train_04249,random-path,963,1,6942,2,36633.0,0,115
train_04250,bfs,998,2,7000,25837,69425.0,0,120
train_04250,default,998,2,7000,24859,63358.0,0,120
train_04250,dfs,998,2,7000,23618,60185.0,0,120
train_04250,nurs_covnew,998,2,7000,24416,63137.0,0,120
train_04250,nurs_md2u,998,2,7000,23796,61947.0,0,120
train_04250,nurs_qc,998,2,7000,23367,61870.0,0,120
train_04250,random-path,998,2,7000,21518,61678.0,0,120
train_04251,bfs,1070,281,1061093,7066057,10053419.0,0,122
train_04251,default,1070,333,503084,7285507,10532254.0,0,122
train_04251,dfs,1070,283,1085444,7119553,10053751.0,0,122
train_04251,nurs_covnew,1070,335,370108,8317507,10928719.0,0,122
train_04251,nurs_md2u,1070,334,367853,8173741,10821473.0,0,122
train_04251,nurs_qc,1070,293,673797,7455309,10477719.0,0,122
train_04251,random-path,1070,264,892004,5786092,10087874.0,0,122
train_04255,bfs,960,1,6943,1,36696.0,0,115
train_04255,default,960,1,6943,1,40129.0,0,115
train_04255,dfs,960,1,6943,1,35791.0,0,115
train_04255,nurs_covnew,960,1,6943,1,39853.0,0,115
train_04255,nurs_md2u,960,1,6943,2,54242.0,0,115
train_04255,nurs_qc,960,1,6943,1,37541.0,0,115
train_04255,random-path,960,1,6943,2,65736.0,0,115
train_04257,bfs,1074,24067,740155,12153504,24609180.0,0,132
train_04257,default,1080,14254,448367,8792098,20882426.0,0,132
train_04257,dfs,1136,218,12412,10232398,11055665.0,0,132
train_04257,nurs_covnew,1132,6576,209910,9018224,15615764.0,0,132
train_04257,nurs_md2u,1132,6583,210106,8962400,15558393.0,0,132
train_04257,nurs_qc,1132,6779,215990,9368170,16529886.0,0,132
train_04257,random-path,1074,17124,531578,9150539,22582368.0,0,132
train_04259,bfs,1139,6,5046182,3163841,10027022.0,0,135
train_04259,default,1174,18791,841753,7513520,20504555.0,0,135
train_04259,dfs,988,4,5097614,2870034,10027717.0,0,135
train_04259,nurs_covnew,1165,24670,565279,8283094,23018229.0,0,135
train_04259,nurs_md2u,1165,24917,570335,8135970,22827890.0,0,135
train_04259,nurs_qc,1165,21374,493631,8264072,21778400.0,0,135
train_04259,random-path,1174,3431,2957845,5017939,12727473.0,0,135
train_04351,bfs,1094,6599,1359961,5058258,10348312.0,0,125
train_04351,default,1094,3453,690854,4535947,10222420.0,0,125
train_04351,dfs,1058,577,124977,7938042,10144141.0,0,125
train_04351,nurs_covnew,1094,5762,1187181,4575835,10328051.0,0,125
train_04351,nurs_md2u,1094,5840,1202254,4617873,10430168.0,0,125
train_04351,nurs_qc,1094,4625,948854,4183918,10261176.0,0,125
train_04351,random-path,1094,2813,548717,5952024,10218206.0,0,125
train_04358,bfs,0,0,0,0,9014.0,0,125
train_04358,default,0,0,0,0,1234.0,0,125
train_04358,dfs,0,0,0,0,1107.0,0,125
train_04358,nurs_covnew,0,0,0,0,1127.0,0,125
train_04358,nurs_md2u,0,0,0,0,1115.0,0,125
train_04358,nurs_qc,0,0,0,0,1061.0,0,125
train_04358,random-path,0,0,0,0,1122.0,0,125
train_04359,bfs,960,1,6943,1,71819.0,0,115
train_04359,default,960,1,6943,2,42644.0,0,115
train_04359,dfs,960,1,6943,1,73974.0,0,115
train_04359,nurs_covnew,960,1,6943,1,40531.0,0,115
train_04359,nurs_md2u,960,1,6943,2,38941.0,0,115
train_04359,nurs_qc,960,1,6943,2,38375.0,0,115
train_04359,random-path,960,1,6943,2,87935.0,0,115
train_04370,bfs,1239,1001,477063,8157570,10416020.0,0,126
train_04370,default,1239,588,401284,7371672,10288546.0,0,126
train_04370,dfs,1239,123,269341,8722574,10107376.0,0,126
train_04370,nurs_covnew,1055,613,374382,7358245,10318508.0,0,126
train_04370,nurs_md2u,1055,607,374422,7182770,10248660.0,0,126
train_04370,nurs_qc,1055,627,377197,7395233,10257512.0,0,126
train_04370,random-path,1239,551,441218,7455420,10376944.0,0,126
train_04455,bfs,999,401,26826,8285380,10136727.0,0,116
train_04455,default,999,427,28140,8743932,10219819.0,0,116
train_04455,dfs,999,401,26863,8443765,10187797.0,0,116
train_04455,nurs_covnew,999,401,26813,8518744,10242960.0,0,116
train_04455,nurs_md2u,999,415,27526,8718382,10233546.0,0,116
train_04455,nurs_qc,999,401,26903,8741065,10136854.0,0,116
train_04455,random-path,999,419,27740,8616087,10208132.0,0,116
train_04456,bfs,1083,17,6322241,2241278,10028306.0,0,126
train_04456,default,1083,17,5534429,2047473,10029078.0,0,126
train_04456,dfs,1083,16,6330637,2219264,10027518.0,0,126
train_04456,nurs_covnew,1083,17,5685437,2163829,10030372.0,0,126
train_04456,nurs_md2u,1083,17,5740124,2169330,10031767.0,0,126
train_04456,nurs_qc,1083,17,5732645,2157141,10029872.0,0,126
train_04456,random-path,1083,17,5788318,2140054,10027116.0,0,126
train_04458,bfs,995,654,38174,9061384,10134717.0,0,117
train_04458,default,995,628,36898,9050765,10190267.0,0,117
train_04458,dfs,995,650,38019,9041837,10143473.0,0,117
train_04458,nurs_covnew,995,652,38062,9083300,10182326.0,0,117
train_04458,nurs_md2u,995,645,37732,9052805,10161342.0,0,117
train_04458,nurs_qc,995,635,37299,9019487,10124465.0,0,117
train_04458,random-path,995,640,37515,8913145,10126743.0,0,117
train_04461,bfs,982,2,6993,7695,44715.0,0,118
train_04461,default,982,2,6993,8527,47338.0,0,118
train_04461,dfs,982,2,6993,5939,42850.0,0,118
train_04461,nurs_covnew,982,2,6993,6204,44415.0,0,118
train_04461,nurs_md2u,982,2,6993,8865,48260.0,0,118
train_04461,nurs_qc,982,2,6993,5999,43609.0,0,118
train_04461,random-path,982,2,6993,6665,43854.0,0,118
train_04462,bfs,985,1,6953,0,46352.0,0,125
train_04462,default,985,1,6953,0,48453.0,0,125
train_04462,dfs,985,1,6953,0,45356.0,0,125
train_04462,nurs_covnew,985,1,6953,0,46937.0,0,125
train_04462,nurs_md2u,985,1,6953,0,49172.0,0,125
train_04462,nurs_qc,985,1,6953,0,47337.0,0,125
train_04462,random-path,985,1,6953,0,52226.0,0,125
train_04464,bfs,0,0,0,0,1176.0,0,122
train_04464,default,0,0,0,0,1161.0,0,122
train_04464,dfs,1079,2,6627338,14113,10238977.0,0,122
train_04464,nurs_covnew,0,0,0,0,1117.0,0,122
train_04464,nurs_md2u,0,0,0,0,1169.0,0,122
train_04464,nurs_qc,0,0,0,0,1164.0,0,122
train_04464,random-path,0,0,0,0,1161.0,0,122
train_04465,bfs,1029,2,18656,6493,80828.0,0,120
train_04465,default,1029,2,18656,6351,60899.0,0,120
train_04465,dfs,1029,2,18656,7503,58304.0,0,120
train_04465,nurs_covnew,1029,2,18656,5214,58894.0,0,120
train_04465,nurs_md2u,1029,2,18656,6090,60077.0,0,120
train_04465,nurs_qc,1029,2,18656,5143,58736.0,0,120
train_04465,random-path,1029,2,18656,6153,58461.0,0,120
train_04511,bfs,1009,58490,685929,4681573,10024431.0,0,119
train_04511,default,1009,45774,406720,3697862,10034892.0,0,119
train_04511,dfs,994,719,19855,11993129,15321696.0,0,119
train_04511,nurs_covnew,1009,45980,364761,4008108,10028345.0,0,119
train_04511,nurs_md2u,1009,48730,386506,4021445,10025797.0,0,119
train_04511,nurs_qc,1009,47845,379400,4009153,10025508.0,0,119
train_04511,random-path,1009,49473,468695,3982240,10057634.0,0,119
train_04558,bfs,987,1,6953,1,55184.0,0,118
train_04558,default,987,1,6953,1,38412.0,0,118
train_04558,dfs,987,1,6953,1,36275.0,0,118
train_04558,nurs_covnew,987,1,6953,1,38827.0,0,118
train_04558,nurs_md2u,987,1,6953,1,38210.0,0,118
train_04558,nurs_qc,987,1,6953,1,38930.0,0,118
train_04558,random-path,987,1,6953,2,36667.0,0,118
train_04559,bfs,1010,25,7453,10950979,11036321.0,0,121
train_04559,default,1010,21,7233,10619613,10683285.0,0,121
train_04559,dfs,1004,19,7444,10356993,10422409.0,0,121
train_04559,nurs_covnew,1006,22,7204,10840137,10905787.0,0,121
train_04559,nurs_md2u,1006,22,7204,10637963,10717824.0,0,121
train_04559,nurs_qc,1006,20,7190,10416465,10481237.0,0,121
train_04559,random-path,1010,24,7326,10274736,10346345.0,0,121
train_04561,bfs,971,4,6970,12991565,13052029.0,0,119
train_04561,default,929,4,6939,12741567,12821917.0,0,119
train_04561,dfs,977,4,6975,17456684,17571917.0,0,119
train_04561,nurs_covnew,919,1,6912,5025562,5074463.0,0,119
train_04561,nurs_md2u,940,4,6940,12781261,12835502.0,0,119
train_04561,nurs_qc,967,4,6953,17098858,17154643.0,0,119
train_04561,random-path,919,1,6912,5025248,5070040.0,0,119
train_04562,bfs,949,1,6911,2,41914.0,0,126
train_04562,default,949,1,6911,1,44240.0,0,126
train_04562,dfs,949,1,6911,2,42072.0,0,126
train_04562,nurs_covnew,949,1,6911,2,44435.0,0,126
train_04562,nurs_md2u,949,1,6911,2,43869.0,0,126
train_04562,nurs_qc,949,1,6911,1,43285.0,0,126
train_04562,random-path,949,1,6911,1,42759.0,0,126
train_04566,bfs,985,1,6954,2,39122.0,0,116
train_04566,default,985,1,6954,1,38625.0,0,116
train_04566,dfs,985,1,6954,2,38543.0,0,116
train_04566,nurs_covnew,985,1,6954,1,38582.0,0,116
train_04566,nurs_md2u,985,1,6954,2,40349.0,0,116
train_04566,nurs_qc,985,1,6954,2,38004.0,0,116
train_04566,random-path,985,1,6954,1,36534.0,0,116
train_04571,bfs,1008,159,7694,14346070,14606811.0,0,121
train_04571,default,1004,159,7741,14393289,14645282.0,0,121
train_04571,dfs,1008,134,7574,14484334,14824909.0,0,121
train_04571,nurs_covnew,988,160,8138,13714849,14028239.0,0,121
train_04571,nurs_md2u,988,160,8138,15363082,15632160.0,0,121
train_04571,nurs_qc,990,160,8139,15244111,15546030.0,0,121
train_04571,random-path,1004,160,7706,14090148,14386419.0,0,121
train_04582,bfs,976,2,6990,50360,98705.0,0,116
train_04582,default,976,2,6990,21902,60852.0,0,116
train_04582,dfs,976,2,6990,23137,59825.0,0,116
train_04582,nurs_covnew,976,2,6990,22247,60687.0,0,116
train_04582,nurs_md2u,976,2,6990,24587,65450.0,0,116
train_04582,nurs_qc,976,2,6990,24625,62603.0,0,116
train_04582,random-path,976,2,6990,23680,60469.0,0,116
train_04584,bfs,957,3,7606519,1543212,10027110.0,0,120
train_04584,default,973,384,1464305,7418651,11078905.0,0,120
train_04584,dfs,949,2,7676507,1564568,10027222.0,0,120
train_04584,nurs_covnew,973,405,830846,8339146,11348788.0,0,120
train_04584,nurs_md2u,973,402,817900,8279039,11179133.0,0,120
train_04584,nurs_qc,973,337,1060124,7982014,10914464.0,0,120
train_04584,random-path,973,20,6659281,1890704,10117313.0,0,120
train_04663,bfs,1099,55,11997,10415138,10635985.0,0,128
train_04663,default,1099,70,10197,13477340,13680310.0,0,128
train_04663,dfs,1082,28,11826,10079119,10260608.0,0,128
train_04663,nurs_covnew,1095,64,9085,11534245,11679871.0,0,128
train_04663,nurs_md2u,1095,64,9085,11344157,11469273.0,0,128
train_04663,nurs_qc,1089,62,8812,12441015,12588646.0,0,128
train_04663,random-path,1099,67,10794,10086693,10375072.0,0,128
train_04664,bfs,994,2,7003,6645,47543.0,0,118
train_04664,default,994,2,7003,7965,71442.0,0,118
train_04664,dfs,994,2,7003,5194,74983.0,0,118
train_04664,nurs_covnew,994,2,7003,8556,49866.0,0,118
train_04664,nurs_md2u,994,2,7003,5980,55585.0,0,118
train_04664,nurs_qc,994,2,7003,6334,44054.0,0,118
train_04664,random-path,994,2,7003,5161,42012.0,0,118
train_04666,bfs,960,23,7344,11116785,11299778.0,0,119
train_04666,default,960,21,7348,10394808,10480664.0,0,119
train_04666,dfs,960,13,7228,14238109,14309591.0,0,119
train_04666,nurs_covnew,960,21,7357,10996392,11076106.0,0,119
train_04666,nurs_md2u,960,21,7357,11246572,11331188.0,0,119
train_04666,nurs_qc,961,23,7371,10974691,11089929.0,0,119
train_04666,random-path,960,19,7326,10064138,10216839.0,0,119
train_04667,bfs,1028,338,836683,8268159,10070314.0,0,124
train_04667,default,1028,439,534119,7857625,10625470.0,0,124
train_04667,dfs,1028,340,852059,8332318,10104328.0,0,124
train_04667,nurs_covnew,1028,470,455866,8322708,11046177.0,0,124
train_04667,nurs_md2u,1028,475,465527,8429610,10971027.0,0,124
train_04667,nurs_qc,1028,394,641059,8070785,10554785.0,0,124
train_04667,random-path,1028,328,770828,7218772,10115400.0,0,124
train_04669,bfs,996,1739,46510,8085861,10565920.0,0,117
train_04669,default,996,1817,37936,8797019,10786432.0,0,117
train_04669,dfs,991,674,23750,9533267,12911758.0,0,117
train_04669,nurs_covnew,996,2178,39293,9430613,10969145.0,0,117
train_04669,nurs_md2u,996,2070,37909,9282480,10901136.0,0,117
train_04669,nurs_qc,996,2019,37137,9340362,10880731.0,0,117
train_04669,random-path,996,1854,40863,9321803,10873319.0,0,117
train_04686,bfs,1021,4,7094,35265,96926.0,0,120
train_04686,default,1021,4,7094,30004,70311.0,0,120
train_04686,dfs,1021,4,7094,38152,115277.0,0,120
train_04686,nurs_covnew,1021,4,7094,36428,74929.0,0,120
train_04686,nurs_md2u,1021,4,7094,35827,113381.0,0,120
train_04686,nurs_qc,1021,4,7094,32621,111787.0,0,120
train_04686,random-path,1021,4,7094,27585,88381.0,0,120
train_04688,bfs,1024,4,7003,51670,14768244.0,0,119
train_04688,default,963,4,6957,106159,14738812.0,0,119
train_04688,dfs,954,4,6941,45833,15338474.0,0,119
train_04688,nurs_covnew,954,4,6946,43947,14568664.0,0,119
train_04688,nurs_md2u,954,4,6946,41006,14589375.0,0,119
train_04688,nurs_qc,954,4,6946,50871,14676165.0,0,119
train_04688,random-path,954,4,6950,39086,14616520.0,0,119
train_04718,bfs,1013,1,6969,1,54438.0,0,131
train_04718,default,1013,1,6969,1,41754.0,0,131
train_04718,dfs,1013,1,6969,1,70036.0,0,131
train_04718,nurs_covnew,1013,1,6969,1,59963.0,0,131
train_04718,nurs_md2u,1013,1,6969,1,55294.0,0,131
train_04718,nurs_qc,1013,1,6969,1,41317.0,0,131
train_04718,random-path,1013,1,6969,1,62218.0,0,131
train_04766,bfs,968,1,6944,2,81619.0,0,115
train_04766,default,968,1,6944,2,37628.0,0,115
train_04766,dfs,968,1,6944,1,36285.0,0,115
train_04766,nurs_covnew,968,1,6944,1,38238.0,0,115
train_04766,nurs_md2u,968,1,6944,2,37886.0,0,115
train_04766,nurs_qc,968,1,6944,2,82509.0,0,115
train_04766,random-path,968,1,6944,1,40596.0,0,115
train_04767,bfs,1127,4,672086,785516,10097341.0,0,119
train_04767,default,1127,32,10485,9898428,10113449.0,0,119
train_04767,dfs,1127,3,666352,786057,10058864.0,0,119
train_04767,nurs_covnew,1127,31,9715,10120963,10276864.0,0,119
train_04767,nurs_md2u,1127,34,9985,10067716,10223026.0,0,119
train_04767,nurs_qc,1127,35,9563,10812355,11008589.0,0,119
train_04767,random-path,1127,31,11663,10572008,10757585.0,0,119
train_04771,bfs,1018,20,12266,10115785,10195858.0,0,119
train_04771,default,1018,32,9871,10450254,10543280.0,0,119
train_04771,dfs,1018,27,13442,10051662,10143932.0,0,119
train_04771,nurs_covnew,1018,30,8819,10671812,10746160.0,0,119
train_04771,nurs_md2u,1018,30,8819,10677268,10746712.0,0,119
train_04771,nurs_qc,1018,31,8677,10490586,10582533.0,0,119
train_04771,random-path,1018,36,11366,10315764,10425642.0,0,119
train_04779,bfs,983,565,33333,8939115,10188196.0,0,126
train_04779,default,983,569,33492,8865233,10137383.0,0,126
train_04779,dfs,983,575,33844,8972648,10160010.0,0,126
train_04779,nurs_covnew,983,571,33464,8972215,10121934.0,0,126
train_04779,nurs_md2u,983,578,33768,8922811,10188496.0,0,126
train_04779,nurs_qc,983,583,34197,8975221,10167672.0,0,126
train_04779,random-path,983,572,33623,8844447,10144302.0,0,126
train_04785,bfs,942,1,26119,0,390913.0,0,128
train_04785,default,942,1,26119,0,394940.0,0,128
train_04785,dfs,942,1,26119,0,389750.0,0,128
train_04785,nurs_covnew,942,1,26119,0,406816.0,0,128
train_04785,nurs_md2u,942,1,26119,0,394600.0,0,128
train_04785,nurs_qc,942,1,26119,0,392635.0,0,128
train_04785,random-path,942,1,26119,0,394014.0,0,128
train_04788,bfs,986,1,6951,14,37283.0,0,117
train_04788,default,986,1,6951,23,39489.0,0,117
train_04788,dfs,986,1,6951,23,37060.0,0,117
train_04788,nurs_covnew,986,1,6951,24,38523.0,0,117
train_04788,nurs_md2u,986,1,6951,15,39835.0,0,117
train_04788,nurs_qc,986,1,6951,23,39161.0,0,117
train_04788,random-path,986,1,6951,14,39322.0,0,117
train_04875,bfs,997,1,6957,2,36280.0,0,122
train_04875,default,997,1,6957,2,38524.0,0,122
train_04875,dfs,997,1,6957,1,36580.0,0,122
train_04875,nurs_covnew,997,1,6957,1,38444.0,0,122
train_04875,nurs_md2u,997,1,6957,2,38080.0,0,122
train_04875,nurs_qc,997,1,6957,2,49648.0,0,122
train_04875,random-path,997,1,6957,1,36982.0,0,122
train_04880,bfs,1039,1150,208489,9006536,10057025.0,0,124
train_04880,default,1039,1000,176768,8615242,10064660.0,0,124
train_04880,dfs,1016,465,92200,9418979,10070309.0,0,124
train_04880,nurs_covnew,1039,1122,202116,8897429,10062262.0,0,124
train_04880,nurs_md2u,1039,1134,204522,8778667,10062402.0,0,124
train_04880,nurs_qc,1039,1136,206430,8836736,10045323.0,0,124
train_04880,random-path,1039,880,152359,8762127,10082122.0,0,124
train_04883,bfs,959,1,10894262,3,10027587.0,0,136
train_04883,default,959,1,10158482,3,10031070.0,0,136
train_04883,dfs,959,1,10852169,5,10026978.0,0,136
train_04883,nurs_covnew,959,1,10450735,4,10028842.0,0,136
train_04883,nurs_md2u,959,1,10303252,3,10028532.0,0,136
train_04883,nurs_qc,959,1,10468140,5,10030065.0,0,136
train_04883,random-path,959,1,10788601,3,10026819.0,0,136
train_04895,bfs,980,1,6950,1,35897.0,0,118
train_04895,default,980,1,6950,2,38017.0,0,118
train_04895,dfs,980,1,6950,1,36140.0,0,118
train_04895,nurs_covnew,980,1,6950,2,37920.0,0,118
train_04895,nurs_md2u,980,1,6950,2,37957.0,0,118
train_04895,nurs_qc,980,1,6950,2,37214.0,0,118
train_04895,random-path,980,1,6950,1,36258.0,0,118
train_04896,bfs,995,573,39407,8884953,10135097.0,0,119
train_04896,default,995,573,39423,8816979,10178456.0,0,119
train_04896,dfs,995,595,40732,8946081,10168545.0,0,119
train_04896,nurs_covnew,995,586,40194,9089044,10206332.0,0,119
train_04896,nurs_md2u,995,597,40822,8909441,10155881.0,0,119
train_04896,nurs_qc,995,579,39802,8894366,10115662.0,0,119
train_04896,random-path,995,589,40383,8809664,10139886.0,0,119
train_04979,bfs,982,3,7031,8807,45207.0,0,117
train_04979,default,982,3,7031,10634,48991.0,0,117
train_04979,dfs,982,3,7031,12115,59014.0,0,117
train_04979,nurs_covnew,982,3,7031,11440,49548.0,0,117
train_04979,nurs_md2u,982,3,7031,8193,45920.0,0,117
train_04979,nurs_qc,982,3,7031,9351,47030.0,0,117
train_04979,random-path,982,3,7031,11699,48774.0,0,117
train_04987,bfs,947,1,7041,2,36265.0,0,125
train_04987,default,947,1,7041,2,40913.0,0,125
train_04987,dfs,947,1,7041,1,35806.0,0,125
train_04987,nurs_covnew,947,1,7041,1,39366.0,0,125
train_04987,nurs_md2u,947,1,7041,2,39430.0,0,125
train_04987,nurs_qc,947,1,7041,1,38291.0,0,125
train_04987,random-path,947,1,7041,1,36569.0,0,125
train_04988,bfs,1293,130,27729,10428439,10717951.0,0,131
train_04988,default,1297,265,27500,9874764,10349491.0,0,131
train_04988,dfs,1126,10,6174122,1777415,10062265.0,0,131
train_04988,nurs_covnew,1292,333,30496,9846912,10417776.0,0,131
train_04988,nurs_md2u,1292,345,32013,9837692,10365203.0,0,131
train_04988,nurs_qc,1292,336,30660,9910214,10445391.0,0,131
train_04988,random-path,1297,240,26933,9995216,10544301.0,0,131
train_04998,bfs,966,1,6945,1,36598.0,0,115
train_04998,default,966,1,6945,1,85803.0,0,115
train_04998,dfs,966,1,6945,1,36525.0,0,115
train_04998,nurs_covnew,966,1,6945,2,38157.0,0,115
train_04998,nurs_md2u,966,1,6945,2,38304.0,0,115
train_04998,nurs_qc,966,1,6945,2,37873.0,0,115
train_04998,random-path,966,1,6945,1,35698.0,0,115
train_05029,bfs,1022,1,6969,387,230889.0,0,129
train_05029,default,1022,1,6969,319,182510.0,0,129
train_05029,dfs,1022,1,6969,287,180022.0,0,129
train_05029,nurs_covnew,1022,1,6969,277,184488.0,0,129
train_05029,nurs_md2u,1022,1,6969,342,272504.0,0,129
train_05029,nurs_qc,1022,1,6969,296,201325.0,0,129
train_05029,random-path,1022,1,6969,279,180651.0,0,129
train_05080,bfs,963,1,6943,2,36069.0,0,115
train_05080,default,963,1,6943,1,49606.0,0,115
train_05080,dfs,963,1,6943,1,35715.0,0,115
train_05080,nurs_covnew,963,1,6943,2,38111.0,0,115
train_05080,nurs_md2u,963,1,6943,2,39183.0,0,115
train_05080,nurs_qc,963,1,6943,2,37175.0,0,115
train_05080,random-path,963,1,6943,1,40424.0,0,115
train_05081,bfs,965,1,6942,3,45270.0,0,115
train_05081,default,965,1,6942,1,37717.0,0,115
train_05081,dfs,965,1,6942,1,35657.0,0,115
train_05081,nurs_covnew,965,1,6942,2,37649.0,0,115
train_05081,nurs_md2u,965,1,6942,1,38712.0,0,115
train_05081,nurs_qc,965,1,6942,1,38497.0,0,115
train_05081,random-path,965,1,6942,2,37878.0,0,115
train_05082,bfs,1004,335,6422207,3326723,10064980.0,0,123
train_05082,default,1004,291,6420175,2715536,10046601.0,0,123
train_05082,dfs,1004,334,6422198,3214879,10061691.0,0,123
train_05082,nurs_covnew,1004,330,6421926,3219391,10077186.0,0,123
train_05082,nurs_md2u,1004,339,6422339,3135268,10064354.0,0,123
train_05082,nurs_qc,1004,329,6421948,3148921,10054774.0,0,123
train_05082,random-path,1004,336,6422233,3372254,10080286.0,0,123
train_05085,bfs,986,2,7001,8021,47711.0,0,118
train_05085,default,986,2,7001,8700,48929.0,0,118
train_05085,dfs,986,2,7001,7465,46362.0,0,118
train_05085,nurs_covnew,986,2,7001,10116,51064.0,0,118
train_05085,nurs_md2u,986,2,7001,7821,45750.0,0,118
train_05085,nurs_qc,986,2,7001,7669,44776.0,0,118
train_05085,random-path,986,2,7001,8834,50668.0,0,118
train_05086,bfs,981,1,6949,2,38449.0,0,115
train_05086,default,981,1,6949,2,40068.0,0,115
train_05086,dfs,981,1,6949,2,36979.0,0,115
train_05086,nurs_covnew,981,1,6949,2,40371.0,0,115
train_05086,nurs_md2u,981,1,6949,2,37257.0,0,115
train_05086,nurs_qc,981,1,6949,2,40566.0,0,115
train_05086,random-path,981,1,6949,2,38583.0,0,115
train_05087,bfs,985,1,6951,40,40395.0,0,118
train_05087,default,985,1,6951,40,41616.0,0,118
train_05087,dfs,985,1,6951,41,40634.0,0,118
train_05087,nurs_covnew,985,1,6951,42,42015.0,0,118
train_05087,nurs_md2u,985,1,6951,40,41195.0,0,118
train_05087,nurs_qc,985,1,6951,58,42169.0,0,118
train_05087,random-path,985,1,6951,41,37604.0,0,118
train_05101,bfs,987,1,6953,2,38004.0,0,117
train_05101,default,987,1,6953,2,40333.0,0,117
train_05101,dfs,987,1,6953,2,38913.0,0,117
train_05101,nurs_covnew,987,1,6953,2,40531.0,0,117
train_05101,nurs_md2u,987,1,6953,2,40258.0,0,117
train_05101,nurs_qc,987,1,6953,2,37390.0,0,117
train_05101,random-path,987,1,6953,2,38252.0,0,117
train_05103,bfs,1064,1,6988,3478,53593.0,0,119
train_05103,default,1064,1,6988,3013,52614.0,0,119
train_05103,dfs,1064,1,6988,3002,51056.0,0,119
train_05103,nurs_covnew,1064,1,6988,2791,61860.0,0,119
train_05103,nurs_md2u,1064,1,6988,3511,56145.0,0,119
train_05103,nurs_qc,1064,1,6988,2988,60888.0,0,119
train_05103,random-path,1064,1,6988,3020,51996.0,0,119
train_05182,bfs,1016,1,6962,7,35954.0,0,128
train_05182,default,1016,1,6962,6,40415.0,0,128
train_05182,dfs,1016,1,6962,6,38720.0,0,128
train_05182,nurs_covnew,1016,1,6962,7,40112.0,0,128
train_05182,nurs_md2u,1016,1,6962,7,40738.0,0,128
train_05182,nurs_qc,1016,1,6962,7,37249.0,0,128
train_05182,random-path,1016,1,6962,8,39417.0,0,128
train_05184,bfs,1009,118,7727,9542278,10149971.0,0,117
train_05184,default,1009,103,7604,10642007,11076192.0,0,117
train_05184,dfs,1005,95,7518,9762409,10233650.0,0,117
train_05184,nurs_covnew,950,97,7501,10166262,10684020.0,0,117
train_05184,nurs_md2u,949,96,7478,9877011,10349569.0,0,117
train_05184,nurs_qc,950,98,7498,10827129,11256161.0,0,117
train_05184,random-path,1009,110,7737,9756295,10389316.0,0,117
train_05187,bfs,979,1,6948,2,39343.0,0,115
train_05187,default,979,1,6948,2,42585.0,0,115
train_05187,dfs,979,1,6948,2,38416.0,0,115
train_05187,nurs_covnew,979,1,6948,2,38642.0,0,115
train_05187,nurs_md2u,979,1,6948,2,40060.0,0,115
train_05187,nurs_qc,979,1,6948,2,40191.0,0,115
train_05187,random-path,979,1,6948,2,35958.0,0,115
train_05188,bfs,988,1192,62126,8806091,10097395.0,0,117
train_05188,default,988,1146,59866,8770795,10139547.0,0,117
train_05188,dfs,986,667,37459,9198646,10112905.0,0,117
train_05188,nurs_covnew,988,1109,58083,8914637,10164893.0,0,117
train_05188,nurs_md2u,988,1105,57934,8898986,10198635.0,0,117
train_05188,nurs_qc,988,1178,61506,8750769,10087321.0,0,117
train_05188,random-path,988,1167,60915,8656192,10141400.0,0,117
train_05194,bfs,982,1,6995,1,38809.0,0,116
train_05194,default,982,1,6995,2,42815.0,0,116
train_05194,dfs,982,1,6995,1,36563.0,0,116
train_05194,nurs_covnew,982,1,6995,1,38457.0,0,116
train_05194,nurs_md2u,982,1,6995,1,40542.0,0,116
train_05194,nurs_qc,982,1,6995,2,39637.0,0,116
train_05194,random-path,982,1,6995,1,36542.0,0,116
train_05195,bfs,1057,2,7263,7664,46258.0,0,138
train_05195,default,1057,2,7263,6149,47682.0,0,138
train_05195,dfs,1057,2,7263,7861,49297.0,0,138
train_05195,nurs_covnew,1057,2,7263,6514,52167.0,0,138
train_05195,nurs_md2u,1057,2,7263,7585,51436.0,0,138
train_05195,nurs_qc,1057,2,7263,7881,68171.0,0,138
train_05195,random-path,1057,2,7263,6299,44964.0,0,138
train_05238,bfs,972,1,6928,2,139086.0,0,135
train_05238,default,972,1,6928,2,140284.0,0,135
train_05238,dfs,972,1,6928,2,158175.0,0,135
train_05238,nurs_covnew,972,1,6928,1,140234.0,0,135
train_05238,nurs_md2u,972,1,6928,2,141653.0,0,135
train_05238,nurs_qc,972,1,6928,1,143157.0,0,135
train_05238,random-path,972,1,6928,1,159049.0,0,135
train_05288,bfs,0,0,0,0,1186.0,0,120
train_05288,default,0,0,0,0,1128.0,0,120
train_05288,dfs,0,0,0,0,1131.0,0,120
train_05288,nurs_covnew,0,0,0,0,1144.0,0,120
train_05288,nurs_md2u,0,0,0,0,1134.0,0,120
train_05288,nurs_qc,0,0,0,0,1160.0,0,120
train_05288,random-path,0,0,0,0,1375.0,0,120
train_05290,bfs,0,0,0,0,1164.0,0,127
train_05290,default,0,0,0,0,1143.0,0,127
train_05290,dfs,0,0,0,0,1134.0,0,127
train_05290,nurs_covnew,0,0,0,0,1189.0,0,127
train_05290,nurs_md2u,984,91,7460,15326151,16325553.0,0,127
train_05290,nurs_qc,0,0,0,0,1162.0,0,127
train_05290,random-path,0,0,0,0,1171.0,0,127
train_05291,bfs,966,1,6943,1,37067.0,0,115
train_05291,default,966,1,6943,1,38889.0,0,115
train_05291,dfs,966,1,6943,1,37439.0,0,115
train_05291,nurs_covnew,966,1,6943,1,39097.0,0,115
train_05291,nurs_md2u,966,1,6943,2,38112.0,0,115
train_05291,nurs_qc,966,1,6943,1,37858.0,0,115
train_05291,random-path,966,1,6943,2,37149.0,0,115
train_05296,bfs,971,1,6946,2,36313.0,0,115
train_05296,default,971,1,6946,2,38416.0,0,115
train_05296,dfs,971,1,6946,1,35793.0,0,115
train_05296,nurs_covnew,971,1,6946,1,43535.0,0,115
train_05296,nurs_md2u,971,1,6946,1,38258.0,0,115
train_05296,nurs_qc,971,1,6946,2,38682.0,0,115
train_05296,random-path,971,1,6946,2,37442.0,0,115
train_05297,bfs,1024,4,5297666,3470076,10027597.0,0,122
train_05297,default,1094,85,330428,9645771,10383414.0,0,122
train_05297,dfs,965,3,5438610,3557888,10028129.0,0,122
train_05297,nurs_covnew,1094,85,329138,9796530,10456989.0,0,122
train_05297,nurs_md2u,1094,85,329138,9883131,10535782.0,0,122
train_05297,nurs_qc,1077,90,328723,9853090,10485600.0,0,122
train_05297,random-path,1094,78,347452,9681896,10465095.0,0,122
train_05390,bfs,1017,14,7241,8659097,8764440.0,0,119
train_05390,default,1017,14,7241,9672365,9772608.0,0,119
train_05390,dfs,1017,14,7241,9326825,9423690.0,0,119
train_05390,nurs_covnew,1017,14,7241,9713335,9813337.0,0,119
train_05390,nurs_md2u,1017,14,7241,9479770,9577443.0,0,119
train_05390,nurs_qc,1017,14,7241,9414893,9517908.0,0,119
train_05390,random-path,1017,14,7241,9769601,9866179.0,0,119
train_05395,bfs,1021,413,1893789,6868537,10117761.0,0,120
train_05395,default,1021,351,1367068,5593730,10090439.0,0,120
train_05395,dfs,1021,396,1737525,6856894,10050433.0,0,120
train_05395,nurs_covnew,1021,391,1694164,6994598,10138192.0,0,120
train_05395,nurs_md2u,1021,389,1676962,6884305,10116791.0,0,120
train_05395,nurs_qc,1021,405,1816970,6909267,10096989.0,0,120
train_05395,random-path,1021,334,1238776,5411239,10078616.0,0,120
train_05396,bfs,1034,32,63426,10493400,10629905.0,0,138
train_05396,default,1034,138,124166,10531637,11016360.0,0,138
train_05396,dfs,1034,32,69996,10755555,10893744.0,0,138
train_05396,nurs_covnew,1034,285,329329,10234601,11366035.0,0,138
train_05396,nurs_md2u,1034,256,260022,9823841,10754769.0,0,138
train_05396,nurs_qc,1034,260,300678,9400236,10414894.0,0,138
train_05396,random-path,1034,40,69456,10649898,10806565.0,0,138
train_05398,bfs,1061,178,24415,10304018,10542936.0,0,120
train_05398,default,1061,712,28652,9925277,10730427.0,0,120
train_05398,dfs,1045,81,8914,11481619,11656600.0,0,120
train_05398,nurs_covnew,1061,1133,28609,9798908,11218994.0,0,120
train_05398,nurs_md2u,1061,1132,28607,9828990,11209879.0,0,120
train_05398,nurs_qc,1061,1143,28755,9731835,11129523.0,0,120
train_05398,random-path,1061,437,26966,10492539,11110436.0,0,120
train_05400,bfs,983,577,33325,9391728,10133637.0,0,116
train_05400,default,983,585,33655,9334021,10161200.0,0,116
train_05400,dfs,983,579,33454,9413580,10178221.0,0,116
train_05400,nurs_covnew,983,582,33482,9437222,10206892.0,0,116
train_05400,nurs_md2u,983,580,33423,9397024,10164844.0,0,116
train_05400,nurs_qc,983,592,34046,9374487,10172201.0,0,116
train_05400,random-path,983,565,32753,9304175,10163487.0,0,116
train_05403,bfs,956,1,6924,2,36677.0,0,120
train_05403,default,956,1,6924,2,38754.0,0,120
train_05403,dfs,956,1,6924,2,36469.0,0,120
train_05403,nurs_covnew,956,1,6924,2,38867.0,0,120
train_05403,nurs_md2u,956,1,6924,2,39176.0,0,120
train_05403,nurs_qc,956,1,6924,2,38537.0,0,120
train_05403,random-path,956,1,6924,3,40787.0,0,120
train_05416,bfs,961,1,6942,1,36205.0,0,115
train_05416,default,961,1,6942,2,42355.0,0,115
train_05416,dfs,961,1,6942,2,36145.0,0,115
train_05416,nurs_covnew,961,1,6942,1,39079.0,0,115
train_05416,nurs_md2u,961,1,6942,2,40718.0,0,115
train_05416,nurs_qc,961,1,6942,1,48019.0,0,115
train_05416,random-path,961,1,6942,2,36909.0,0,115
train_05495,bfs,989,1,6957,783,46310.0,0,118
train_05495,default,989,1,6957,575,44944.0,0,118
train_05495,dfs,989,1,6957,558,44464.0,0,118
train_05495,nurs_covnew,989,1,6957,567,44512.0,0,118
train_05495,nurs_md2u,989,1,6957,593,45834.0,0,118
train_05495,nurs_qc,989,1,6957,713,46369.0,0,118
train_05495,random-path,989,1,6957,579,43468.0,0,118
train_05497,bfs,994,435,28951,9664861,10237348.0,0,123
train_05497,default,994,414,27791,9611493,10203555.0,0,123
train_05497,dfs,994,435,28995,9634538,10233438.0,0,123
train_05497,nurs_covnew,994,434,28823,9651249,10211506.0,0,123
train_05497,nurs_md2u,994,427,28369,9614676,10212788.0,0,123
train_05497,nurs_qc,994,434,28944,9639118,10217149.0,0,123
train_05497,random-path,994,434,28871,9629921,10259406.0,0,123
train_05499,bfs,0,0,0,0,1166.0,0,127
train_05499,default,0,0,0,0,1189.0,0,127
train_05499,dfs,0,0,0,0,1448.0,0,127
train_05499,nurs_covnew,0,0,0,0,1223.0,0,127
train_05499,nurs_md2u,0,0,0,0,1691.0,0,127
train_05499,nurs_qc,0,0,0,0,1207.0,0,127
train_05499,random-path,0,0,0,0,1370.0,0,127
train_05501,bfs,990,578,33947,9404536,10154380.0,0,118
train_05501,default,990,575,33783,9293027,10134491.0,0,118
train_05501,dfs,990,576,33890,9377117,10122319.0,0,118
train_05501,nurs_covnew,990,583,34185,9373036,10161916.0,0,118
train_05501,nurs_md2u,990,587,34309,9407806,10177551.0,0,118
train_05501,nurs_qc,990,595,34783,9409265,10133115.0,0,118
train_05501,random-path,990,577,33890,9262100,10141847.0,0,118
train_05504,bfs,992,2,56955,6732,97524.0,0,124
train_05504,default,992,2,56955,8540,108020.0,0,124
train_05504,dfs,992,2,56955,6455,96562.0,0,124
train_05504,nurs_covnew,992,2,56955,9572,110237.0,0,124
train_05504,nurs_md2u,992,2,56955,7377,104476.0,0,124
train_05504,nurs_qc,992,2,56955,7970,109096.0,0,124
train_05504,random-path,992,2,56955,5625,107300.0,0,124
train_05507,bfs,974,3,9966144,13549,10027781.0,0,121
train_05507,default,974,135,8218866,905816,10147252.0,0,121
train_05507,dfs,963,2,9666849,12923,10029212.0,0,121
train_05507,nurs_covnew,974,162,8178140,1144730,10184721.0,0,121
train_05507,nurs_md2u,974,165,8182513,1154065,10168847.0,0,121
train_05507,nurs_qc,974,148,8114268,1006907,10138875.0,0,121
train_05507,random-path,974,18,9650817,70683,10031555.0,0,121
train_05513,bfs,1126,633,82815,8929333,10119145.0,0,143
train_05513,default,1126,627,82127,8780445,10139117.0,0,143
train_05513,dfs,1126,642,83942,8943887,10133490.0,0,143
train_05513,nurs_covnew,1126,633,82853,8920660,10146812.0,0,143
train_05513,nurs_md2u,1126,635,83095,8949688,10116544.0,0,143
train_05513,nurs_qc,1126,630,82490,8876094,10109687.0,0,143
train_05513,random-path,1126,625,81885,8649656,10120408.0,0,143
train_05520,bfs,1230,64,160268,58929,361434.0,0,127
train_05520,default,1230,64,160268,57216,377042.0,0,127
train_05520,dfs,1230,64,160268,49935,306497.0,0,127
train_05520,nurs_covnew,1230,64,160268,53167,363496.0,0,127
train_05520,nurs_md2u,1230,64,160268,61459,418462.0,0,127
train_05520,nurs_qc,1230,64,160268,52390,360795.0,0,127
train_05520,random-path,1230,64,160268,60399,359500.0,0,127
train_05601,bfs,986,643,36398,9248824,10113523.0,0,116
train_05601,default,986,642,36273,9169787,10131632.0,0,116
train_05601,dfs,986,646,36536,9263452,10122748.0,0,116
train_05601,nurs_covnew,986,645,36422,9221193,10116775.0,0,116
train_05601,nurs_md2u,986,646,36442,9257783,10183376.0,0,116
train_05601,nurs_qc,986,642,36352,9273049,10153644.0,0,116
train_05601,random-path,986,644,36435,9130616,10094145.0,0,116
train_05603,bfs,1134,53,381935,9253338,10057152.0,0,132
train_05603,default,1134,77,27542,10215782,10493297.0,0,132
train_05603,dfs,1134,39,538725,9049343,10041284.0,0,132
train_05603,nurs_covnew,1124,67,19126,10572142,10787417.0,0,132
train_05603,nurs_md2u,1120,64,18664,10260930,10463673.0,0,132
train_05603,nurs_qc,1134,63,17808,10562772,10772724.0,0,132
train_05603,random-path,1138,70,62473,9662145,10107529.0,0,132
train_05604,bfs,1041,406,2082853,7605537,10125938.0,0,122
train_05604,default,1041,394,2082059,7331925,10097535.0,0,122
train_05604,dfs,1041,398,2082318,7541360,10124284.0,0,122
train_05604,nurs_covnew,1041,399,2082338,7301571,10130736.0,0,122
train_05604,nurs_md2u,1041,407,2082984,7444427,10094697.0,0,122
train_05604,nurs_qc,1041,403,2082671,7491504,10103796.0,0,122
train_05604,random-path,1041,401,2082528,7453829,10100789.0,0,122
train_05607,bfs,965,1,6943,1,39349.0,0,117
train_05607,default,965,1,6943,2,39003.0,0,117
train_05607,dfs,965,1,6943,1,36356.0,0,117
train_05607,nurs_covnew,965,1,6943,1,38280.0,0,117
train_05607,nurs_md2u,965,1,6943,2,38254.0,0,117
train_05607,nurs_qc,965,1,6943,2,37753.0,0,117
train_05607,random-path,965,1,6943,1,48880.0,0,117
train_05609,bfs,1216,937,24740,10203492,10667855.0,0,161
train_05609,default,1250,839,28512,9946855,10634975.0,0,161
train_05609,dfs,1196,93,11741,10346050,10509920.0,0,161
train_05609,nurs_covnew,1267,925,30880,9940630,10702705.0,0,161
train_05609,nurs_md2u,1267,996,32383,9953732,10790238.0,0,161
train_05609,nurs_qc,1267,939,31087,9928938,10674028.0,0,161
train_05609,random-path,1246,830,25971,10024610,10654647.0,0,161
train_05616,bfs,964,1,10309974,5,10031928.0,0,125
train_05616,default,964,1,9325400,4,10037887.0,0,125
train_05616,dfs,964,1,10601700,4,10027323.0,0,125
train_05616,nurs_covnew,964,1,9958580,15,10033997.0,0,125
train_05616,nurs_md2u,964,1,9983726,4,10030920.0,0,125
train_05616,nurs_qc,964,1,10107055,5,10028765.0,0,125
train_05616,random-path,964,1,10346754,4,10026943.0,0,125
train_05655,bfs,1001,259,20496,10055737,10268990.0,0,122
train_05655,default,1001,256,20350,10097677,10338374.0,0,122
train_05655,dfs,1001,259,20533,10081695,10281742.0,0,122
train_05655,nurs_covnew,1001,260,20550,10108634,10330046.0,0,122
train_05655,nurs_md2u,1001,257,20377,10032879,10233673.0,0,122
train_05655,nurs_qc,1001,256,20374,9997427,10218684.0,0,122
train_05655,random-path,1001,257,20388,10040894,10275618.0,0,122
train_05704,bfs,1031,292,692915,7795224,10054837.0,0,125
train_05704,default,1031,287,292962,7853408,10377421.0,0,125
train_05704,dfs,1031,299,727433,8061405,10091138.0,0,125
train_05704,nurs_covnew,1031,261,181996,8299189,10404233.0,0,125
train_05704,nurs_md2u,1031,265,188277,8260915,10397348.0,0,125
train_05704,nurs_qc,1031,263,404912,8002444,10241918.0,0,125
train_05704,random-path,1031,279,605030,7012514,10093340.0,0,125
train_05706,bfs,1221,34,2682458,804977,10034820.0,0,133
train_05706,default,1221,174,1371114,2806780,11187077.0,0,133
train_05706,dfs,1221,33,2680286,801563,10033374.0,0,133
train_05706,nurs_covnew,1217,190,880496,3199036,11461112.0,0,133
train_05706,nurs_md2u,1217,191,893106,3186309,11471764.0,0,133
train_05706,nurs_qc,1217,191,779707,3210165,11419961.0,0,133
train_05706,random-path,1221,42,2554029,807899,10065044.0,0,133
train_05711,bfs,992,2,6959,7515,48819.0,0,118
train_05711,default,992,2,6959,9573,53578.0,0,118
train_05711,dfs,992,2,6959,6712,48896.0,0,118
train_05711,nurs_covnew,992,2,6959,6709,49572.0,0,118
train_05711,nurs_md2u,992,2,6959,6756,50412.0,0,118
train_05711,nurs_qc,992,2,6959,6733,49612.0,0,118
train_05711,random-path,992,2,6959,6871,48592.0,0,118
train_05715,bfs,997,1,8150,2,37969.0,0,120
train_05715,default,997,1,8150,2,39035.0,0,120
train_05715,dfs,997,1,8150,1,37804.0,0,120
train_05715,nurs_covnew,997,1,8150,3,41273.0,0,120
train_05715,nurs_md2u,997,1,8150,2,38748.0,0,120
train_05715,nurs_qc,997,1,8150,3,39027.0,0,120
train_05715,random-path,997,1,8150,1,37464.0,0,120
train_05717,bfs,950,1,10881396,33,10031027.0,0,120
train_05717,default,950,1,10128048,32,10028783.0,0,120
train_05717,dfs,950,1,10719960,33,10030491.0,0,120
train_05717,nurs_covnew,950,1,10467324,31,10028899.0,0,120
train_05717,nurs_md2u,950,1,10098074,54,10029715.0,0,120
train_05717,nurs_qc,950,1,10326875,31,10028399.0,0,120
train_05717,random-path,950,1,10928981,33,10027961.0,0,120
train_05723,bfs,1031,375,651411,8807064,10091440.0,0,135
train_05723,default,1031,425,511594,8383179,10410370.0,0,135
train_05723,dfs,1031,377,662130,8886661,10070423.0,0,135
train_05723,nurs_covnew,1031,450,493910,8860493,10687955.0,0,135
train_05723,nurs_md2u,1031,455,503066,8869335,10693707.0,0,135
train_05723,nurs_qc,1031,401,596543,8729787,10308797.0,0,135
train_05723,random-path,1031,361,589475,7825786,10106085.0,0,135
train_05727,bfs,963,1,6943,1,35540.0,0,115
train_05727,default,963,1,6943,2,37620.0,0,115
train_05727,dfs,963,1,6943,1,36197.0,0,115
train_05727,nurs_covnew,963,1,6943,1,37835.0,0,115
train_05727,nurs_md2u,963,1,6943,1,37364.0,0,115
train_05727,nurs_qc,963,1,6943,1,37193.0,0,115
train_05727,random-path,963,1,6943,1,37143.0,0,115
train_05728,bfs,999,489,29434,9813003,10077130.0,0,119
train_05728,default,999,482,27505,9721808,10136666.0,0,119
train_05728,dfs,999,462,29315,9823439,10061273.0,0,119
train_05728,nurs_covnew,999,475,26217,9717180,10130803.0,0,119
train_05728,nurs_md2u,999,469,25870,9727432,10134640.0,0,119
train_05728,nurs_qc,999,529,21565,9791722,10259088.0,0,119
train_05728,random-path,999,480,28636,9744693,10084862.0,0,119
train_05729,bfs,926,1,6910,1,36449.0,0,116
train_05729,default,926,1,6910,2,37985.0,0,116
train_05729,dfs,926,1,6910,2,35244.0,0,116
train_05729,nurs_covnew,926,1,6910,2,39018.0,0,116
train_05729,nurs_md2u,926,1,6910,1,38301.0,0,116
train_05729,nurs_qc,926,1,6910,1,37462.0,0,116
train_05729,random-path,926,1,6910,1,35604.0,0,116
train_05816,bfs,1012,97,7389,14236740,17610601.0,0,126
train_05816,default,954,97,7393,13452133,16847520.0,0,126
train_05816,dfs,933,95,7306,10663952,12409797.0,0,126
train_05816,nurs_covnew,939,95,7423,10822518,12594300.0,0,126
train_05816,nurs_md2u,939,95,7423,11104783,12877181.0,0,126
train_05816,nurs_qc,939,95,7419,10742892,12509437.0,0,126
train_05816,random-path,948,96,7330,8073309,11276093.0,0,126
train_05914,bfs,995,3,6968,30716,68565.0,0,121
train_05914,default,995,3,6968,30445,69479.0,0,121
train_05914,dfs,995,3,6968,28524,65963.0,0,121
train_05914,nurs_covnew,995,3,6968,24530,63292.0,0,121
train_05914,nurs_md2u,995,3,6968,23249,62510.0,0,121
train_05914,nurs_qc,995,3,6968,31563,71160.0,0,121
train_05914,random-path,995,3,6968,33039,78516.0,0,121
train_05916,bfs,963,1,6942,2,36811.0,0,115
train_05916,default,963,1,6942,2,38056.0,0,115
train_05916,dfs,963,1,6942,1,36470.0,0,115
train_05916,nurs_covnew,963,1,6942,1,37712.0,0,115
train_05916,nurs_md2u,963,1,6942,1,38744.0,0,115
train_05916,nurs_qc,963,1,6942,2,38778.0,0,115
train_05916,random-path,963,1,6942,2,38946.0,0,115
train_05921,bfs,1007,2,7959,8197,46319.0,0,118
train_05921,default,1007,2,7959,6847,46648.0,0,118
train_05921,dfs,1007,2,7959,7467,45610.0,0,118
train_05921,nurs_covnew,1007,2,7959,6597,46100.0,0,118
train_05921,nurs_md2u,1007,2,7959,8153,48366.0,0,118
train_05921,nurs_qc,1007,2,7959,6123,45519.0,0,118
train_05921,random-path,1007,2,7959,8177,45952.0,0,118
train_05923,bfs,1015,10572,522783,7380239,10410948.0,0,120
train_05923,default,1015,2219,103400,8720228,10412807.0,0,120
train_05923,dfs,990,663,37275,9285156,10118040.0,0,120
train_05923,nurs_covnew,1015,8680,398126,7409776,11169274.0,0,120
train_05923,nurs_md2u,1015,8961,411093,7391161,11066532.0,0,120
train_05923,nurs_qc,1015,8777,403105,7346997,11022354.0,0,120
train_05923,random-path,1015,1190,62986,8976573,10220273.0,0,120
train_05924,bfs,1005,4,6451452,2346579,10067155.0,0,124
train_05924,default,1016,376,1293484,8070213,12358697.0,0,124
train_05924,dfs,994,3,6412107,2303733,10063235.0,0,124
train_05924,nurs_covnew,1016,405,740402,8962064,12591482.0,0,124
train_05924,nurs_md2u,1016,393,696135,8859191,12495202.0,0,124
train_05924,nurs_qc,1016,331,1008323,8469718,12035148.0,0,124
train_05924,random-path,1016,21,6071599,2336973,10144170.0,0,124
train_05967,bfs,1004,14,7310,10930418,10988203.0,0,118
train_05967,default,1004,14,7355,10953476,11004218.0,0,118
train_05967,dfs,1004,11,7423,12572802,12618483.0,0,118
train_05967,nurs_covnew,1004,15,7309,10231039,10287002.0,0,118
train_05967,nurs_md2u,1004,15,7290,10069521,10131015.0,0,118
train_05967,nurs_qc,1004,16,7398,10932738,10985675.0,0,118
train_05967,random-path,1004,15,7356,11748538,11797434.0,0,118
train_06016,bfs,970,1,6950,2,37448.0,0,120
train_06016,default,970,1,6950,2,38489.0,0,120
train_06016,dfs,970,1,6950,8,36720.0,0,120
train_06016,nurs_covnew,970,1,6950,2,38634.0,0,120
train_06016,nurs_md2u,970,1,6950,2,39012.0,0,120
train_06016,nurs_qc,970,1,6950,2,38202.0,0,120
train_06016,random-path,970,1,6950,2,36804.0,0,120
train_06019,bfs,979,85,7293,13264687,13829392.0,0,118
train_06019,default,942,85,7258,13089109,13666800.0,0,118
train_06019,dfs,1011,88,7463,10609912,11254740.0,0,118
train_06019,nurs_covnew,939,86,7270,13513087,14086025.0,0,118
train_06019,nurs_md2u,939,86,7270,14168755,14738052.0,0,118
train_06019,nurs_qc,939,86,7268,13555052,14139505.0,0,118
train_06019,random-path,952,85,7263,14115657,14688768.0,0,118
train_06020,bfs,963,1,6943,1,36228.0,0,115
train_06020,default,963,1,6943,2,38522.0,0,115
train_06020,dfs,963,1,6943,1,35597.0,0,115
train_06020,nurs_covnew,963,1,6943,1,37656.0,0,115
train_06020,nurs_md2u,963,1,6943,3,44276.0,0,115
train_06020,nurs_qc,963,1,6943,1,38224.0,0,115
train_06020,random-path,963,1,6943,2,36616.0,0,115
train_06023,bfs,1067,3,7132,191141,229157.0,0,120
train_06023,default,1067,3,7132,190276,230064.0,0,120
train_06023,dfs,1067,3,7132,189664,227114.0,0,120
train_06023,nurs_covnew,1067,3,7132,194140,233642.0,0,120
train_06023,nurs_md2u,1067,3,7132,196228,236491.0,0,120
train_06023,nurs_qc,1067,3,7132,187906,227507.0,0,120
train_06023,random-path,1067,3,7132,193754,232846.0,0,120
train_06026,bfs,1091,129,3943984,3964653,10030544.0,0,123
train_06026,default,1091,317,2136210,5261739,10449006.0,0,123
train_06026,dfs,1091,129,3983678,4031647,10029355.0,0,123
train_06026,nurs_covnew,1091,360,1466791,6457936,10577208.0,0,123
train_06026,nurs_md2u,1091,357,1436024,6453766,10590139.0,0,123
train_06026,nurs_qc,1091,304,1783110,5966357,10424966.0,0,123
train_06026,random-path,1091,119,3251741,2993653,10039224.0,0,123
train_06028,bfs,1109,22,4810764,4871094,11014970.0,0,127
train_06028,default,1044,22,79388,10233540,10430362.0,0,127
train_06028,dfs,1058,3,8313694,17067,10027336.0,0,127
train_06028,nurs_covnew,1015,22,79366,10376011,10535508.0,0,127
train_06028,nurs_md2u,1015,22,79366,10287819,10442972.0,0,127
train_06028,nurs_qc,1012,22,79363,9928793,10084816.0,0,127
train_06028,random-path,1048,22,79430,10739795,10894434.0,0,127
train_06029,bfs,991,4,5531897,3226646,10027261.0,0,117
train_06029,default,991,344,949386,7648557,10650074.0,0,117
train_06029,dfs,940,3,5667271,3291067,10027564.0,0,117
train_06029,nurs_covnew,991,363,531295,8138590,10703453.0,0,117
train_06029,nurs_md2u,991,358,518597,8055111,10661536.0,0,117
train_06029,nurs_qc,991,291,800234,7608043,10475935.0,0,117
train_06029,random-path,991,21,5424094,3204180,10030516.0,0,117
train_06072,bfs,1141,876,6501025,748746,10068390.0,0,132
train_06072,default,1141,724,361071,8190592,10112629.0,0,132
train_06072,dfs,1021,588,130351,9203105,10121868.0,0,132
train_06072,nurs_covnew,1141,838,2226867,4421526,10095085.0,0,132
train_06072,nurs_md2u,1141,831,2192092,4460493,10140156.0,0,132
train_06072,nurs_qc,1141,776,2632499,3623555,10127023.0,0,132
train_06072,random-path,1141,682,232764,8500012,10139453.0,0,132
train_06120,bfs,1236,19,3059768,929194,10028536.0,0,127
train_06120,default,1236,397,548794,7075842,10503044.0,0,127
train_06120,dfs,1236,18,3009642,927337,10030900.0,0,127
train_06120,nurs_covnew,1193,443,340040,8123615,10533446.0,0,127
train_06120,nurs_md2u,1193,442,338949,8119637,10539141.0,0,127
train_06120,nurs_qc,1236,398,449247,7342712,10276843.0,0,127
train_06120,random-path,1236,32,2704873,934455,10037078.0,0,127
train_06121,bfs,1005,4,6990,215708,4933506.0,0,118
train_06121,default,1005,4,6990,304908,5033992.0,0,118
train_06121,dfs,1005,4,6990,189066,4911423.0,0,118
train_06121,nurs_covnew,1005,4,6990,190956,4912807.0,0,118
train_06121,nurs_md2u,1005,4,6990,199396,4934309.0,0,118
train_06121,nurs_qc,1005,4,6990,203564,4926523.0,0,118
train_06121,random-path,1005,4,6990,200326,4923888.0,0,118
train_06127,bfs,986,2,6991,9712,47137.0,0,116
train_06127,default,986,2,6991,10568,49521.0,0,116
train_06127,dfs,986,2,6991,10717,48523.0,0,116
train_06127,nurs_covnew,986,2,6991,11180,49503.0,0,116
train_06127,nurs_md2u,986,2,6991,9265,48361.0,0,116
train_06127,nurs_qc,986,2,6991,9536,48217.0,0,116
train_06127,random-path,986,2,6991,9184,46045.0,0,116
train_06142,bfs,970,500,27826,9629575,10094242.0,0,121
train_06142,default,970,501,27664,9622481,10150308.0,0,121
train_06142,dfs,970,485,27196,9632166,10118759.0,0,121
train_06142,nurs_covnew,970,514,28211,9692935,10185279.0,0,121
train_06142,nurs_md2u,970,490,27115,9702893,10203640.0,0,121
train_06142,nurs_qc,970,474,26694,9625520,10150550.0,0,121
train_06142,random-path,970,484,27071,9521516,10080885.0,0,121
train_06233,bfs,975,1,6947,1,36965.0,0,115
train_06233,default,975,1,6947,1,37919.0,0,115
train_06233,dfs,975,1,6947,2,36322.0,0,115
train_06233,nurs_covnew,975,1,6947,2,37952.0,0,115
train_06233,nurs_md2u,975,1,6947,2,39399.0,0,115
train_06233,nurs_qc,975,1,6947,1,48184.0,0,115
train_06233,random-path,975,1,6947,2,37045.0,0,115
train_06234,bfs,970,1,10639456,2,10027183.0,0,124
train_06234,default,970,1,9952992,3,10029419.0,0,124
train_06234,dfs,970,1,10605342,2,10027329.0,0,124
train_06234,nurs_covnew,970,1,10101130,2,10028649.0,0,124
train_06234,nurs_md2u,970,1,10171712,2,10028354.0,0,124
train_06234,nurs_qc,970,1,9375700,2,10028618.0,0,124
train_06234,random-path,970,1,10465380,2,10026508.0,0,124
train_06236,bfs,985,2,7905161,521417,10027194.0,0,116
train_06236,default,1028,2,7505155,493648,10027721.0,0,116
train_06236,dfs,1028,2,7913433,521615,10026782.0,0,116
train_06236,nurs_covnew,1028,2,7587933,512115,10027248.0,0,116
train_06236,nurs_md2u,1028,2,7663624,506912,10027936.0,0,116
train_06236,nurs_qc,1028,2,7766010,514089,10027482.0,0,116
train_06236,random-path,1028,2,7962157,525116,10026507.0,0,116
train_06327,bfs,968,1,6948,2,35111.0,0,115
train_06327,default,968,1,6948,1,37622.0,0,115
train_06327,dfs,968,1,6948,1,34940.0,0,115
train_06327,nurs_covnew,968,1,6948,2,37065.0,0,115
train_06327,nurs_md2u,968,1,6948,1,37883.0,0,115
train_06327,nurs_qc,968,1,6948,1,35888.0,0,115
train_06327,random-path,968,1,6948,2,35513.0,0,115
train_06328,bfs,1052,557,613531,8364597,10108192.0,0,120
train_06328,default,1052,527,554949,7293472,10257335.0,0,120
train_06328,dfs,1052,561,617903,8376648,10141653.0,0,120
train_06328,nurs_covnew,1052,553,572355,8229077,10421694.0,0,120
train_06328,nurs_md2u,1052,563,583776,8275801,10372554.0,0,120
train_06328,nurs_qc,1052,541,591691,8149105,10174270.0,0,120
train_06328,random-path,1052,511,558971,6815639,10102142.0,0,120
train_06329,bfs,1023,3,6979,25111,62847.0,0,120
train_06329,default,1023,3,6979,26835,65376.0,0,120
train_06329,dfs,1023,3,6979,22625,60155.0,0,120
train_06329,nurs_covnew,1023,3,6979,28886,75919.0,0,120
train_06329,nurs_md2u,1023,3,6979,27280,65341.0,0,120
train_06329,nurs_qc,1023,3,6979,27470,65014.0,0,120
train_06329,random-path,1023,3,6979,26612,63089.0,0,120
train_06331,bfs,980,1,6950,2,36122.0,0,117
train_06331,default,980,1,6950,2,38067.0,0,117
train_06331,dfs,980,1,6950,1,36048.0,0,117
train_06331,nurs_covnew,980,1,6950,1,37600.0,0,117
train_06331,nurs_md2u,980,1,6950,1,36898.0,0,117
train_06331,nurs_qc,980,1,6950,1,36887.0,0,117
train_06331,random-path,980,1,6950,1,35325.0,0,117
train_06332,bfs,962,1,6920,269,39560.0,0,120
train_06332,default,962,1,6920,237,40561.0,0,120
train_06332,dfs,962,1,6920,226,38967.0,0,120
train_06332,nurs_covnew,962,1,6920,320,40480.0,0,120
train_06332,nurs_md2u,962,1,6920,274,41419.0,0,120
train_06332,nurs_qc,962,1,6920,235,40269.0,0,120
train_06332,random-path,962,1,6920,290,39187.0,0,120
train_06334,bfs,1034,5,8290011,27936,10043675.0,0,123
train_06334,default,1066,17,7762,11445342,12414895.0,0,123
train_06334,dfs,1034,4,8282759,19887,10044423.0,0,123
train_06334,nurs_covnew,1066,21,7619,11436578,11999186.0,0,123
train_06334,nurs_md2u,1066,21,7619,11313193,11854214.0,0,123
train_06334,nurs_qc,1065,19,7562,11523907,12724350.0,0,123
train_06334,random-path,1064,13,8399,11344381,12399168.0,0,123
train_06335,bfs,920,1,10176359,3,10051719.0,0,124
train_06335,default,920,1,9112058,3,10059588.0,0,124
train_06335,dfs,920,1,10096520,3,10050786.0,0,124
train_06335,nurs_covnew,920,1,9959614,3,10052714.0,0,124
train_06335,nurs_md2u,920,1,9637918,4,10055029.0,0,124
train_06335,nurs_qc,920,1,9901968,3,10069919.0,0,124
train_06335,random-path,920,1,10035385,3,10051248.0,0,124
train_06336,bfs,977,1,6948,3351,39378.0,0,115
train_06336,default,977,1,6948,3488,41334.0,0,115
train_06336,dfs,977,1,6948,4660,40525.0,0,115
train_06336,nurs_covnew,977,1,6948,4046,41777.0,0,115
train_06336,nurs_md2u,977,1,6948,4225,41839.0,0,115
train_06336,nurs_qc,977,1,6948,5045,42597.0,0,115
train_06336,random-path,977,1,6948,3518,39404.0,0,115
train_06337,bfs,929,1,53631,2428,10038159.0,0,118
train_06337,default,929,1,53626,2406,10039944.0,0,118
train_06337,dfs,929,1,53716,2476,10040037.0,0,118
train_06337,nurs_covnew,929,1,53651,2424,10038749.0,0,118
train_06337,nurs_md2u,929,1,53646,2402,10042822.0,0,118
train_06337,nurs_qc,929,1,53716,2496,10038096.0,0,118
train_06337,random-path,929,1,53616,2625,10039843.0,0,118
train_06338,bfs,943,1,12116026,2,10026507.0,0,118
train_06338,default,943,1,11355998,2,10027218.0,0,118
train_06338,dfs,943,1,12338322,3,10026945.0,0,118
train_06338,nurs_covnew,943,1,11470098,3,10029502.0,0,118
train_06338,nurs_md2u,943,1,11781038,3,10027427.0,0,118
train_06338,nurs_qc,943,1,11975802,3,10027553.0,0,118
train_06338,random-path,943,1,12483613,3,10025984.0,0,118
train_06339,bfs,992,2,6955,6464,42396.0,0,117
train_06339,default,992,2,6955,6440,43451.0,0,117
train_06339,dfs,992,2,6955,10842,47067.0,0,117
train_06339,nurs_covnew,992,2,6955,6925,43413.0,0,117
train_06339,nurs_md2u,992,2,6955,9468,45956.0,0,117
train_06339,nurs_qc,992,2,6955,6619,43073.0,0,117
train_06339,random-path,992,2,6955,8189,43060.0,0,117
train_06432,bfs,993,1,6956,3,35023.0,0,117
train_06432,default,993,1,6956,1,37323.0,0,117
train_06432,dfs,993,1,6956,2,36496.0,0,117
train_06432,nurs_covnew,993,1,6956,2,36678.0,0,117
train_06432,nurs_md2u,993,1,6956,2,37300.0,0,117
train_06432,nurs_qc,993,1,6956,2,37797.0,0,117
train_06432,random-path,993,1,6956,2,35072.0,0,117
train_06435,bfs,972,1,6956,3,70729.0,0,122
train_06435,default,972,1,6956,2,72492.0,0,122
train_06435,dfs,972,1,6956,2,69707.0,0,122
train_06435,nurs_covnew,972,1,6956,3,71918.0,0,122
train_06435,nurs_md2u,972,1,6956,2,71615.0,0,122
train_06435,nurs_qc,972,1,6956,2,72164.0,0,122
train_06435,random-path,972,1,6956,2,70333.0,0,122
train_06439,bfs,1002,2,6999,18835,55674.0,0,120
train_06439,default,1002,2,6999,11929,49550.0,0,120
train_06439,dfs,1002,2,6999,18095,55099.0,0,120
train_06439,nurs_covnew,1002,2,6999,17857,57303.0,0,120
train_06439,nurs_md2u,1002,2,6999,15125,54664.0,0,120
train_06439,nurs_qc,1002,2,6999,14327,52050.0,0,120
train_06439,random-path,1002,2,6999,13853,50488.0,0,120
train_06442,bfs,1032,4,8901830,109457,10027334.0,0,125
train_06442,default,1045,401,1213745,7720995,10711859.0,0,125
train_06442,dfs,971,3,9342915,105330,10026528.0,0,125
train_06442,nurs_covnew,1045,428,780246,8461667,10851527.0,0,125
train_06442,nurs_md2u,1045,427,777461,8446110,10823142.0,0,125
train_06442,nurs_qc,1045,365,998528,8175984,10619871.0,0,125
train_06442,random-path,1045,98,3429370,4071058,10040106.0,0,125
train_06444,bfs,1031,32,8594,101697,144056.0,0,119
train_06444,default,1031,32,8594,101004,156542.0,0,119
train_06444,dfs,1031,32,8594,107235,149695.0,0,119
train_06444,nurs_covnew,1031,32,8594,101473,144516.0,0,119
train_06444,nurs_md2u,1031,32,8594,114629,157742.0,0,119
train_06444,nurs_qc,1031,32,8594,108009,151145.0,0,119
train_06444,random-path,1031,32,8594,101431,143413.0,0,119
train_06445,bfs,988,3,8381562,1080911,10027546.0,0,125
train_06445,default,1014,66,124345,9506245,10077549.0,0,125
train_06445,dfs,968,2,8688762,1112836,10027387.0,0,125
train_06445,nurs_covnew,1014,171,397256,8973937,10195777.0,0,125
train_06445,nurs_md2u,1014,170,392166,8997467,10192677.0,0,125
train_06445,nurs_qc,1014,159,464658,8921506,10191971.0,0,125
train_06445,random-path,1014,12,82898,9774822,10059914.0,0,125
train_06448,bfs,948,1,131942,427372,10850123.0,0,120
train_06448,default,948,1,132558,427337,10842259.0,0,120
train_06448,dfs,948,1,132558,430510,10859139.0,0,120
train_06448,nurs_covnew,948,1,131830,427307,10857037.0,0,120
train_06448,nurs_md2u,948,1,132572,431801,10853744.0,0,120
train_06448,nurs_qc,948,1,132600,428625,10853820.0,0,120
train_06448,random-path,948,1,132572,431363,10862724.0,0,120
train_06454,bfs,965,1,6943,3,41864.0,0,115
train_06454,default,965,1,6943,2,36985.0,0,115
train_06454,dfs,965,1,6943,2,35313.0,0,115
train_06454,nurs_covnew,965,1,6943,2,36449.0,0,115
train_06454,nurs_md2u,965,1,6943,2,36990.0,0,115
train_06454,nurs_qc,965,1,6943,2,36753.0,0,115
train_06454,random-path,965,1,6943,2,36128.0,0,115
train_06457,bfs,950,3,6241405,2972311,10034011.0,0,118
train_06457,default,954,3,5786521,2462685,10035578.0,0,118
train_06457,dfs,946,3,6193481,2817480,10031883.0,0,118
train_06457,nurs_covnew,954,3,5900312,2530892,10036453.0,0,118
train_06457,nurs_md2u,954,3,5819886,2536811,10037373.0,0,118
train_06457,nurs_qc,954,3,5969632,2554894,10069121.0,0,118
train_06457,random-path,954,3,6020559,2588386,10033206.0,0,118
train_06541,bfs,0,0,0,0,1159.0,0,124
train_06541,default,0,0,0,0,1158.0,0,124
train_06541,dfs,0,0,0,0,1120.0,0,124
train_06541,nurs_covnew,0,0,0,0,1173.0,0,124
train_06541,nurs_md2u,0,0,0,0,1151.0,0,124
train_06541,nurs_qc,0,0,0,0,1129.0,0,124
train_06541,random-path,0,0,0,0,1161.0,0,124
train_06542,bfs,1031,52,1604737,718239,3121507.0,0,118
train_06542,default,1031,52,1604737,683063,3629276.0,0,118
train_06542,dfs,1031,52,1604737,689507,2899291.0,0,118
train_06542,nurs_covnew,1031,52,1604737,684607,3362106.0,0,118
train_06542,nurs_md2u,1031,52,1604737,794983,3722513.0,0,118
train_06542,nurs_qc,1031,52,1604737,697253,3341778.0,0,118
train_06542,random-path,1031,52,1604737,726884,3583480.0,0,118
train_06544,bfs,1051,11,7258,11961164,12052963.0,0,118
train_06544,default,1051,10,7241,12025829,12119284.0,0,118
train_06544,dfs,1023,10,7234,11935940,12022292.0,0,118
train_06544,nurs_covnew,1051,10,7224,11697211,11795929.0,0,118
train_06544,nurs_md2u,1051,10,7224,12055324,12156134.0,0,118
train_06544,nurs_qc,1051,10,7261,12121278,12217926.0,0,118
train_06544,random-path,1051,11,7268,11927614,12026161.0,0,118
train_06551,bfs,938,1,9816817,3,10278920.0,0,119
train_06551,default,938,1,8980566,2,10280094.0,0,119
train_06551,dfs,938,1,9355350,2,10278114.0,0,119
train_06551,nurs_covnew,938,1,9229947,3,10280345.0,0,119
train_06551,nurs_md2u,938,1,9130951,2,10280282.0,0,119
train_06551,nurs_qc,938,1,9442339,2,10290317.0,0,119
train_06551,random-path,938,1,9587890,2,10280179.0,0,119
train_06561,bfs,976,1,6948,1,35780.0,0,117
train_06561,default,976,1,6948,1,37138.0,0,117
train_06561,dfs,976,1,6948,2,35268.0,0,117
train_06561,nurs_covnew,976,1,6948,1,36811.0,0,117
train_06561,nurs_md2u,976,1,6948,2,36592.0,0,117
train_06561,nurs_qc,976,1,6948,2,36785.0,0,117
train_06561,random-path,976,1,6948,2,35731.0,0,117
train_06639,bfs,947,3,6927,8928941,10065965.0,0,122
train_06639,default,955,3,6931,8989543,10129843.0,0,122
train_06639,dfs,1009,3,7006969,9135628,18061353.0,0,122
train_06639,nurs_covnew,961,3,6934,9380456,10656649.0,0,122
train_06639,nurs_md2u,975,5,6967,19156938,20427155.0,0,122
train_06639,nurs_qc,961,3,6934,8936296,10107873.0,0,122
train_06639,random-path,965,3,6937,8906658,10067459.0,0,122
train_06640,bfs,994,41328,780339,8747214,23056045.0,0,119
train_06640,default,994,39373,466590,9875420,29699205.0,0,119
train_06640,dfs,984,668,23266,10804335,12894534.0,0,119
train_06640,nurs_covnew,994,45843,397522,3920340,10030553.0,0,119
train_06640,nurs_md2u,994,45927,398142,3909823,10025986.0,0,119
train_06640,nurs_qc,994,46099,399529,3931238,10072278.0,0,119
train_06640,random-path,994,39735,527305,9821825,29060269.0,0,119
train_06743,bfs,958,1,6942,1,36438.0,0,115
train_06743,default,958,1,6942,1,37969.0,0,115
train_06743,dfs,958,1,6942,2,35978.0,0,115
train_06743,nurs_covnew,958,1,6942,2,36896.0,0,115
train_06743,nurs_md2u,958,1,6942,2,38174.0,0,115
train_06743,nurs_qc,958,1,6942,1,37379.0,0,115
train_06743,random-path,958,1,6942,2,36021.0,0,115
train_06752,bfs,1024,1,7265,1,36092.0,0,115
train_06752,default,1024,1,7265,1,38532.0,0,115
train_06752,dfs,1024,1,7265,2,35949.0,0,115
train_06752,nurs_covnew,1024,1,7265,1,38435.0,0,115
train_06752,nurs_md2u,1024,1,7265,1,38082.0,0,115
train_06752,nurs_qc,1024,1,7265,1,38713.0,0,115
train_06752,random-path,1024,1,7265,1,36516.0,0,115
train_06762,bfs,1031,4,9503,9625268,10264761.0,0,138
train_06762,default,1002,7,6996,1052991,12243686.0,0,138
train_06762,dfs,1020,7,7008,432406,11182765.0,0,138
train_06762,nurs_covnew,999,7,6991,1092863,12153702.0,0,138
train_06762,nurs_md2u,999,7,6991,930677,11977317.0,0,138
train_06762,nurs_qc,1009,7,6994,462369,11663755.0,0,138
train_06762,random-path,1031,7,7035,1678091,13143820.0,0,138
train_06848,bfs,963,1,6943,1,36634.0,0,115
train_06848,default,963,1,6943,1,38658.0,0,115
train_06848,dfs,963,1,6943,1,36483.0,0,115
train_06848,nurs_covnew,963,1,6943,1,37794.0,0,115
train_06848,nurs_md2u,963,1,6943,1,39165.0,0,115
train_06848,nurs_qc,963,1,6943,1,37747.0,0,115
train_06848,random-path,963,1,6943,1,36592.0,0,115
train_06849,bfs,1063,272,1398215,7746688,10039598.0,0,133
train_06849,default,1063,454,686091,7960703,11108591.0,0,133
train_06849,dfs,1063,275,1434480,7732752,10045162.0,0,133
train_06849,nurs_covnew,1063,494,553441,8636340,11404191.0,0,133
train_06849,nurs_md2u,1063,511,591574,8615218,11346098.0,0,133
train_06849,nurs_qc,1063,424,869819,8053806,10911365.0,0,133
train_06849,random-path,1063,265,1251023,6457097,10066385.0,0,133
train_06856,bfs,999,321,277734,9050991,10125259.0,0,118
train_06856,default,999,327,217907,8979520,10393602.0,0,118
train_06856,dfs,988,339,10989,10094047,11157244.0,0,118
train_06856,nurs_covnew,999,340,207826,9309628,10532402.0,0,118
train_06856,nurs_md2u,999,327,192567,9322650,10590666.0,0,118
train_06856,nurs_qc,999,327,192871,9252487,10584838.0,0,118
train_06856,random-path,999,323,271929,8647690,10137758.0,0,118
train_06872,bfs,1096,82,2969003,5967592,10029573.0,0,125
train_06872,default,1096,393,1100297,7441097,10821095.0,0,125
train_06872,dfs,1096,81,2963485,5928306,10042654.0,0,125
train_06872,nurs_covnew,1096,419,682576,8210908,10963766.0,0,125
train_06872,nurs_md2u,1096,421,693478,8255230,10940511.0,0,125
train_06872,nurs_qc,1096,351,907266,7939450,10625394.0,0,125
train_06872,random-path,1096,90,2628144,5140386,10079656.0,0,125
train_06873,bfs,1032,562,87541,7888570,10105645.0,0,120
train_06873,default,1032,555,86570,7756700,10135740.0,0,120
train_06873,dfs,1032,595,92330,7911059,10129380.0,0,120
train_06873,nurs_covnew,1032,590,91610,7977937,10143826.0,0,120
train_06873,nurs_md2u,1032,577,89738,7985902,10145934.0,0,120
train_06873,nurs_qc,1032,575,89450,7919748,10115234.0,0,120
train_06873,random-path,1032,576,89594,7721806,10143252.0,0,120
train_06902,bfs,943,1,6912,1,3457676.0,0,119
train_06902,default,943,1,6912,1,3464715.0,0,119
train_06902,dfs,943,1,6912,1,3429659.0,0,119
train_06902,nurs_covnew,943,1,6912,2,3452248.0,0,119
train_06902,nurs_md2u,943,1,6912,1,3422578.0,0,119
train_06902,nurs_qc,943,1,6912,1,3430674.0,0,119
train_06902,random-path,943,1,6912,1,3470492.0,0,119
train_06953,bfs,996,37,9099,238513,333769.0,0,118
train_06953,default,996,37,9099,233298,323820.0,0,118
train_06953,dfs,996,37,9099,331388,459519.0,0,118
train_06953,nurs_covnew,996,37,9099,257870,383388.0,0,118
train_06953,nurs_md2u,996,37,9099,376205,512702.0,0,118
train_06953,nurs_qc,996,37,9099,251842,357873.0,0,118
train_06953,random-path,996,37,9099,253514,349986.0,0,118
train_06955,bfs,979,1,6948,2,36390.0,0,115
train_06955,default,979,1,6948,2,38211.0,0,115
train_06955,dfs,979,1,6948,1,53765.0,0,115
train_06955,nurs_covnew,979,1,6948,2,37695.0,0,115
train_06955,nurs_md2u,979,1,6948,2,57670.0,0,115
train_06955,nurs_qc,979,1,6948,1,37196.0,0,115
train_06955,random-path,979,1,6948,1,36186.0,0,115
train_06957,bfs,997,330,21316,9103567,10191561.0,0,118
train_06957,default,997,326,21109,9237262,10195654.0,0,118
train_06957,dfs,997,336,21617,9235070,10291066.0,0,118
train_06957,nurs_covnew,997,329,21194,9383041,10221377.0,0,118
train_06957,nurs_md2u,997,324,20975,9427683,10230066.0,0,118
train_06957,nurs_qc,997,325,21133,9213497,10128087.0,0,118
train_06957,random-path,997,327,21160,9219445,10263260.0,0,118
train_06959,bfs,947,1,6916,3175,41534.0,0,117
train_06959,default,947,1,6916,2762,43488.0,0,117
train_06959,dfs,947,1,6916,3061,42392.0,0,117
train_06959,nurs_covnew,947,1,6916,3813,42929.0,0,117
train_06959,nurs_md2u,947,1,6916,4172,87985.0,0,117
train_06959,nurs_qc,947,1,6916,3620,85488.0,0,117
train_06959,random-path,947,1,6916,4101,42345.0,0,117
train_06960,bfs,987,1,6949,1,36100.0,0,124
train_06960,default,987,1,6949,1,77905.0,0,124
train_06960,dfs,987,1,6949,1,35947.0,0,124
train_06960,nurs_covnew,987,1,6949,1,69780.0,0,124
train_06960,nurs_md2u,987,1,6949,2,68636.0,0,124
train_06960,nurs_qc,987,1,6949,1,68506.0,0,124
train_06960,random-path,987,1,6949,1,36373.0,0,124
train_06962,bfs,992,2,4669187,4769359,10042655.0,0,117
train_06962,default,992,2,4515558,4574782,10028423.0,0,117
train_06962,dfs,949,2,4683433,4797988,10026272.0,0,117
train_06962,nurs_covnew,992,2,4637706,4665595,10044270.0,0,117
train_06962,nurs_md2u,992,2,4625156,4675798,10027449.0,0,117
train_06962,nurs_qc,992,2,4590478,4650365,10033390.0,0,117
train_06962,random-path,992,2,4716446,4759552,10026698.0,0,117
train_06964,bfs,1027,46,25823,9116664,10187379.0,0,132
train_06964,default,1027,72,21571,9380163,10249462.0,0,132
train_06964,dfs,1027,49,28583,9145407,10192552.0,0,132
train_06964,nurs_covnew,1027,85,21605,9254870,10283782.0,0,132
train_06964,nurs_md2u,1027,77,19032,9419833,10320316.0,0,132
train_06964,nurs_qc,1027,90,24124,9471392,10401168.0,0,132
train_06964,random-path,1027,45,21643,9259926,10214648.0,0,132
train_06969,bfs,1027,63324,1108349,4594892,10028941.0,0,121
train_06969,default,1027,40396,694490,3230931,10026735.0,0,121
train_06969,dfs,1000,774,28141,11703144,14292959.0,0,121
train_06969,nurs_covnew,1027,44794,747395,3256705,10025633.0,0,121
train_06969,nurs_md2u,1027,44749,746865,3270267,10030152.0,0,121
train_06969,nurs_qc,1027,45440,757725,3248036,10068062.0,0,121
train_06969,random-path,1027,44036,741220,3559699,10043089.0,0,121
train_06973,bfs,993,2,6996,7722,54191.0,0,118
train_06973,default,993,2,6996,6591,45278.0,0,118
train_06973,dfs,993,2,6996,7120,43644.0,0,118
train_06973,nurs_covnew,993,2,6996,6978,44513.0,0,118
train_06973,nurs_md2u,993,2,6996,6287,43848.0,0,118
train_06973,nurs_qc,993,2,6996,6956,44051.0,0,118
train_06973,random-path,993,2,6996,5622,41631.0,0,118
train_06977,bfs,1041,1292,665679,8243439,10250175.0,0,120
train_06977,default,1041,1167,585862,7534143,10516541.0,0,120
train_06977,dfs,1041,545,285712,9036510,10309039.0,0,120
train_06977,nurs_covnew,1041,1241,614935,8261975,10784785.0,0,120
train_06977,nurs_md2u,1041,1241,615123,8359568,10980790.0,0,120
train_06977,nurs_qc,1041,1206,609865,8180776,10570061.0,0,120
train_06977,random-path,1041,963,493558,7447957,10229796.0,0,120
train_07008,bfs,1041,29989,930813,10377098,32300375.0,0,120
train_07008,default,1041,20843,567775,7745182,28283437.0,0,120
train_07008,dfs,989,586,21802,11240712,13989259.0,0,120
train_07008,nurs_covnew,1041,19730,549810,9049664,29176825.0,0,120
train_07008,nurs_md2u,1041,19636,530162,3695476,10037576.0,0,120
train_07008,nurs_qc,1041,19494,525857,3823114,10026684.0,0,120
train_07008,random-path,1041,22123,622826,8134175,28652525.0,0,120
train_07055,bfs,985,1,6603700,0,10067481.0,0,119
train_07055,default,985,1,6037648,0,10070354.0,0,119
train_07055,dfs,985,1,6658466,0,10066333.0,0,119
train_07055,nurs_covnew,985,1,6246767,0,10067080.0,0,119
train_07055,nurs_md2u,985,1,6216418,0,10075267.0,0,119
train_07055,nurs_qc,985,1,6391264,0,10067132.0,0,119
train_07055,random-path,985,1,6710076,0,10065677.0,0,119
train_07059,bfs,927,1,10089235,0,10027982.0,0,120
train_07059,default,927,1,9384424,0,10027197.0,0,120
train_07059,dfs,927,1,10269964,0,10027802.0,0,120
train_07059,nurs_covnew,927,1,9897446,0,10029015.0,0,120
train_07059,nurs_md2u,927,1,9414015,0,10027336.0,0,120
train_07059,nurs_qc,927,1,9924200,0,10027405.0,0,120
train_07059,random-path,927,1,10396702,0,10040074.0,0,120
train_07062,bfs,963,1,6943,2,35342.0,0,115
train_07062,default,963,1,6943,2,52281.0,0,115
train_07062,dfs,963,1,6943,1,36643.0,0,115
train_07062,nurs_covnew,963,1,6943,1,36770.0,0,115
train_07062,nurs_md2u,963,1,6943,1,53215.0,0,115
train_07062,nurs_qc,963,1,6943,1,52014.0,0,115
train_07062,random-path,963,1,6943,1,51261.0,0,115
train_07067,bfs,971,2,6947,33879,71193.0,0,138
train_07067,default,971,2,6947,34620,106956.0,0,138
train_07067,dfs,971,2,6947,32083,84467.0,0,138
train_07067,nurs_covnew,971,2,6947,34942,85667.0,0,138
train_07067,nurs_md2u,971,2,6947,35459,74473.0,0,138
train_07067,nurs_qc,971,2,6947,36156,78304.0,0,138
train_07067,random-path,971,2,6947,38437,95984.0,0,138
train_07068,bfs,1065,27,7974,10508161,10623442.0,0,123
train_07068,default,1056,26,7607,10582209,10744334.0,0,123
train_07068,dfs,1047,22,7805,10622827,10803981.0,0,123
train_07068,nurs_covnew,1056,26,7485,10485057,10679855.0,0,123
train_07068,nurs_md2u,1056,26,7485,10476652,10657255.0,0,123
train_07068,nurs_qc,1056,25,7451,10598047,10735076.0,0,123
train_07068,random-path,1056,27,7744,10591720,10730285.0,0,123
train_07112,bfs,1039,44,37324,9601547,10057848.0,0,122
train_07112,default,1039,43,36584,9415497,10088940.0,0,122
train_07112,dfs,1039,42,35829,9415297,10046469.0,0,122
train_07112,nurs_covnew,1039,42,35425,9545705,10067078.0,0,122
train_07112,nurs_md2u,1039,43,36694,9493090,10079571.0,0,122
train_07112,nurs_qc,1039,45,37742,9489356,10063832.0,0,122
train_07112,random-path,1039,43,36628,9518518,10064607.0,0,122
train_07163,bfs,967,1,6943,3,56120.0,0,115
train_07163,default,967,1,6943,2,56795.0,0,115
train_07163,dfs,967,1,6943,3,36374.0,0,115
train_07163,nurs_covnew,967,1,6943,2,49628.0,0,115
train_07163,nurs_md2u,967,1,6943,1,36610.0,0,115
train_07163,nurs_qc,967,1,6943,2,71905.0,0,115
train_07163,random-path,967,1,6943,2,42701.0,0,115
train_07164,bfs,0,0,0,0,31799.0,0,122
train_07164,default,0,0,0,0,10890.0,0,122
train_07164,dfs,0,0,0,0,1124.0,0,122
train_07164,nurs_covnew,0,0,0,0,1136.0,0,122
train_07164,nurs_md2u,0,0,0,0,13523.0,0,122
train_07164,nurs_qc,0,0,0,0,20930.0,0,122
train_07164,random-path,0,0,0,0,31389.0,0,122
train_07172,bfs,1112,109,6227767,789921,10059452.0,0,122
train_07172,default,1112,435,773107,7582282,10993440.0,0,122
train_07172,dfs,1112,108,6112406,787588,10073981.0,0,122
train_07172,nurs_covnew,1112,464,488549,8403689,11053561.0,0,122
train_07172,nurs_md2u,1112,460,478706,8467390,11137945.0,0,122
train_07172,nurs_qc,1112,387,798999,7817137,10750362.0,0,122
train_07172,random-path,1112,109,4358184,784657,10073325.0,0,122
train_07215,bfs,948,1,9606927,1865,9566481.0,0,127
train_07215,default,948,1,9205651,1939,10058325.0,0,127
train_07215,dfs,948,1,9606927,1863,9598182.0,0,127
train_07215,nurs_covnew,948,1,9606927,1917,9824265.0,0,127
train_07215,nurs_md2u,948,1,9606927,1892,9874714.0,0,127
train_07215,nurs_qc,948,1,9606927,1899,9733548.0,0,127
train_07215,random-path,948,1,9606927,1926,9935117.0,0,127
train_07216,bfs,1018,2,6967,8910,90429.0,0,130
train_07216,default,1018,2,6967,8393,88518.0,0,130
train_07216,dfs,1018,2,6967,7335,54754.0,0,130
train_07216,nurs_covnew,1018,2,6967,9300,88995.0,0,130
train_07216,nurs_md2u,1018,2,6967,8329,56874.0,0,130
train_07216,nurs_qc,1018,2,6967,7684,58486.0,0,130
train_07216,random-path,1018,2,6967,8827,79245.0,0,130
train_07265,bfs,1277,25,8748,11664345,12058425.0,0,130
train_07265,default,1165,17,7582,11438095,11567730.0,0,130
train_07265,dfs,1277,10,7988,11436717,11575357.0,0,130
train_07265,nurs_covnew,1147,17,7583,11516363,11619430.0,0,130
train_07265,nurs_md2u,1147,17,7583,11554252,11704631.0,0,130
train_07265,nurs_qc,1095,17,7408,11727674,11830658.0,0,130
train_07265,random-path,1230,18,7774,12494715,12725025.0,0,130
train_07269,bfs,1013,22,24632,9688261,10045633.0,0,118
train_07269,default,1013,44,24209,9763003,10062201.0,0,118
train_07269,dfs,1013,21,25201,9837782,10078698.0,0,118
train_07269,nurs_covnew,1013,54,23828,9761386,10072377.0,0,118
train_07269,nurs_md2u,1013,55,24199,9756633,10078123.0,0,118
train_07269,nurs_qc,1013,63,23358,9775996,10094246.0,0,118
train_07269,random-path,1013,27,25799,9749312,10083191.0,0,118
train_07270,bfs,1019,8,7285,11955690,12010699.0,0,118
train_07270,default,1019,8,7302,12014518,12062617.0,0,118
train_07270,dfs,1019,8,7323,11742239,11784818.0,0,118
train_07270,nurs_covnew,1019,8,7305,12182615,12230096.0,0,118
train_07270,nurs_md2u,1019,8,7305,12078427,12127535.0,0,118
train_07270,nurs_qc,1019,8,7323,12059767,12105668.0,0,118
train_07270,random-path,1019,8,7310,11991739,12046449.0,0,118
train_07271,bfs,1031,20,7551,12912185,12996809.0,0,120
train_07271,default,1031,20,7409,12627817,12698602.0,0,120
train_07271,dfs,1031,12,7470,12516901,12573596.0,0,120
train_07271,nurs_covnew,1031,24,7411,12664996,12732980.0,0,120
train_07271,nurs_md2u,1031,24,7411,12541467,12614907.0,0,120
train_07271,nurs_qc,1031,31,7563,12594410,12669396.0,0,120
train_07271,random-path,1031,17,7420,12558485,12626529.0,0,120
train_07272,bfs,990,86,7344,11124076,11663486.0,0,131
train_07272,default,963,87,7497,10616703,11120688.0,0,131
train_07272,dfs,950,84,7419,11167206,11331247.0,0,131
train_07272,nurs_covnew,955,86,7523,11123526,11299940.0,0,131
train_07272,nurs_md2u,955,86,7532,10911123,11065966.0,0,131
train_07272,nurs_qc,956,86,7521,10962715,11162780.0,0,131
train_07272,random-path,964,87,7458,10188158,10688600.0,0,131
train_07273,bfs,1064,615,344024,8489373,10129826.0,0,121
train_07273,default,1064,602,336911,7847833,10114067.0,0,121
train_07273,dfs,1064,610,341311,8506622,10133947.0,0,121
train_07273,nurs_covnew,1064,635,355061,8536087,10120134.0,0,121
train_07273,nurs_md2u,1064,632,353411,8543686,10103750.0,0,121
train_07273,nurs_qc,1064,619,346261,8531268,10103434.0,0,121
train_07273,random-path,1064,587,328661,7466627,10106839.0,0,121
train_07277,bfs,1045,28165,5000492,5032882,19449619.0,0,127
train_07277,default,1045,9112,2347126,2185025,13240677.0,0,127
train_07277,dfs,1051,26,6314401,2495521,10032096.0,0,127
train_07277,nurs_covnew,1045,9823,2432078,2437191,14425052.0,0,127
train_07277,nurs_md2u,1045,10565,2422377,2567277,14247779.0,0,127
train_07277,nurs_qc,1045,10875,2455836,2663600,14405185.0,0,127
train_07277,random-path,1045,14670,2576550,3137418,16036250.0,0,127
train_07282,bfs,985,1,9834262,3,10027487.0,0,131
train_07282,default,985,1,9178139,4,10028258.0,0,131
train_07282,dfs,985,1,9683434,3,10028136.0,0,131
train_07282,nurs_covnew,985,1,9183227,4,10070489.0,0,131
train_07282,nurs_md2u,985,1,9423869,4,10028555.0,0,131
train_07282,nurs_qc,985,1,9550296,4,10028933.0,0,131
train_07282,random-path,985,1,9525821,4,10028170.0,0,131
train_07288,bfs,1048,3,166989,28014,251129.0,0,120
train_07288,default,1048,3,166989,25410,261391.0,0,120
train_07288,dfs,1048,3,166989,25199,254081.0,0,120
train_07288,nurs_covnew,1048,3,166989,24815,268025.0,0,120
train_07288,nurs_md2u,1048,3,166989,26581,258288.0,0,120
train_07288,nurs_qc,1048,3,166989,26157,255747.0,0,120
train_07288,random-path,1048,3,166989,30553,261356.0,0,120
train_07289,bfs,987,1,6947,2,43810.0,0,123
train_07289,default,987,1,6947,2,37743.0,0,123
train_07289,dfs,987,1,6947,1,36910.0,0,123
train_07289,nurs_covnew,987,1,6947,2,37854.0,0,123
train_07289,nurs_md2u,987,1,6947,2,37580.0,0,123
train_07289,nurs_qc,987,1,6947,1,37958.0,0,123
train_07289,random-path,987,1,6947,1,36038.0,0,123
train_07367,bfs,965,1,6942,2,36215.0,0,115
train_07367,default,965,1,6942,2,37444.0,0,115
train_07367,dfs,965,1,6942,1,36322.0,0,115
train_07367,nurs_covnew,965,1,6942,2,38469.0,0,115
train_07367,nurs_md2u,965,1,6942,1,37516.0,0,115
train_07367,nurs_qc,965,1,6942,2,37876.0,0,115
train_07367,random-path,965,1,6942,2,35764.0,0,115
train_07371,bfs,986,101,9360,11027707,11168642.0,0,117
train_07371,default,960,90,7320,33951877,34046648.0,0,117
train_07371,dfs,986,92,7596,20061314,20204740.0,0,117
train_07371,nurs_covnew,955,100,7741,10903724,11107852.0,0,117
train_07371,nurs_md2u,956,100,7739,11054121,11163047.0,0,117
train_07371,nurs_qc,936,96,7381,10329584,10444911.0,0,117
train_07371,random-path,975,88,7329,11069695,11236516.0,0,117
train_07374,bfs,981,609,36011,8600962,10099325.0,0,116
train_07374,default,981,600,35557,8639914,10174468.0,0,116
train_07374,dfs,981,619,36529,8695817,10164502.0,0,116
train_07374,nurs_covnew,981,613,36162,8702620,10186243.0,0,116
train_07374,nurs_md2u,981,601,35591,8626812,10134615.0,0,116
train_07374,nurs_qc,981,603,35761,8625342,10161901.0,0,116
train_07374,random-path,981,590,35089,8519387,10129585.0,0,116
train_07471,bfs,1007,487,1444417,6486828,10070138.0,0,118
train_07471,default,1007,448,1229459,5458238,10112523.0,0,118
train_07471,dfs,1005,496,1500490,6617479,10068058.0,0,118
train_07471,nurs_covnew,1007,486,1438587,6603842,10137304.0,0,118
train_07471,nurs_md2u,1007,499,1515807,6632865,10085770.0,0,118
train_07471,nurs_qc,1007,514,1607427,6903585,10160737.0,0,118
train_07471,random-path,1007,414,1047959,4650455,10065858.0,0,118
train_07474,bfs,971,1,6950,2,36116.0,0,115
train_07474,default,971,1,6950,2,37263.0,0,115
train_07474,dfs,971,1,6950,2,36770.0,0,115
train_07474,nurs_covnew,971,1,6950,2,37652.0,0,115
train_07474,nurs_md2u,971,1,6950,1,37389.0,0,115
train_07474,nurs_qc,971,1,6950,1,37910.0,0,115
train_07474,random-path,971,1,6950,1,35803.0,0,115
train_07475,bfs,945,1,11032862,4,10027521.0,0,119
train_07475,default,945,1,10077474,4,10027436.0,0,119
train_07475,dfs,945,1,11605807,3,10026933.0,0,119
train_07475,nurs_covnew,945,1,11093764,4,10027494.0,0,119
train_07475,nurs_md2u,945,1,10942005,4,10027841.0,0,119
train_07475,nurs_qc,945,1,10993177,3,10028128.0,0,119
train_07475,random-path,945,1,11560435,4,10027403.0,0,119
train_07478,bfs,964,1,6943,1,35970.0,0,115
train_07478,default,964,1,6943,2,37800.0,0,115
train_07478,dfs,964,1,6943,1,35764.0,0,115
train_07478,nurs_covnew,964,1,6943,1,38214.0,0,115
train_07478,nurs_md2u,964,1,6943,2,40622.0,0,115
train_07478,nurs_qc,964,1,6943,1,37619.0,0,115
train_07478,random-path,964,1,6943,1,37123.0,0,115
train_07576,bfs,1162,64,19077,10469040,10557653.0,0,123
train_07576,default,1162,96,17997,10763368,10879205.0,0,123
train_07576,dfs,1162,18,12492,10410841,10472438.0,0,123
train_07576,nurs_covnew,1162,449,66559,11368835,11899632.0,0,123
train_07576,nurs_md2u,1162,494,69990,11652044,12231958.0,0,123
train_07576,nurs_qc,1162,729,127881,12296158,13481214.0,0,123
train_07576,random-path,1162,53,15690,10715190,10811477.0,0,123
train_07577,bfs,1038,52,8816,10211449,10400406.0,0,126
train_07577,default,1032,52,7416,10265603,10421512.0,0,126
train_07577,dfs,1018,50,15926,10027724,10291473.0,0,126
train_07577,nurs_covnew,962,50,7309,10340985,10481230.0,0,126
train_07577,nurs_md2u,962,50,7309,10414998,10561237.0,0,126
train_07577,nurs_qc,973,49,7312,10450665,10607615.0,0,126
train_07577,random-path,1066,113,17874,13610377,13956307.0,0,126
train_07583,bfs,1123,52,1276370,3934051,10932224.0,0,129
train_07583,default,1123,61,22758,7658328,11063813.0,0,129
train_07583,dfs,1123,52,1322025,3917187,10825556.0,0,129
train_07583,nurs_covnew,1123,54,14232,7861700,11222249.0,0,129
train_07583,nurs_md2u,1123,56,14970,7800365,11166305.0,0,129
train_07583,nurs_qc,1123,54,22065,6147162,11223524.0,0,129
train_07583,random-path,1123,47,467844,5528415,10999552.0,0,129
train_07587,bfs,993,1,6952,3,36732.0,0,119
train_07587,default,993,1,6952,4,52644.0,0,119
train_07587,dfs,993,1,6952,2,36740.0,0,119
train_07587,nurs_covnew,993,1,6952,2,38593.0,0,119
train_07587,nurs_md2u,993,1,6952,2,38325.0,0,119
train_07587,nurs_qc,993,1,6952,2,38052.0,0,119
train_07587,random-path,993,1,6952,2,38475.0,0,119
train_07630,bfs,994,1,6957,2,37987.0,0,145
train_07630,default,994,1,6957,2,39549.0,0,145
train_07630,dfs,994,1,6957,2,38019.0,0,145
train_07630,nurs_covnew,994,1,6957,3,39531.0,0,145
train_07630,nurs_md2u,994,1,6957,2,38791.0,0,145
train_07630,nurs_qc,994,1,6957,2,40169.0,0,145
train_07630,random-path,994,1,6957,2,37849.0,0,145
train_07632,bfs,1025,2,6968,15541,90795.0,0,124
train_07632,default,1025,2,6968,19378,108266.0,0,124
train_07632,dfs,1025,2,6968,12146,85239.0,0,124
train_07632,nurs_covnew,1025,2,6968,15891,91689.0,0,124
train_07632,nurs_md2u,1025,2,6968,14812,89283.0,0,124
train_07632,nurs_qc,1025,2,6968,15156,87828.0,0,124
train_07632,random-path,1025,2,6968,14467,86504.0,0,124
train_07682,bfs,1179,446,1821014,6152357,10100586.0,0,123
train_07682,default,1179,380,1152312,5219699,10833772.0,0,123
train_07682,dfs,1179,437,1789981,6119870,10082363.0,0,123
train_07682,nurs_covnew,1179,403,1105384,5948047,11366139.0,0,123
train_07682,nurs_md2u,1179,404,1111330,5860482,11247247.0,0,123
train_07682,nurs_qc,1179,353,1317610,5206316,10429900.0,0,123
train_07682,random-path,1179,345,1385865,3990248,10144509.0,0,123
train_07684,bfs,958,1,6942,2,36989.0,0,115
train_07684,default,958,1,6942,2,38016.0,0,115
train_07684,dfs,958,1,6942,1,37089.0,0,115
train_07684,nurs_covnew,958,1,6942,2,52123.0,0,115
train_07684,nurs_md2u,958,1,6942,2,42550.0,0,115
train_07684,nurs_qc,958,1,6942,2,39165.0,0,115
train_07684,random-path,958,1,6942,2,35961.0,0,115
train_07688,bfs,1019,51181,965109,10034409,28030947.0,0,120
train_07688,default,1019,37050,510359,9551994,28951531.0,0,120
train_07688,dfs,1015,850,24445,15539652,20356108.0,0,120
train_07688,nurs_covnew,1019,41196,498161,11214730,32279269.0,0,120
train_07688,nurs_md2u,1019,39537,439162,3999534,10031595.0,0,120
train_07688,nurs_qc,1019,37559,418800,4194563,10032194.0,0,120
train_07688,random-path,1019,39597,586171,9912243,29222110.0,0,120
train_07692,bfs,1069,7,39210,9860757,10050800.0,0,128
train_07692,default,1084,90,39467,9700761,10091989.0,0,128
train_07692,dfs,1006,4,19360,9903076,10046845.0,0,128
train_07692,nurs_covnew,1084,111,35277,9709153,10166823.0,0,128
train_07692,nurs_md2u,1084,113,36342,9693124,10125003.0,0,128
train_07692,nurs_qc,1084,143,32853,9722983,10148106.0,0,128
train_07692,random-path,1084,23,39586,9785691,10045882.0,0,128
train_07736,bfs,1006,77,7258,9495883,11812930.0,0,122
train_07736,default,954,76,7237,8179227,10455577.0,0,122
train_07736,dfs,949,76,7235,9738750,12100562.0,0,122
train_07736,nurs_covnew,950,76,7236,8899958,11231722.0,0,122
train_07736,nurs_md2u,950,76,7236,8375619,10664034.0,0,122
train_07736,nurs_qc,950,76,7236,8165173,10459973.0,0,122
train_07736,random-path,951,76,7236,8949766,11337704.0,0,122
train_07788,bfs,980,3,6407279,6705803,13231544.0,0,123
train_07788,default,1006,3,6407292,6857274,13689230.0,0,123
train_07788,dfs,1040,3,6407326,6731762,13204665.0,0,123
train_07788,nurs_covnew,992,3,6407286,6787800,13422976.0,0,123
train_07788,nurs_md2u,992,3,6407286,6699016,13469017.0,0,123
train_07788,nurs_qc,992,3,6407286,6767716,13336956.0,0,123
train_07788,random-path,1014,3,6407297,6857634,13209565.0,0,123
train_07793,bfs,1072,3,7064,978863,1608412.0,0,124
train_07793,default,1072,3,7064,1114961,1760025.0,0,124
train_07793,dfs,1072,3,7064,1232468,1891277.0,0,124
train_07793,nurs_covnew,1072,3,7064,1148384,1889554.0,0,124
train_07793,nurs_md2u,1072,3,7064,1101713,1717561.0,0,124
train_07793,nurs_qc,1072,3,7064,1051746,1670733.0,0,124
train_07793,random-path,1072,3,7064,1233640,1845559.0,0,124
train_07795,bfs,985,1,6950,1,36453.0,0,116
train_07795,default,985,1,6950,2,38216.0,0,116
train_07795,dfs,985,1,6950,2,36287.0,0,116
train_07795,nurs_covnew,985,1,6950,1,38301.0,0,116
train_07795,nurs_md2u,985,1,6950,1,37853.0,0,116
train_07795,nurs_qc,985,1,6950,1,37129.0,0,116
train_07795,random-path,985,1,6950,2,36225.0,0,116
train_07798,bfs,989,2,7055422,2033236,10029473.0,0,120
train_07798,default,989,2,6979300,2018167,10066703.0,0,120
train_07798,dfs,946,2,7420435,2146366,10027429.0,0,120
train_07798,nurs_covnew,989,2,6979645,2011490,10029269.0,0,120
train_07798,nurs_md2u,989,2,6923604,1992937,10027799.0,0,120
train_07798,nurs_qc,989,2,6993281,2023216,10045104.0,0,120
train_07798,random-path,989,2,7128905,2056804,10029886.0,0,120
train_07799,bfs,1075,93,100948,9882992,10260392.0,0,122
train_07799,default,1075,257,39061,9684155,11151824.0,0,122
train_07799,dfs,990,580,37495,7992996,10180427.0,0,122
train_07799,nurs_covnew,1075,134,31512,10533248,11169534.0,0,122
train_07799,nurs_md2u,1075,138,31703,10583635,11204310.0,0,122
train_07799,nurs_qc,1075,165,31793,10402208,11170680.0,0,122
train_07799,random-path,1075,557,58208,8125382,10208883.0,0,122
train_07802,bfs,1010,417,30116,8441954,10198031.0,0,118
train_07802,default,1010,398,29067,8170422,10161428.0,0,118
train_07802,dfs,1010,397,29033,8374899,10169030.0,0,118
train_07802,nurs_covnew,1010,417,30133,8411275,10149189.0,0,118
train_07802,nurs_md2u,1010,406,29526,8140853,10172822.0,0,118
train_07802,nurs_qc,1010,399,29145,8314905,10222884.0,0,118
train_07802,random-path,1010,397,29012,8364604,10202658.0,0,118
train_07806,bfs,942,1,6910,0,3442259.0,0,120
train_07806,default,942,1,6910,0,3515969.0,0,120
train_07806,dfs,967,2,6952,194914,10487833.0,0,120
train_07806,nurs_covnew,942,1,6910,0,3417968.0,0,120
train_07806,nurs_md2u,942,1,6910,0,3418536.0,0,120
train_07806,nurs_qc,942,1,6910,0,3431574.0,0,120
train_07806,random-path,942,1,6910,0,3407956.0,0,120
train_07807,bfs,938,1,10270886,631,10028971.0,0,124
train_07807,default,938,1,9505859,856,10049257.0,0,124
train_07807,dfs,938,1,9955698,625,10028621.0,0,124
train_07807,nurs_covnew,938,1,9625721,694,10031619.0,0,124
train_07807,nurs_md2u,938,1,9659418,675,10030119.0,0,124
train_07807,nurs_qc,938,1,9979610,793,10030478.0,0,124
train_07807,random-path,938,1,10311530,616,10029970.0,0,124
train_07890,bfs,976,1,6948,2,69398.0,0,117
train_07890,default,976,1,6948,2,49671.0,0,117
train_07890,dfs,976,1,6948,2,36275.0,0,117
train_07890,nurs_covnew,976,1,6948,1,50696.0,0,117
train_07890,nurs_md2u,976,1,6948,1,37189.0,0,117
train_07890,nurs_qc,976,1,6948,1,76400.0,0,117
train_07890,random-path,976,1,6948,1,36036.0,0,117
train_07895,bfs,990,1,6954,2,36532.0,0,123
train_07895,default,990,1,6954,2,72384.0,0,123
train_07895,dfs,990,1,6954,1,43112.0,0,123
train_07895,nurs_covnew,990,1,6954,1,37874.0,0,123
train_07895,nurs_md2u,990,1,6954,2,38669.0,0,123
train_07895,nurs_qc,990,1,6954,2,80124.0,0,123
train_07895,random-path,990,1,6954,2,36551.0,0,123
train_07904,bfs,978,1,9889139,2,10033136.0,0,120
train_07904,default,978,1,9469673,2,10027599.0,0,120
train_07904,dfs,978,1,9920525,2,10038746.0,0,120
train_07904,nurs_covnew,978,1,9378864,2,10028270.0,0,120
train_07904,nurs_md2u,978,1,9720993,2,10028097.0,0,120
train_07904,nurs_qc,978,1,9674005,2,10027919.0,0,120
train_07904,random-path,978,1,10090564,2,10028126.0,0,120
train_07942,bfs,995,4189,1136210,6403719,10325558.0,0,117
train_07942,default,995,1002,76023,9187809,10241515.0,0,117
train_07942,dfs,988,445,27687,9053695,10163206.0,0,117
train_07942,nurs_covnew,995,1276,211095,8679038,10630272.0,0,117
train_07942,nurs_md2u,995,1305,218849,8725141,10603709.0,0,117
train_07942,nurs_qc,995,1511,291701,8581126,10448716.0,0,117
train_07942,random-path,995,808,48877,9200870,10167849.0,0,117
train_07943,bfs,989,463,29462,9609875,10198494.0,0,120
train_07943,default,989,457,29166,9489949,10144042.0,0,120
train_07943,dfs,989,471,29891,9606224,10138795.0,0,120
train_07943,nurs_covnew,989,460,29283,9598286,10166530.0,0,120
train_07943,nurs_md2u,989,431,27935,9527372,10122832.0,0,120
train_07943,nurs_qc,989,461,29401,9521513,10109337.0,0,120
train_07943,random-path,989,447,28675,9530544,10151699.0,0,120
train_07944,bfs,1001,22164,373699,10171421,20361528.0,0,117
train_07944,default,1001,13437,204532,9214487,17935497.0,0,117
train_07944,dfs,1001,605,21515,10761703,12247956.0,0,117
train_07944,nurs_covnew,1001,15387,225016,9437690,19001812.0,0,117
train_07944,nurs_md2u,1001,15444,225848,9422844,19009642.0,0,117
train_07944,nurs_qc,1001,12337,182304,9918943,17805046.0,0,117
train_07944,random-path,1001,13391,208278,9543165,16666192.0,0,117
train_07991,bfs,1048,8,7089,11173059,11227773.0,0,121
train_07991,default,1053,12,7229,10066578,10136997.0,0,121
train_07991,dfs,1048,6,7064,11128887,11201531.0,0,121
train_07991,nurs_covnew,1053,22,7742,12835372,12988162.0,0,121
train_07991,nurs_md2u,1053,21,7661,11126422,11202360.0,0,121
train_07991,nurs_qc,1053,22,7671,13325243,13454152.0,0,121
train_07991,random-path,1053,10,7185,10174784,10240510.0,0,121
train_07992,bfs,963,1,6942,1,36326.0,0,115
train_07992,default,963,1,6942,1,38446.0,0,115
train_07992,dfs,963,1,6942,1,38807.0,0,115
train_07992,nurs_covnew,963,1,6942,2,40788.0,0,115
train_07992,nurs_md2u,963,1,6942,1,38744.0,0,115
train_07992,nurs_qc,963,1,6942,2,40550.0,0,115
train_07992,random-path,963,1,6942,1,36459.0,0,115
train_07993,bfs,1096,5,122739,9998774,10438799.0,0,126
train_07993,default,1096,5,117957,9830262,10321355.0,0,126
train_07993,dfs,1092,5,123624,9960945,10386628.0,0,126
train_07993,nurs_covnew,1096,5,119885,9831559,10278925.0,0,126
train_07993,nurs_md2u,1096,5,121813,9845211,10262941.0,0,126
train_07993,nurs_qc,1096,5,123741,10223539,10606827.0,0,126
train_07993,random-path,1096,5,123741,9994061,10381841.0,0,126
train_07996,bfs,976,1,6947,2,36825.0,0,117
train_07996,default,976,1,6947,2,38552.0,0,117
train_07996,dfs,976,1,6947,1,36399.0,0,117
train_07996,nurs_covnew,976,1,6947,2,38252.0,0,117
train_07996,nurs_md2u,976,1,6947,2,39060.0,0,117
train_07996,nurs_qc,976,1,6947,1,41098.0,0,117
train_07996,random-path,976,1,6947,3,36538.0,0,117
train_07997,bfs,975,1,6948,2,36528.0,0,116
train_07997,default,975,1,6948,2,39008.0,0,116
train_07997,dfs,975,1,6948,2,37384.0,0,116
train_07997,nurs_covnew,975,1,6948,2,45847.0,0,116
train_07997,nurs_md2u,975,1,6948,2,39855.0,0,116
train_07997,nurs_qc,975,1,6948,1,39956.0,0,116
train_07997,random-path,975,1,6948,1,40623.0,0,116
train_08004,bfs,962,2,6882325,2830780,10031643.0,0,120
train_08004,default,1035,3,6267275,2807662,10034280.0,0,120
train_08004,dfs,1035,3,6771285,2846966,10030047.0,0,120
train_08004,nurs_covnew,1035,3,6081223,2719463,10030260.0,0,120
train_08004,nurs_md2u,1035,3,6368137,2773955,10030340.0,0,120
train_08004,nurs_qc,1035,3,6408140,2836909,10048495.0,0,120
train_08004,random-path,1035,3,6613952,2874034,10076855.0,0,120
train_08017,bfs,969,1,6946,1,35945.0,0,115
train_08017,default,969,1,6946,1,37592.0,0,115
train_08017,dfs,969,1,6946,1,37256.0,0,115
train_08017,nurs_covnew,969,1,6946,1,38199.0,0,115
train_08017,nurs_md2u,969,1,6946,2,83542.0,0,115
train_08017,nurs_qc,969,1,6946,2,37578.0,0,115
train_08017,random-path,969,1,6946,2,39213.0,0,115
train_08098,bfs,999,14,3808630,5482020,10053780.0,0,117
train_08098,default,999,14,3634956,5485195,10031208.0,0,117
train_08098,dfs,999,14,3869874,5607046,10075620.0,0,117
train_08098,nurs_covnew,999,14,3681138,5461984,10030268.0,0,117
train_08098,nurs_md2u,999,14,3754134,5547861,10029618.0,0,117
train_08098,nurs_qc,999,14,3782314,5550304,10030069.0,0,117
train_08098,random-path,999,14,3730937,5617500,10031652.0,0,117
train_08099,bfs,1232,85,36783,10665953,11055812.0,0,135
train_08099,default,1174,83,10461,10016282,10219369.0,0,135
train_08099,dfs,1098,86,11258,9905818,10137863.0,0,135
train_08099,nurs_covnew,1094,82,9638,10149781,10390848.0,0,135
train_08099,nurs_md2u,1094,82,9638,10258745,10491514.0,0,135
train_08099,nurs_qc,1094,82,9630,10451993,10666789.0,0,135
train_08099,random-path,1228,83,19812,10685431,10993983.0,0,135
train_08102,bfs,973,1,6948,2,36623.0,0,115
train_08102,default,973,1,6948,2,44812.0,0,115
train_08102,dfs,973,1,6948,2,36608.0,0,115
train_08102,nurs_covnew,973,1,6948,3,42814.0,0,115
train_08102,nurs_md2u,973,1,6948,2,37908.0,0,115
train_08102,nurs_qc,973,1,6948,2,37459.0,0,115
train_08102,random-path,973,1,6948,2,36401.0,0,115
train_08104,bfs,1055,185,248080,3678103,10382262.0,0,135
train_08104,default,1055,161,189779,4450822,10470196.0,0,135
train_08104,dfs,1055,190,261293,3607623,10422435.0,0,135
train_08104,nurs_covnew,1055,175,222833,4032823,10406882.0,0,135
train_08104,nurs_md2u,1055,161,190440,4412377,10404402.0,0,135
train_08104,nurs_qc,1055,159,185281,4592997,10422247.0,0,135
train_08104,random-path,1055,181,239337,3606342,10382145.0,0,135
train_08108,bfs,993,4,5907379,2990417,10027091.0,0,119
train_08108,default,1024,46916,1101508,3052901,10025882.0,0,119
train_08108,dfs,983,3,5899983,3053166,10036166.0,0,119
train_08108,nurs_covnew,1024,51956,774414,3417007,10026067.0,0,119
train_08108,nurs_md2u,1024,50327,800287,10004759,32941435.0,0,119
train_08108,nurs_qc,1024,51863,772940,3363436,10025868.0,0,119
train_08108,random-path,1024,46587,1711054,8834766,29671546.0,0,119
train_08202,bfs,1010,57,8788,10858218,10935215.0,0,119
train_08202,default,1010,59,8778,9977394,10082932.0,0,119
train_08202,dfs,1010,17,7533,11043887,11092343.0,0,119
train_08202,nurs_covnew,1010,62,8784,15387661,15499619.0,0,119
train_08202,nurs_md2u,1010,62,8784,15306627,15407214.0,0,119
train_08202,nurs_qc,1010,58,8514,10812124,10945638.0,0,119
train_08202,random-path,1010,59,8765,10852640,10936222.0,0,119
train_08204,bfs,1039,54,4736847,3761383,10028108.0,0,121
train_08204,default,1039,102,3553493,3694707,10067080.0,0,121
train_08204,dfs,1039,53,4788680,3790510,10031651.0,0,121
train_08204,nurs_covnew,1039,102,3513790,4240943,10071353.0,0,121
train_08204,nurs_md2u,1039,102,3556497,4320435,10072610.0,0,121
train_08204,nurs_qc,1039,102,3569319,4362607,10074061.0,0,121
train_08204,random-path,1039,64,4118492,3282135,10036595.0,0,121
train_08206,bfs,993,1,6954,114,39881.0,0,119
train_08206,default,993,1,6954,113,41799.0,0,119
train_08206,dfs,993,1,6954,117,39478.0,0,119
train_08206,nurs_covnew,993,1,6954,114,41079.0,0,119
train_08206,nurs_md2u,993,1,6954,114,41475.0,0,119
train_08206,nurs_qc,993,1,6954,119,41128.0,0,119
train_08206,random-path,993,1,6954,113,39708.0,0,119
train_08207,bfs,963,1,6943,2,35833.0,0,115
train_08207,default,963,1,6943,1,38904.0,0,115
train_08207,dfs,963,1,6943,3,35682.0,0,115
train_08207,nurs_covnew,963,1,6943,1,38084.0,0,115
train_08207,nurs_md2u,963,1,6943,2,38819.0,0,115
train_08207,nurs_qc,963,1,6943,2,38292.0,0,115
train_08207,random-path,963,1,6943,1,36466.0,0,115
train_08209,bfs,1054,5,9593134,35885,10027138.0,0,125
train_08209,default,1058,483,777613,8199611,10297689.0,0,125
train_08209,dfs,984,4,9730530,23981,10038659.0,0,125
train_08209,nurs_covnew,1058,504,665609,8695924,10421473.0,0,125
train_08209,nurs_md2u,1058,505,666487,8658322,10398232.0,0,125
train_08209,nurs_qc,1058,490,687018,8600837,10182690.0,0,125
train_08209,random-path,1058,463,1033810,7512596,10088923.0,0,125
train_08218,bfs,1142,47,1169566,531362,10030537.0,0,127
train_08218,default,1142,155,800286,1519337,10171597.0,0,127
train_08218,dfs,1142,46,1145488,544832,10030357.0,0,127
train_08218,nurs_covnew,1142,186,708069,2144938,10232283.0,0,127
train_08218,nurs_md2u,1142,188,720179,2077657,10235274.0,0,127
train_08218,nurs_qc,1142,185,700287,2147184,10181927.0,0,127
train_08218,random-path,1142,54,1067613,544551,10041893.0,0,127
train_08305,bfs,939,296,8208,17627953,18538677.0,0,117
train_08305,default,951,213,7812,14540946,15376141.0,0,117
train_08305,dfs,991,213,7835,15549755,16616979.0,0,117
train_08305,nurs_covnew,944,228,8049,14873905,15928125.0,0,117
train_08305,nurs_md2u,944,228,8049,14438017,15494476.0,0,117
train_08305,nurs_qc,942,232,8047,14904142,15986510.0,0,117
train_08305,random-path,942,213,7802,16017786,16840098.0,0,117
train_08308,bfs,979,1,6949,2,70875.0,0,117
train_08308,default,979,1,6949,3,90123.0,0,117
train_08308,dfs,979,1,6949,2,70211.0,0,117
train_08308,nurs_covnew,979,1,6949,2,72449.0,0,117
train_08308,nurs_md2u,979,1,6949,3,72153.0,0,117
train_08308,nurs_qc,979,1,6949,2,71382.0,0,117
train_08308,random-path,979,1,6949,2,92127.0,0,117
train_08309,bfs,931,1,10983763,4,10049276.0,0,120
train_08309,default,931,1,10374606,3,10028134.0,0,120
train_08309,dfs,931,1,11345616,4,10053448.0,0,120
train_08309,nurs_covnew,931,1,10582971,4,10028131.0,0,120
train_08309,nurs_md2u,931,1,10761864,4,10052829.0,0,120
train_08309,nurs_qc,931,1,10959825,3,10109159.0,0,120
train_08309,random-path,931,1,11162031,4,10027289.0,0,120
train_08310,bfs,953,3,6934,16875422,17178923.0,0,121
train_08310,default,969,3,6942,16784760,17140881.0,0,121
train_08310,dfs,1002,3,6975,16913549,17202161.0,0,121
train_08310,nurs_covnew,976,3,6946,16744370,17063744.0,0,121
train_08310,nurs_md2u,976,3,6946,16729653,17045237.0,0,121
train_08310,nurs_qc,1002,3,6975,16966371,17288361.0,0,121
train_08310,random-path,988,3,6952,16687569,16996767.0,0,121
train_08320,bfs,965,1,3206927,1,3180781.0,0,118
train_08320,default,965,1,3206927,1,3461371.0,0,118
train_08320,dfs,965,1,3206927,1,3146589.0,0,118
train_08320,nurs_covnew,965,1,3206927,3,3329417.0,0,118
train_08320,nurs_md2u,965,1,3206927,2,3258776.0,0,118
train_08320,nurs_qc,965,1,3206927,1,3354377.0,0,118
train_08320,random-path,965,1,3206927,3,3197418.0,0,118
train_08324,bfs,986,1,6950,3380,75528.0,0,116
train_08324,default,986,1,6950,3542,52923.0,0,116
train_08324,dfs,986,1,6950,3297,79978.0,0,116
train_08324,nurs_covnew,986,1,6950,3533,44642.0,0,116
train_08324,nurs_md2u,986,1,6950,3419,53728.0,0,116
train_08324,nurs_qc,986,1,6950,4248,85124.0,0,116
train_08324,random-path,986,1,6950,4137,45715.0,0,116
train_08326,bfs,976,1,6948,2,50060.0,0,117
train_08326,default,976,1,6948,1,58146.0,0,117
train_08326,dfs,976,1,6948,2,36306.0,0,117
train_08326,nurs_covnew,976,1,6948,2,45265.0,0,117
train_08326,nurs_md2u,976,1,6948,1,36944.0,0,117
train_08326,nurs_qc,976,1,6948,2,58042.0,0,117
train_08326,random-path,976,1,6948,1,47840.0,0,117
train_08409,bfs,1027,21,7635,11870402,11983623.0,0,122
train_08409,default,1027,30,7860,11783951,11883825.0,0,122
train_08409,dfs,1023,19,7374,14898659,15037575.0,0,122
train_08409,nurs_covnew,1027,30,7913,11718836,11838658.0,0,122
train_08409,nurs_md2u,1027,30,7913,11701302,11762044.0,0,122
train_08409,nurs_qc,1027,22,7621,10409869,10525650.0,0,122
train_08409,random-path,1027,31,7943,11669123,11811725.0,0,122
train_08411,bfs,948,83,7404,4977782,5808855.0,0,129
train_08411,default,948,86,7424,4912308,5880538.0,0,129
train_08411,dfs,948,83,7404,4564211,5446237.0,0,129
train_08411,nurs_covnew,948,83,7404,4890292,5685578.0,0,129
train_08411,nurs_md2u,948,86,7424,4732313,5537264.0,0,129
train_08411,nurs_qc,948,83,7404,4838106,5644092.0,0,129
train_08411,random-path,948,86,7424,4740783,5546186.0,0,129
train_08420,bfs,1054,12212,65288,15945227,21062119.0,0,126
train_08420,default,1054,6200,39473,11753954,13779033.0,0,126
train_08420,dfs,967,1068,22514,7303351,10083997.0,0,126
train_08420,nurs_covnew,1006,6976,49260,13135490,16488502.0,0,126
train_08420,nurs_md2u,1006,6865,48746,13079981,16389321.0,0,126
train_08420,nurs_qc,1006,7457,52984,13300595,16890973.0,0,126
train_08420,random-path,1054,6611,37665,11729934,13874936.0,0,126
train_08513,bfs,967,1,6945,2,36191.0,0,115
train_08513,default,967,1,6945,2,38219.0,0,115
train_08513,dfs,967,1,6945,2,36820.0,0,115
train_08513,nurs_covnew,967,1,6945,2,38583.0,0,115
train_08513,nurs_md2u,967,1,6945,1,37772.0,0,115
train_08513,nurs_qc,967,1,6945,2,37592.0,0,115
train_08513,random-path,967,1,6945,2,36024.0,0,115
train_08516,bfs,1026,15,7080,10256960,10567462.0,0,123
train_08516,default,995,13,7008,10313824,10648317.0,0,123
train_08516,dfs,987,657,40924,9234877,10108063.0,0,123
train_08516,nurs_covnew,1004,14,7015,11073981,11387052.0,0,123
train_08516,nurs_md2u,1004,14,7015,10633167,10966669.0,0,123
train_08516,nurs_qc,994,12,6992,10049072,10360640.0,0,123
train_08516,random-path,1015,13,7030,10230517,10536019.0,0,123
train_08522,bfs,965,1,6943,2,37194.0,0,115
train_08522,default,965,1,6943,2,37648.0,0,115
train_08522,dfs,965,1,6943,3,36298.0,0,115
train_08522,nurs_covnew,965,1,6943,2,45874.0,0,115
train_08522,nurs_md2u,965,1,6943,2,38589.0,0,115
train_08522,nurs_qc,965,1,6943,2,38127.0,0,115
train_08522,random-path,965,1,6943,3,43129.0,0,115
train_08524,bfs,1004,2,7006,13969,50957.0,0,118
train_08524,default,1004,2,7006,14056,52349.0,0,118
train_08524,dfs,1004,2,7006,12810,49422.0,0,118
train_08524,nurs_covnew,1004,2,7006,13982,55077.0,0,118
train_08524,nurs_md2u,1004,2,7006,14013,52909.0,0,118
train_08524,nurs_qc,1004,2,7006,15155,53859.0,0,118
train_08524,random-path,1004,2,7006,14540,52296.0,0,118
train_08526,bfs,946,2,7941567,1460063,10026333.0,0,127
train_08526,default,989,2,7439352,1370098,10029552.0,0,127
train_08526,dfs,989,2,7876015,1447393,10026448.0,0,127
train_08526,nurs_covnew,989,2,7418406,1386930,10027840.0,0,127
train_08526,nurs_md2u,989,2,7467272,1376581,10028019.0,0,127
train_08526,nurs_qc,989,2,7576683,1393002,10027982.0,0,127
train_08526,random-path,989,2,7887575,1449317,10026441.0,0,127
train_08531,bfs,993,1,6782205,0,10037384.0,0,121
train_08531,default,993,1,6314588,0,10038676.0,0,121
train_08531,dfs,993,1,6891697,0,10037288.0,0,121
train_08531,nurs_covnew,993,1,6239727,0,10039192.0,0,121
train_08531,nurs_md2u,993,1,6520269,0,10038640.0,0,121
train_08531,nurs_qc,993,1,6621912,0,10039461.0,0,121
train_08531,random-path,993,1,6836835,0,10037712.0,0,121
train_08534,bfs,1043,325,486264,9026229,10074050.0,0,133
train_08534,default,1043,354,346707,8591873,10318302.0,0,133
train_08534,dfs,1043,322,481215,9058946,10072880.0,0,133
train_08534,nurs_covnew,1043,370,324782,9009031,10459668.0,0,133
train_08534,nurs_md2u,1043,361,308125,9176770,10581854.0,0,133
train_08534,nurs_qc,1043,346,413814,8698888,10279411.0,0,133
train_08534,random-path,1043,314,440805,8236667,10080728.0,0,133
train_08616,bfs,986,1,6367170,0,10179615.0,0,120
train_08616,default,986,1,6141192,0,10216760.0,0,120
train_08616,dfs,986,1,6622420,0,10181749.0,0,120
train_08616,nurs_covnew,986,1,5964934,0,10181914.0,0,120
train_08616,nurs_md2u,986,1,6172305,0,10184619.0,0,120
train_08616,nurs_qc,986,1,6293221,0,10182288.0,0,120
train_08616,random-path,986,1,6558277,0,10181602.0,0,120
train_08617,bfs,1042,4,6073493,80510,10229615.0,0,122
train_08617,default,1042,4,4945658,1726920,10240164.0,0,122
train_08617,dfs,955,4,5528725,3225255,10229259.0,0,122
train_08617,nurs_covnew,1042,4,5063599,1777810,10230768.0,0,122
train_08617,nurs_md2u,1042,4,5074055,1771319,10228141.0,0,122
train_08617,nurs_qc,1042,4,5122828,1704375,10229957.0,0,122
train_08617,random-path,1042,4,5157284,1823842,10238913.0,0,122
train_08618,bfs,979,1,6949,1,35716.0,0,117
train_08618,default,979,1,6949,1,36327.0,0,117
train_08618,dfs,979,1,6949,1,35656.0,0,117
train_08618,nurs_covnew,979,1,6949,1,37039.0,0,117
train_08618,nurs_md2u,979,1,6949,2,37447.0,0,117
train_08618,nurs_qc,979,1,6949,1,37198.0,0,117
train_08618,random-path,979,1,6949,2,36362.0,0,117
train_08622,bfs,1067,62,9406993,290092,10034305.0,0,122
train_08622,default,1005,1,9318706,0,10031378.0,0,122
train_08622,dfs,1067,88,9408227,435339,10039050.0,0,122
train_08622,nurs_covnew,1067,19,9404952,79983,10038107.0,0,122
train_08622,nurs_md2u,1067,43,9406068,195538,10040383.0,0,122
train_08622,nurs_qc,1067,51,9405905,239726,10048297.0,0,122
train_08622,random-path,1067,107,9409041,593370,10044105.0,0,122
train_08628,bfs,993,5,19397,9922566,10045167.0,0,124
train_08628,default,1136,92,37148,9602172,10390676.0,0,124
train_08628,dfs,984,3,19093,9889536,10042252.0,0,124
train_08628,nurs_covnew,1136,200,94291,7721217,10412369.0,0,124
train_08628,nurs_md2u,1136,197,91361,7730566,10380215.0,0,124
train_08628,nurs_qc,1136,208,87069,7783734,10695679.0,0,124
train_08628,random-path,1136,26,26621,9960664,10269385.0,0,124
train_08641,bfs,1060,165,7765,11306664,11518349.0,0,134
train_08641,default,1060,250,8466,13194282,13457309.0,0,134
train_08641,dfs,1060,83,7382,11054280,11188254.0,0,134
train_08641,nurs_covnew,981,89,7534,10131724,10268199.0,0,134
train_08641,nurs_md2u,984,89,7562,11262556,11415627.0,0,134
train_08641,nurs_qc,982,91,7557,10818361,10998620.0,0,134
train_08641,random-path,1060,255,8318,12931268,13195475.0,0,134
train_08723,bfs,1014,32,7563,10639941,10766430.0,0,120
train_08723,default,1018,30,7713,11096802,11260998.0,0,120
train_08723,dfs,1010,12,83189,900095,10052901.0,0,120
train_08723,nurs_covnew,1014,32,7733,10636946,10826099.0,0,120
train_08723,nurs_md2u,1014,31,7663,9865442,10076168.0,0,120
train_08723,nurs_qc,1014,32,7680,10910724,11083479.0,0,120
train_08723,random-path,1015,29,7697,10263443,10428298.0,0,120
train_08724,bfs,1015,3232,20686,11148812,12589282.0,0,118
train_08724,default,1015,856,11267,12609788,13060421.0,0,118
train_08724,dfs,1002,734,27450,11405116,13613970.0,0,118
train_08724,nurs_covnew,1000,2141,18672,11263907,12450676.0,0,118
train_08724,nurs_md2u,1000,2225,19309,10718811,11921920.0,0,118
train_08724,nurs_qc,1000,2223,19439,10717016,11978865.0,0,118
train_08724,random-path,1015,757,10249,12389265,12784360.0,0,118
train_08725,bfs,989,1,6952,2,41688.0,0,117
train_08725,default,989,1,6952,2,39135.0,0,117
train_08725,dfs,989,1,6952,1,36939.0,0,117
train_08725,nurs_covnew,989,1,6952,2,38339.0,0,117
train_08725,nurs_md2u,989,1,6952,2,38125.0,0,117
train_08725,nurs_qc,989,1,6952,1,37770.0,0,117
train_08725,random-path,989,1,6952,2,37063.0,0,117
train_08726,bfs,1031,3534,155702,8179847,10202729.0,0,119
train_08726,default,1031,1690,76382,8668089,10256610.0,0,119
train_08726,dfs,1009,592,32797,9364274,10154419.0,0,119
train_08726,nurs_covnew,1031,3275,142118,8199523,10593268.0,0,119
train_08726,nurs_md2u,1031,3439,148820,8210786,10607050.0,0,119
train_08726,nurs_qc,1031,3610,156319,8079817,10590966.0,0,119
train_08726,random-path,1031,1098,52655,8905754,10156155.0,0,119
train_08731,bfs,989,43,17409,529474,597905.0,0,122
train_08731,default,989,43,17409,521945,594314.0,0,122
train_08731,dfs,989,43,17409,491923,556989.0,0,122
train_08731,nurs_covnew,989,43,17409,526533,599833.0,0,122
train_08731,nurs_md2u,989,43,17409,532099,602496.0,0,122
train_08731,nurs_qc,989,43,17409,503013,572509.0,0,122
train_08731,random-path,989,43,17409,536224,616867.0,0,122
train_08732,bfs,983,1,6947,2,36065.0,0,118
train_08732,default,983,1,6947,1,38518.0,0,118
train_08732,dfs,983,1,6947,1,37970.0,0,118
train_08732,nurs_covnew,983,1,6947,1,37934.0,0,118
train_08732,nurs_md2u,983,1,6947,1,39063.0,0,118
train_08732,nurs_qc,983,1,6947,1,37781.0,0,118
train_08732,random-path,983,1,6947,1,35890.0,0,118
train_08742,bfs,1011,632,44712,9196397,10131415.0,0,118
train_08742,default,1011,648,45649,9047221,10146521.0,0,118
train_08742,dfs,1011,658,46310,9135546,10098591.0,0,118
train_08742,nurs_covnew,1011,628,44444,9166800,10179296.0,0,118
train_08742,nurs_md2u,1011,653,45953,9183202,10163580.0,0,118
train_08742,nurs_qc,1011,644,45432,9197410,10161832.0,0,118
train_08742,random-path,1011,626,44338,9008680,10128620.0,0,118
train_08825,bfs,986,82,301891,982063,1459656.0,0,118
train_08825,default,986,82,301891,913751,1482590.0,0,118
train_08825,dfs,986,82,301891,988860,1421857.0,0,118
train_08825,nurs_covnew,986,82,301891,811799,1404298.0,0,118
train_08825,nurs_md2u,986,82,301891,862156,1449310.0,0,118
train_08825,nurs_qc,986,82,301891,753655,1249277.0,0,118
train_08825,random-path,986,82,301891,968357,1505264.0,0,118
train_08826,bfs,1054,4,7107,154712,1533040.0,0,121
train_08826,default,1054,4,7107,281154,1657442.0,0,121
train_08826,dfs,1054,4,7107,215929,1591390.0,0,121
train_08826,nurs_covnew,1054,4,7107,198756,1556290.0,0,121
train_08826,nurs_md2u,1054,4,7107,224068,1598976.0,0,121
train_08826,nurs_qc,1054,4,7107,187389,1537867.0,0,121
train_08826,random-path,1054,4,7107,361810,1898512.0,0,121
train_08827,bfs,1203,58,1111518,8150966,10457288.0,0,123
train_08827,default,1043,85,10449,10232821,10329496.0,0,123
train_08827,dfs,999,35,8092,10753009,10808648.0,0,123
train_08827,nurs_covnew,1043,78,9221,10268516,10352086.0,0,123
train_08827,nurs_md2u,1043,78,9221,10189918,10281274.0,0,123
train_08827,nurs_qc,1043,84,9460,10346551,10433213.0,0,123
train_08827,random-path,1203,80,38226,10288852,10479538.0,0,123
train_08833,bfs,1084,275,1756348,6484457,10063419.0,0,127
train_08833,default,1084,306,389838,8171901,10519350.0,0,127
train_08833,dfs,1084,273,1748093,6460383,10059684.0,0,127
train_08833,nurs_covnew,1084,298,241675,8660727,10572409.0,0,127
train_08833,nurs_md2u,1084,302,248083,8669865,10541009.0,0,127
train_08833,nurs_qc,1084,276,640233,7789837,10493829.0,0,127
train_08833,random-path,1084,245,1303248,5091449,10070598.0,0,127
train_08836,bfs,995,1,6956,2,37447.0,0,127
train_08836,default,995,1,6956,2,38874.0,0,127
train_08836,dfs,995,1,6956,2,37638.0,0,127
train_08836,nurs_covnew,995,1,6956,2,38351.0,0,127
train_08836,nurs_md2u,995,1,6956,2,38443.0,0,127
train_08836,nurs_qc,995,1,6956,2,38996.0,0,127
train_08836,random-path,995,1,6956,2,36940.0,0,127
train_08879,bfs,1025,174,7804,11174642,11688562.0,0,171
train_08879,default,1025,174,7940,9846891,10361167.0,0,171
train_08879,dfs,990,87,7375,10735661,11000997.0,0,171
train_08879,nurs_covnew,1025,88,8116,10946930,11223496.0,0,171
train_08879,nurs_md2u,1025,88,8093,10033465,10312441.0,0,171
train_08879,nurs_qc,1025,88,8093,10361372,10637977.0,0,171
train_08879,random-path,1025,175,7899,11017493,11326758.0,0,171
train_08931,bfs,1001,506,35095,9117184,10107268.0,0,117
train_08931,default,1001,503,34961,9091850,10113509.0,0,117
train_08931,dfs,1001,516,35737,9154251,10111411.0,0,117
train_08931,nurs_covnew,1001,507,35126,9165332,10154863.0,0,117
train_08931,nurs_md2u,1001,506,35071,9071233,10088002.0,0,117
train_08931,nurs_qc,1001,506,35136,9132894,10106824.0,0,117
train_08931,random-path,1001,503,34927,9021504,10112737.0,0,117
train_08933,bfs,1073,110,3907521,10036378,18245163.0,0,122
train_08933,default,1073,110,3907547,9039426,17432134.0,0,122
train_08933,dfs,1073,110,3907558,9792325,17853908.0,0,122
train_08933,nurs_covnew,1073,110,3907551,10056418,18248134.0,0,122
train_08933,nurs_md2u,1073,110,3907551,9370650,17581577.0,0,122
train_08933,nurs_qc,1073,110,3907551,10072258,18540884.0,0,122
train_08933,random-path,1073,110,3907558,9768559,17880138.0,0,122
train_08939,bfs,1215,13,6866231,71394,10027183.0,0,134
train_08939,default,1215,12,6330274,58089,10029257.0,0,134
train_08939,dfs,1119,13,6922938,71880,10030412.0,0,134
train_08939,nurs_covnew,1215,12,6560629,61111,10030358.0,0,134
train_08939,nurs_md2u,1215,12,6518299,57577,10030421.0,0,134
train_08939,nurs_qc,1215,12,6430695,62847,10029719.0,0,134
train_08939,random-path,1215,12,6640850,59956,10027107.0,0,134
train_08940,bfs,976,1,6948,2,35775.0,0,115
train_08940,default,976,1,6948,2,37407.0,0,115
train_08940,dfs,976,1,6948,2,36977.0,0,115
train_08940,nurs_covnew,976,1,6948,1,37365.0,0,115
train_08940,nurs_md2u,976,1,6948,2,37367.0,0,115
train_08940,nurs_qc,976,1,6948,2,37082.0,0,115
train_08940,random-path,976,1,6948,2,36293.0,0,115
train_08953,bfs,1038,669,42912,9299737,10136740.0,0,116
train_08953,default,1038,649,41832,9165949,10139732.0,0,116
train_08953,dfs,1038,670,43003,9260615,10113262.0,0,116
train_08953,nurs_covnew,1038,650,41884,9211051,10156129.0,0,116
train_08953,nurs_md2u,1038,652,41992,9260719,10145683.0,0,116
train_08953,nurs_qc,1038,648,41815,9237163,10130267.0,0,116
train_08953,random-path,1038,646,41667,9073490,10106638.0,0,116
train_09042,bfs,1094,8,3326235,6462969,10369600.0,0,126
train_09042,default,1108,11,9018,10409703,10461984.0,0,126
train_09042,dfs,990,5,5836483,3633970,10403582.0,0,126
train_09042,nurs_covnew,1088,12,8993,11690123,11741046.0,0,126
train_09042,nurs_md2u,1088,12,8993,11871473,11923342.0,0,126
train_09042,nurs_qc,1104,12,8970,14124898,14177405.0,0,126
train_09042,random-path,1108,10,8951,10491066,10540441.0,0,126
train_09055,bfs,969,1,6943,2,41649.0,0,115
train_09055,default,969,1,6943,2,38157.0,0,115
train_09055,dfs,969,1,6943,2,49401.0,0,115
train_09055,nurs_covnew,969,1,6943,1,37584.0,0,115
train_09055,nurs_md2u,969,1,6943,1,37912.0,0,115
train_09055,nurs_qc,969,1,6943,1,37380.0,0,115
train_09055,random-path,969,1,6943,1,36106.0,0,115
train_09089,bfs,1235,2552,357332,9367919,11029083.0,0,135
train_09089,default,1235,3516,164860,9037583,11936869.0,0,135
train_09089,dfs,1231,220,108027,9662885,10099753.0,0,135
train_09089,nurs_covnew,1235,4240,133423,9494575,12534422.0,0,135
train_09089,nurs_md2u,1235,4340,136541,9571543,12734457.0,0,135
train_09089,nurs_qc,1235,4638,144264,9617649,12992204.0,0,135
train_09089,random-path,1235,3323,260579,8799597,11726503.0,0,135
train_09137,bfs,1033,17,7281,10609345,10738862.0,0,120
train_09137,default,1033,16,7260,15542989,15664261.0,0,120
train_09137,dfs,1019,12,7044,29912705,30074773.0,0,120
train_09137,nurs_covnew,1012,12,7085,11847054,11957625.0,0,120
train_09137,nurs_md2u,1012,12,7085,11692346,11806218.0,0,120
train_09137,nurs_qc,1018,14,7150,13993645,14108593.0,0,120
train_09137,random-path,1033,15,7261,12262664,12377547.0,0,120
train_09143,bfs,987,1,6953,2,36689.0,0,115
train_09143,default,987,1,6953,2,37733.0,0,115
train_09143,dfs,987,1,6953,2,36123.0,0,115
train_09143,nurs_covnew,987,1,6953,2,38860.0,0,115
train_09143,nurs_md2u,987,1,6953,2,37860.0,0,115
train_09143,nurs_qc,987,1,6953,2,37434.0,0,115
train_09143,random-path,987,1,6953,2,36063.0,0,115
train_09145,bfs,978,1,6948,2,36196.0,0,117
train_09145,default,978,1,6948,2,41564.0,0,117
train_09145,dfs,978,1,6948,2,35792.0,0,117
train_09145,nurs_covnew,978,1,6948,2,38247.0,0,117
train_09145,nurs_md2u,978,1,6948,1,39730.0,0,117
train_09145,nurs_qc,978,1,6948,1,38373.0,0,117
train_09145,random-path,978,1,6948,2,36343.0,0,117
train_09158,bfs,989,64,160789,9716911,10032220.0,0,117
train_09158,default,989,64,160705,9667596,10034726.0,0,117
train_09158,dfs,987,64,157538,9746412,10083174.0,0,117
train_09158,nurs_covnew,989,64,160005,9687736,10086682.0,0,117
train_09158,nurs_md2u,989,64,159515,9706362,10034558.0,0,117
train_09158,nurs_qc,989,64,160516,9705994,10053077.0,0,117
train_09158,random-path,989,64,160082,9657256,10033492.0,0,117
train_09161,bfs,0,0,0,0,1176.0,0,121
train_09161,default,0,0,0,0,1118.0,0,121
train_09161,dfs,0,0,0,0,1147.0,0,121
train_09161,nurs_covnew,0,0,0,0,1138.0,0,121
train_09161,nurs_md2u,0,0,0,0,1147.0,0,121
train_09161,nurs_qc,0,0,0,0,1130.0,0,121
train_09161,random-path,0,0,0,0,1204.0,0,121
train_09162,bfs,1019,2,8603,5805,44592.0,0,120
train_09162,default,1019,2,8603,7389,47936.0,0,120
train_09162,dfs,1019,2,8603,6628,45619.0,0,120
train_09162,nurs_covnew,1019,2,8603,8171,48591.0,0,120
train_09162,nurs_md2u,1019,2,8603,8194,48246.0,0,120
train_09162,nurs_qc,1019,2,8603,6304,46817.0,0,120
train_09162,random-path,1019,2,8603,6559,45196.0,0,120
train_09190,bfs,1015,2588,139581,8310552,10131003.0,0,123
train_09190,default,1015,1628,86688,8674646,10153456.0,0,123
train_09190,dfs,997,649,40997,9228706,10091042.0,0,123
train_09190,nurs_covnew,1015,2047,109124,8569145,10183926.0,0,123
train_09190,nurs_md2u,1015,2041,108716,8537435,10157697.0,0,123
train_09190,nurs_qc,1015,2359,125903,8372094,10234935.0,0,123
train_09190,random-path,1015,1163,61989,8806358,10120682.0,0,123
train_09191,bfs,1011,544,31264,9182193,10126600.0,0,119
train_09191,default,1011,531,30650,9109385,10194539.0,0,119
train_09191,dfs,1011,537,30986,9213577,10165160.0,0,119
train_09191,nurs_covnew,1011,548,31383,9174999,10144701.0,0,119
train_09191,nurs_md2u,1011,550,31455,9164446,10220310.0,0,119
train_09191,nurs_qc,1011,544,31300,9166227,10160912.0,0,119
train_09191,random-path,1011,535,30833,9105939,10164329.0,0,119
train_09244,bfs,987,2,7067,8075,44732.0,0,117
train_09244,default,987,2,7067,8466,47940.0,0,117
train_09244,dfs,987,2,7067,6399,43132.0,0,117
train_09244,nurs_covnew,987,2,7067,8395,47514.0,0,117
train_09244,nurs_md2u,987,2,7067,8844,47343.0,0,117
train_09244,nurs_qc,987,2,7067,6442,44988.0,0,117
train_09244,random-path,987,2,7067,8481,46317.0,0,117
train_09245,bfs,968,1,6945,1,35661.0,0,115
train_09245,default,968,1,6945,2,38838.0,0,115
train_09245,dfs,968,1,6945,1,36426.0,0,115
train_09245,nurs_covnew,968,1,6945,1,37931.0,0,115
train_09245,nurs_md2u,968,1,6945,1,37712.0,0,115
train_09245,nurs_qc,968,1,6945,1,37966.0,0,115
train_09245,random-path,968,1,6945,1,35947.0,0,115
train_09247,bfs,989,1,6950,0,89996.0,0,134
train_09247,default,989,1,6950,0,93858.0,0,134
train_09247,dfs,989,1,6950,0,90333.0,0,134
train_09247,nurs_covnew,989,1,6950,0,93550.0,0,134
train_09247,nurs_md2u,989,1,6950,0,92376.0,0,134
train_09247,nurs_qc,989,1,6950,0,93579.0,0,134
train_09247,random-path,989,1,6950,0,91539.0,0,134
train_09249,bfs,969,1,6948,1,35660.0,0,116
train_09249,default,969,1,6948,2,37661.0,0,116
train_09249,dfs,969,1,6948,1,37108.0,0,116
train_09249,nurs_covnew,969,1,6948,1,37687.0,0,116
train_09249,nurs_md2u,969,1,6948,1,38826.0,0,116
train_09249,nurs_qc,969,1,6948,1,37876.0,0,116
train_09249,random-path,969,1,6948,2,35627.0,0,116
train_09252,bfs,978,1,7717683,2,10026176.0,0,116
train_09252,default,978,1,7545253,2,10027600.0,0,116
train_09252,dfs,978,1,7909092,2,10026191.0,0,116
train_09252,nurs_covnew,978,1,7507650,2,10027500.0,0,116
train_09252,nurs_md2u,978,1,7647899,2,10028306.0,0,116
train_09252,nurs_qc,978,1,7725840,3,10028260.0,0,116
train_09252,random-path,978,1,7849258,2,10026355.0,0,116
train_09267,bfs,977,1,6949,1,35878.0,0,119
train_09267,default,977,1,6949,1,37972.0,0,119
train_09267,dfs,977,1,6949,1,35761.0,0,119
train_09267,nurs_covnew,977,1,6949,1,37517.0,0,119
train_09267,nurs_md2u,977,1,6949,1,38379.0,0,119
train_09267,nurs_qc,977,1,6949,1,38868.0,0,119
train_09267,random-path,977,1,6949,1,36012.0,0,119
train_09347,bfs,1013,351,991761,8255087,10068123.0,0,120
train_09347,default,1013,423,625880,8036976,10980620.0,0,120
train_09347,dfs,1013,347,980545,8268143,10054111.0,0,120
train_09347,nurs_covnew,1013,448,550137,8661145,11425980.0,0,120
train_09347,nurs_md2u,1013,443,536124,8681755,11471236.0,0,120
train_09347,nurs_qc,1013,380,780370,8209304,10750842.0,0,120
train_09347,random-path,1013,323,809326,6840940,10133508.0,0,120
train_09350,bfs,973,2,6927,1107037,1147050.0,0,120
train_09350,default,973,2,6927,1051630,1091955.0,0,120
train_09350,dfs,973,2,6927,1046665,1085909.0,0,120
train_09350,nurs_covnew,973,2,6927,1043355,1083733.0,0,120
train_09350,nurs_md2u,973,2,6927,1051770,1092572.0,0,120
train_09350,nurs_qc,973,2,6927,1042750,1082579.0,0,120
train_09350,random-path,973,2,6927,1019126,1058435.0,0,120
train_09351,bfs,969,1,6708080,0,10040178.0,0,125
train_09351,default,969,1,6275896,0,10041175.0,0,125
train_09351,dfs,969,1,6836043,0,10039703.0,0,125
train_09351,nurs_covnew,969,1,6301221,0,10040984.0,0,125
train_09351,nurs_md2u,969,1,6386660,0,10040734.0,0,125
train_09351,nurs_qc,969,1,6631052,0,10040428.0,0,125
train_09351,random-path,969,1,6863620,0,10039899.0,0,125
train_09354,bfs,988,666,38745,9281500,10123632.0,0,122
train_09354,default,988,652,38061,9254023,10182410.0,0,122
train_09354,dfs,988,646,37823,9241748,10143698.0,0,122
train_09354,nurs_covnew,988,653,38105,9268859,10137089.0,0,122
train_09354,nurs_md2u,988,641,37492,9295908,10202954.0,0,122
train_09354,nurs_qc,988,657,38351,9268674,10094992.0,0,122
train_09354,random-path,988,652,38061,9146729,10159855.0,0,122
train_09356,bfs,1140,32,11680,14373146,14457405.0,0,122
train_09356,default,1140,37,11836,10358525,10452586.0,0,122
train_09356,dfs,1140,14,8907,12265761,12324164.0,0,122
train_09356,nurs_covnew,1140,98,35936,15273461,15503902.0,0,122
train_09356,nurs_md2u,1140,100,36373,13954070,14193611.0,0,122
train_09356,nurs_qc,1140,157,56724,15032993,15368713.0,0,122
train_09356,random-path,1140,25,10142,13473136,13541065.0,0,122
train_09358,bfs,984,17,9655,10699456,12153772.0,0,117
train_09358,default,984,17,9692,10876081,12337602.0,0,117
train_09358,dfs,984,17,9692,10757724,12211508.0,0,117
train_09358,nurs_covnew,984,17,9692,10789579,12239437.0,0,117
train_09358,nurs_md2u,984,17,9692,10758158,12251129.0,0,117
train_09358,nurs_qc,984,17,9692,10743822,12183586.0,0,117
train_09358,random-path,984,17,9692,10751126,12198415.0,0,117
train_09370,bfs,989,1,498991,2,514029.0,0,119
train_09370,default,989,1,498991,1,544021.0,0,119
train_09370,dfs,989,1,498991,1,522834.0,0,119
train_09370,nurs_covnew,989,1,498991,1,540520.0,0,119
train_09370,nurs_md2u,989,1,498991,3,558448.0,0,119
train_09370,nurs_qc,989,1,498991,1,540131.0,0,119
train_09370,random-path,989,1,498991,3,515193.0,0,119
train_09400,bfs,996,659,39069,9301988,10133833.0,0,121
train_09400,default,996,636,37960,9206961,10159965.0,0,121
train_09400,dfs,996,664,39388,9325958,10125176.0,0,121
train_09400,nurs_covnew,996,668,39484,9326755,10164177.0,0,121
train_09400,nurs_md2u,996,650,38569,9273517,10141519.0,0,121
train_09400,nurs_qc,996,641,38224,9266871,10146001.0,0,121
train_09400,random-path,996,649,38565,9156508,10148605.0,0,121
train_09451,bfs,988,53,9296,209862,263291.0,0,119
train_09451,default,988,53,9296,264268,325335.0,0,119
train_09451,dfs,988,53,9296,247737,306317.0,0,119
train_09451,nurs_covnew,988,53,9296,234922,294471.0,0,119
train_09451,nurs_md2u,988,53,9296,251013,310205.0,0,119
train_09451,nurs_qc,988,53,9296,246826,305258.0,0,119
train_09451,random-path,988,53,9296,214387,277149.0,0,119
train_09454,bfs,1029,247,4576077,4084067,10053031.0,0,121
train_09454,default,1029,388,391317,9304209,10917562.0,0,121
train_09454,dfs,1001,408,17307,10457027,11197375.0,0,121
train_09454,nurs_covnew,1029,398,243861,9829418,11098322.0,0,121
train_09454,nurs_md2u,1029,404,250062,9950692,11210354.0,0,121
train_09454,nurs_qc,1029,396,242061,9888929,11160562.0,0,121
train_09454,random-path,1029,223,2591433,3404756,10135796.0,0,121
train_09455,bfs,999,1,6958,41,37920.0,0,123
train_09455,default,999,1,6958,42,40483.0,0,123
train_09455,dfs,999,1,6958,47,39266.0,0,123
train_09455,nurs_covnew,999,1,6958,43,40175.0,0,123
train_09455,nurs_md2u,999,1,6958,50,39661.0,0,123
train_09455,nurs_qc,999,1,6958,47,43933.0,0,123
train_09455,random-path,999,1,6958,40,38131.0,0,123
train_09461,bfs,966,1,11111361,3,10034288.0,0,124
train_09461,default,966,1,10075192,4,10027838.0,0,124
train_09461,dfs,966,1,10816190,4,10026785.0,0,124
train_09461,nurs_covnew,966,1,10472927,4,10027847.0,0,124
train_09461,nurs_md2u,966,1,9646518,4,10027645.0,0,124
train_09461,nurs_qc,966,1,10466340,4,10027951.0,0,124
train_09461,random-path,966,1,10403024,4,10027042.0,0,124
train_09463,bfs,1024,17,3090063,5387534,10030529.0,0,123
train_09463,default,1024,100,172242,9635710,10422518.0,0,123
train_09463,dfs,1024,16,3099505,5399951,10071616.0,0,123
train_09463,nurs_covnew,1024,101,89625,9783719,10376916.0,0,123
train_09463,nurs_md2u,1024,101,89385,9906461,10524084.0,0,123
train_09463,nurs_qc,1024,87,265543,9472943,10345268.0,0,123
train_09463,random-path,1024,26,2824387,5636202,10088390.0,0,123
train_09475,bfs,991,609,39045,8880079,10145796.0,0,123
train_09475,default,991,620,39637,8842811,10124772.0,0,123
train_09475,dfs,991,626,40026,8892540,10068161.0,0,123
train_09475,nurs_covnew,991,617,39460,8839055,10124143.0,0,123
train_09475,nurs_md2u,991,619,39574,8913818,10140168.0,0,123
train_09475,nurs_qc,991,605,38873,8970665,10139663.0,0,123
train_09475,random-path,991,608,38994,8817994,10189940.0,0,123
train_09554,bfs,1040,337,643468,8307821,10108068.0,0,127
train_09554,default,1040,379,509213,7987330,10615878.0,0,127
train_09554,dfs,1040,340,658650,8308779,10080410.0,0,127
train_09554,nurs_covnew,1040,402,495405,8569868,11105560.0,0,127
train_09554,nurs_md2u,1040,402,497056,8549820,11091052.0,0,127
train_09554,nurs_qc,1040,361,603178,8209945,10430967.0,0,127
train_09554,random-path,1040,320,563198,7301424,10104999.0,0,127
train_09555,bfs,967,1,6945,1,36099.0,0,115
train_09555,default,967,1,6945,1,38354.0,0,115
train_09555,dfs,967,1,6945,1,36393.0,0,115
train_09555,nurs_covnew,967,1,6945,1,37506.0,0,115
train_09555,nurs_md2u,967,1,6945,1,37505.0,0,115
train_09555,nurs_qc,967,1,6945,2,37778.0,0,115
train_09555,random-path,967,1,6945,2,36314.0,0,115
train_09556,bfs,1157,9,8175,10626888,10683543.0,0,129
train_09556,default,1213,26,8555,10456135,10532447.0,0,129
train_09556,dfs,1148,6,8066,10369424,10421488.0,0,129
train_09556,nurs_covnew,1213,33,8660,10817813,10893182.0,0,129
train_09556,nurs_md2u,1213,33,8652,10630299,10713486.0,0,129
train_09556,nurs_qc,1213,31,8579,10568993,10642729.0,0,129
train_09556,random-path,1192,18,8479,10758479,10821994.0,0,129
train_09557,bfs,998,8,9383,10093611,10167070.0,0,119
train_09557,default,1017,108,12809,9995146,10152722.0,0,119
train_09557,dfs,1011,5,9387,10109174,10175448.0,0,119
train_09557,nurs_covnew,1017,116,13600,9945368,10109209.0,0,119
train_09557,nurs_md2u,1017,116,13597,9963173,10138028.0,0,119
train_09557,nurs_qc,1017,115,12656,9968105,10133453.0,0,119
train_09557,random-path,1017,61,11276,10013206,10125703.0,0,119
train_09560,bfs,987,82,10596,10620998,10709912.0,0,118
train_09560,default,987,82,10571,10685180,10785839.0,0,118
train_09560,dfs,987,82,10633,10702010,10790484.0,0,118
train_09560,nurs_covnew,987,82,10538,10630236,10728424.0,0,118
train_09560,nurs_md2u,987,82,10538,10612869,10710134.0,0,118
train_09560,nurs_qc,987,82,10593,10523529,10624054.0,0,118
train_09560,random-path,987,80,10482,10274210,10375581.0,0,118
train_09562,bfs,1011,1010,36426,9820865,10470354.0,0,117
train_09562,default,1011,1053,33530,9738127,10627675.0,0,117
train_09562,dfs,1004,215,13000,10622218,11152391.0,0,117
train_09562,nurs_covnew,1011,1115,32337,9778664,10774021.0,0,117
train_09562,nurs_md2u,1011,1110,32199,9788406,10775378.0,0,117
train_09562,nurs_qc,1011,1102,32108,9774562,10810454.0,0,117
train_09562,random-path,1011,1005,30896,9848908,10615943.0,0,117
train_09563,bfs,1066,5,4197387,7448732,12678957.0,0,120
train_09563,default,973,7,7042,14598317,14861609.0,0,120
train_09563,dfs,1066,4,5627549,3265820,10289870.0,0,120
train_09563,nurs_covnew,973,7,7057,14359339,14619419.0,0,120
train_09563,nurs_md2u,973,7,7057,15968061,16253333.0,0,120
train_09563,nurs_qc,973,7,7014,13774818,14037360.0,0,120
train_09563,random-path,973,7,7098,15079459,15358807.0,0,120
train_09564,bfs,969,952,17886,9968138,10376802.0,0,119
train_09564,default,978,933,21730,9819462,10352406.0,0,119
train_09564,dfs,1021,800,87950,9631783,10081247.0,0,119
train_09564,nurs_covnew,978,964,31300,9743540,10367435.0,0,119
train_09564,nurs_md2u,978,963,31274,9774074,10453237.0,0,119
train_09564,nurs_qc,978,941,29724,9755353,10365364.0,0,119
train_09564,random-path,978,964,21089,9876960,10381435.0,0,119
train_09658,bfs,995,27920,849387,7336333,17457252.0,0,118
train_09658,default,995,24112,619474,7327044,21935459.0,0,118
train_09658,dfs,991,642,28044,9674659,11205319.0,0,118
train_09658,nurs_covnew,995,28695,667955,9244407,27083933.0,0,118
train_09658,nurs_md2u,995,28910,672679,9343326,27243955.0,0,118
train_09658,nurs_qc,995,29046,675805,9296631,27107037.0,0,118
train_09658,random-path,995,26152,712367,7875275,22995830.0,0,118
train_09662,bfs,979,1,6949,1,36823.0,0,117
train_09662,default,979,1,6949,1,38718.0,0,117
train_09662,dfs,979,1,6949,1,36613.0,0,117
train_09662,nurs_covnew,979,1,6949,1,37866.0,0,117
train_09662,nurs_md2u,979,1,6949,1,38278.0,0,117
train_09662,nurs_qc,979,1,6949,1,37023.0,0,117
train_09662,random-path,979,1,6949,1,36678.0,0,117
train_09664,bfs,967,1,6943,1,36123.0,0,115
train_09664,default,967,1,6943,1,37697.0,0,115
train_09664,dfs,967,1,6943,1,35579.0,0,115
train_09664,nurs_covnew,967,1,6943,1,37952.0,0,115
train_09664,nurs_md2u,967,1,6943,1,37547.0,0,115
train_09664,nurs_qc,967,1,6943,1,39713.0,0,115
train_09664,random-path,967,1,6943,2,37748.0,0,115
train_09669,bfs,945,1,90985,2467,10039117.0,0,123
train_09669,default,945,1,90616,2448,10042309.0,0,123
train_09669,dfs,945,1,90994,2447,10038532.0,0,123
train_09669,nurs_covnew,945,1,90931,2446,10041135.0,0,123
train_09669,nurs_md2u,945,1,90535,2420,10037574.0,0,123
train_09669,nurs_qc,945,1,91021,2462,10041115.0,0,123
train_09669,random-path,945,1,91030,2419,10041518.0,0,123
train_09678,bfs,1015,6726,336595,7099815,10407255.0,0,122
train_09678,default,1015,2072,107240,8265645,10282209.0,0,122
train_09678,dfs,1015,505,23022,9539516,10988336.0,0,122
train_09678,nurs_covnew,1015,6398,318988,6980912,10772028.0,0,122
train_09678,nurs_md2u,1015,6386,318510,6981035,10888622.0,0,122
train_09678,nurs_qc,1015,5799,289634,6959776,10735251.0,0,122
train_09678,random-path,1015,1241,68018,8764684,10192388.0,0,122
train_09681,bfs,957,2,6919,6055,43000.0,0,120
train_09681,default,957,2,6919,6946,48271.0,0,120
train_09681,dfs,957,2,6919,7533,46584.0,0,120
train_09681,nurs_covnew,957,2,6919,5968,46352.0,0,120
train_09681,nurs_md2u,957,2,6919,8648,47637.0,0,120
train_09681,nurs_qc,957,2,6919,6259,44136.0,0,120
train_09681,random-path,957,2,6919,6542,43641.0,0,120
train_09684,bfs,982,1,6950,1,36344.0,0,118
train_09684,default,982,1,6950,1,38317.0,0,118
train_09684,dfs,982,1,6950,1,38351.0,0,118
train_09684,nurs_covnew,982,1,6950,1,38228.0,0,118
train_09684,nurs_md2u,982,1,6950,1,39414.0,0,118
train_09684,nurs_qc,982,1,6950,1,37275.0,0,118
train_09684,random-path,982,1,6950,1,36046.0,0,118
train_09771,bfs,985,6,7150,28880,66062.0,0,120
train_09771,default,985,6,7150,36148,75288.0,0,120
train_09771,dfs,985,6,7150,34280,72515.0,0,120
train_09771,nurs_covnew,985,6,7150,28007,66849.0,0,120
train_09771,nurs_md2u,985,6,7150,30569,84541.0,0,120
train_09771,nurs_qc,985,6,7150,32660,71230.0,0,120
train_09771,random-path,985,6,7150,26238,63759.0,0,120
train_09773,bfs,984,2,6859210,480994,10027352.0,0,123
train_09773,default,1027,2,6494642,464933,10027723.0,0,123
train_09773,dfs,1027,2,6959990,481996,10029355.0,0,123
train_09773,nurs_covnew,1027,2,6602388,467728,10027660.0,0,123
train_09773,nurs_md2u,1027,2,6616365,468255,10027667.0,0,123
train_09773,nurs_qc,1027,2,6633097,471209,10032528.0,0,123
train_09773,random-path,1027,2,6837501,460712,10026908.0,0,123
train_09818,bfs,988,607,35951,8750351,10151623.0,0,116
train_09818,default,988,612,36149,8629529,10113111.0,0,116
train_09818,dfs,988,627,36911,8768511,10118380.0,0,116
train_09818,nurs_covnew,988,620,36523,8775198,10124582.0,0,116
train_09818,nurs_md2u,988,604,35713,8703097,10177062.0,0,116
train_09818,nurs_qc,988,630,37055,8689180,10108315.0,0,116
train_09818,random-path,988,604,35777,8564202,10149442.0,0,116
train_09867,bfs,1001,2,6959,18563,381044.0,0,118
train_09867,default,1001,2,6959,19190,370458.0,0,118
train_09867,dfs,1001,2,6959,18205,365754.0,0,118
train_09867,nurs_covnew,1001,2,6959,21669,454206.0,0,118
train_09867,nurs_md2u,1001,2,6959,16447,389602.0,0,118
train_09867,nurs_qc,1001,2,6959,22774,373842.0,0,118
train_09867,random-path,1001,2,6959,16287,422518.0,0,118
train_09873,bfs,1002,571,38737,8983510,10158319.0,0,118
train_09873,default,1002,568,38585,8892436,10131746.0,0,118
train_09873,dfs,1002,562,38271,8944246,10164183.0,0,118
train_09873,nurs_covnew,1002,571,38760,8981781,10181345.0,0,118
train_09873,nurs_md2u,1002,573,38857,9040798,10144215.0,0,118
train_09873,nurs_qc,1002,575,38999,8973594,10120417.0,0,118
train_09873,random-path,1002,578,39148,8859019,10132057.0,0,118
train_09892,bfs,1032,1924,38923,9909347,10678529.0,0,119
train_09892,default,1032,1317,29512,9575678,10572087.0,0,119
train_09892,dfs,1032,223,57191,9804754,10614999.0,0,119
train_09892,nurs_covnew,1032,1653,34492,9614379,10795020.0,0,119
train_09892,nurs_md2u,1032,1659,34552,9576501,10763566.0,0,119
train_09892,nurs_qc,1032,1432,30899,9664309,10716252.0,0,119
train_09892,random-path,1032,1284,29776,9615088,10500547.0,0,119
train_09922,bfs,937,2,8345090,11302,10027041.0,0,122
train_09922,default,951,3,7131630,51684,10031632.0,0,122
train_09922,dfs,943,3,8321504,25157,10030904.0,0,122
train_09922,nurs_covnew,951,3,7335528,40388,10032521.0,0,122
train_09922,nurs_md2u,951,3,7352850,30740,10032337.0,0,122
train_09922,nurs_qc,951,3,7301956,60665,10031408.0,0,122
train_09922,random-path,951,3,7571303,145582,10029845.0,0,122
train_09972,bfs,993,2,6998,8324,45287.0,0,116
train_09972,default,993,2,6998,11145,49870.0,0,116
train_09972,dfs,993,2,6998,10023,50875.0,0,116
train_09972,nurs_covnew,993,2,6998,10094,47741.0,0,116
train_09972,nurs_md2u,993,2,6998,10564,112750.0,0,116
train_09972,nurs_qc,993,2,6998,11078,49127.0,0,116
train_09972,random-path,993,2,6998,8897,45179.0,0,116
train_09976,bfs,995,73,24186,9616154,10056490.0,0,118
train_09976,default,995,137,27252,9559373,10064905.0,0,118
train_09976,dfs,991,32,2684841,2195680,10034525.0,0,118
train_09976,nurs_covnew,995,115,30203,9478808,10076883.0,0,118
train_09976,nurs_md2u,995,113,29455,9532205,10065205.0,0,118
train_09976,nurs_qc,995,124,27344,9580603,10068421.0,0,118
train_09976,random-path,995,130,25910,9555718,10064975.0,0,118
train_09979,bfs,1059,308,973995,8343738,10090636.0,0,122
train_09979,default,1059,296,930796,7647807,10070854.0,0,122
train_09979,dfs,1059,304,965270,8282214,10047612.0,0,122
train_09979,nurs_covnew,1059,308,973071,8259623,10083692.0,0,122
train_09979,nurs_md2u,1059,304,960100,8299750,10099591.0,0,122
train_09979,nurs_qc,1059,308,974183,8254453,10061047.0,0,122
train_09979,random-path,1059,289,904316,7379503,10063373.0,0,122
train_09983,bfs,961,1,6942,1,36386.0,0,115
train_09983,default,961,1,6942,1,38207.0,0,115
train_09983,dfs,961,1,6942,2,43030.0,0,115
train_09983,nurs_covnew,961,1,6942,2,37133.0,0,115
train_09983,nurs_md2u,961,1,6942,1,38340.0,0,115
train_09983,nurs_qc,961,1,6942,2,80043.0,0,115
train_09983,random-path,961,1,6942,1,38199.0,0,115
train_09984,bfs,1024,3,5979328,2295280,10030886.0,0,128
train_09984,default,1093,12,5051423,1538974,10067774.0,0,128
train_09984,dfs,1050,12,6194024,1491522,10066733.0,0,128
train_09984,nurs_covnew,1093,12,5155403,1402854,10073081.0,0,128
train_09984,nurs_md2u,1093,12,5098414,1386903,10068901.0,0,128
train_09984,nurs_qc,1093,12,5223002,1479529,10069525.0,0,128
train_09984,random-path,1093,12,5507911,1867725,10072577.0,0,128
train_10025,bfs,1036,653,23622,9111536,10129635.0,0,122
train_10025,default,1036,631,23037,9143732,10149202.0,0,122
train_10025,dfs,1036,637,23226,9140989,10101907.0,0,122
train_10025,nurs_covnew,1036,634,23114,9143753,10116065.0,0,122
train_10025,nurs_md2u,1036,625,22863,9186724,10151273.0,0,122
train_10025,nurs_qc,1036,625,22903,9157581,10116657.0,0,122
train_10025,random-path,1036,608,22464,9185443,10185857.0,0,122
train_10028,bfs,979,642,35674,9154936,10120538.0,0,118
train_10028,default,979,651,36034,9099089,10156811.0,0,118
train_10028,dfs,979,631,35216,9124310,10129194.0,0,118
train_10028,nurs_covnew,979,642,35596,9136197,10159972.0,0,118
train_10028,nurs_md2u,979,651,36043,9146157,10138185.0,0,118
train_10028,nurs_qc,979,643,35755,9108240,10113333.0,0,118
train_10028,random-path,979,649,35980,9023721,10098712.0,0,118
train_10075,bfs,1032,639,55288,9085225,10104789.0,0,120
train_10075,default,1032,634,54941,8964856,10124005.0,0,120
train_10075,dfs,1032,646,55896,9176004,10105908.0,0,120
train_10075,nurs_covnew,1032,639,55322,9095123,10123635.0,0,120
train_10075,nurs_md2u,1032,645,55777,9118153,10133565.0,0,120
train_10075,nurs_qc,1032,637,55174,9091692,10118872.0,0,120
train_10075,random-path,1032,635,55022,8934897,10146146.0,0,120
train_10076,bfs,1012,8,387404,9573504,10094494.0,0,118
train_10076,default,1012,11,7119,12471574,12525439.0,0,118
train_10076,dfs,1006,5,2775699,6814920,10131103.0,0,118
train_10076,nurs_covnew,1008,11,7079,12093816,12148281.0,0,118
train_10076,nurs_md2u,1008,11,7079,12464567,12530269.0,0,118
train_10076,nurs_qc,1012,12,7117,12127534,12182817.0,0,118
train_10076,random-path,1012,13,7173,12058308,12115232.0,0,118
train_10077,bfs,981,584,34809,9316529,10158691.0,0,120
train_10077,default,981,578,34504,9175044,10132821.0,0,120
train_10077,dfs,981,582,34751,9302434,10153563.0,0,120
train_10077,nurs_covnew,981,585,34800,9293348,10179103.0,0,120
train_10077,nurs_md2u,981,593,35205,9315687,10167998.0,0,120
train_10077,nurs_qc,981,591,35183,9303525,10138928.0,0,120
train_10077,random-path,981,580,34620,9220259,10139711.0,0,120
train_10079,bfs,975,647,34609,9229202,10122011.0,0,116
train_10079,default,975,629,33769,9071764,10148818.0,0,116
train_10079,dfs,975,646,34603,9208437,10126486.0,0,116
train_10079,nurs_covnew,975,648,34483,9177796,10225745.0,0,116
train_10079,nurs_md2u,975,652,34670,9235578,10198012.0,0,116
train_10079,nurs_qc,975,646,34588,9192225,10159386.0,0,116
train_10079,random-path,975,635,34077,9123924,10167440.0,0,116
train_10083,bfs,1030,13,7206,12732791,12785762.0,0,118
train_10083,default,1030,15,7210,12359634,12454369.0,0,118
train_10083,dfs,1021,7,7025,12070372,12121815.0,0,118
train_10083,nurs_covnew,1026,17,7194,12356918,12418646.0,0,118
train_10083,nurs_md2u,1026,17,7194,12301572,12368067.0,0,118
train_10083,nurs_qc,1026,20,7298,12866806,12929024.0,0,118
train_10083,random-path,1030,13,7193,12675526,12769598.0,0,118
train_10086,bfs,982,3,5514643,3242397,10027224.0,0,119
train_10086,default,1006,5,4428822,2853315,10029061.0,0,119
train_10086,dfs,949,5,4716639,3203201,10034443.0,0,119
train_10086,nurs_covnew,1006,5,4444159,2952596,10035474.0,0,119
train_10086,nurs_md2u,1006,5,4450595,2934187,10027982.0,0,119
train_10086,nurs_qc,1006,5,4532324,2930099,10029740.0,0,119
train_10086,random-path,1006,5,4831792,3061997,10027579.0,0,119
train_10087,bfs,965,1,6943,2,36214.0,0,115
train_10087,default,965,1,6943,1,38744.0,0,115
train_10087,dfs,965,1,6943,1,35743.0,0,115
train_10087,nurs_covnew,965,1,6943,1,37466.0,0,115
train_10087,nurs_md2u,965,1,6943,1,37190.0,0,115
train_10087,nurs_qc,965,1,6943,1,37724.0,0,115
train_10087,random-path,965,1,6943,1,35872.0,0,115
train_10130,bfs,1052,347,36890,8303623,10141856.0,0,131
train_10130,default,1052,354,37536,8258687,10133179.0,0,131
train_10130,dfs,1052,341,36442,8287303,10118420.0,0,131
train_10130,nurs_covnew,1052,361,38156,8276452,10145393.0,0,131
train_10130,nurs_md2u,1052,354,37530,8347070,10153509.0,0,131
train_10130,nurs_qc,1052,352,37362,8276923,10135112.0,0,131
train_10130,random-path,1052,357,37879,8211800,10082523.0,0,131
train_10179,bfs,1098,55,102800,9624642,10053226.0,0,121
train_10179,default,1098,117,61978,9541444,10126382.0,0,121
train_10179,dfs,1098,52,96397,9578979,10082017.0,0,121
train_10179,nurs_covnew,1098,125,48443,9619185,10160781.0,0,121
train_10179,nurs_md2u,1098,126,48886,9570353,10139576.0,0,121
train_10179,nurs_qc,1098,146,44027,9619893,10194976.0,0,121
train_10179,random-path,1098,59,90426,9479159,10063100.0,0,121
train_10184,bfs,996,2,7010,5856,42465.0,0,118
train_10184,default,996,2,7010,6544,44378.0,0,118
train_10184,dfs,996,2,7010,6812,43687.0,0,118
train_10184,nurs_covnew,996,2,7010,8749,100738.0,0,118
train_10184,nurs_md2u,996,2,7010,6352,46017.0,0,118
train_10184,nurs_qc,996,2,7010,8397,49527.0,0,118
train_10184,random-path,996,2,7010,7431,44082.0,0,118
train_10185,bfs,995,576,34426,9212343,10200640.0,0,119
train_10185,default,995,586,34893,9176026,10177294.0,0,119
train_10185,dfs,995,583,34800,9166894,10133730.0,0,119
train_10185,nurs_covnew,995,586,34805,9258889,10190748.0,0,119
train_10185,nurs_md2u,995,598,35470,9228825,10146140.0,0,119
train_10185,nurs_qc,995,600,35616,9273007,10133171.0,0,119
train_10185,random-path,995,594,35270,9182067,10174693.0,0,119
train_10188,bfs,1003,167,8314,12014049,12134835.0,0,118
train_10188,default,1003,146,8615,11676294,11797565.0,0,118
train_10188,dfs,1003,322,299684,9826420,10509081.0,0,118
train_10188,nurs_covnew,1013,616,26328,12926477,13302717.0,0,118
train_10188,nurs_md2u,1009,567,23567,13430308,13792845.0,0,118
train_10188,nurs_qc,1011,620,26436,13723819,14086981.0,0,118
train_10188,random-path,1003,103,8137,11691417,11823352.0,0,118
train_10192,bfs,1012,2,7045,12183,52633.0,0,119
train_10192,default,1012,2,7045,8662,48241.0,0,119
train_10192,dfs,1012,2,7045,9281,46391.0,0,119
train_10192,nurs_covnew,1012,2,7045,8502,47243.0,0,119
train_10192,nurs_md2u,1012,2,7045,11255,50109.0,0,119
train_10192,nurs_qc,1012,2,7045,11381,50428.0,0,119
train_10192,random-path,1012,2,7045,12243,49704.0,0,119
train_10203,bfs,1009,525,34594,9333335,10177513.0,0,121
train_10203,default,1009,527,34690,9242273,10167317.0,0,121
train_10203,dfs,1009,516,34154,9274909,10159771.0,0,121
train_10203,nurs_covnew,1009,524,34544,9231680,10133491.0,0,121
train_10203,nurs_md2u,1009,524,34527,9284199,10185568.0,0,121
train_10203,nurs_qc,1009,531,34949,9274285,10110331.0,0,121
train_10203,random-path,1009,531,34917,9190631,10172064.0,0,121
train_10205,bfs,949,3,6836951,1999667,10029724.0,0,118
train_10205,default,949,411,1475424,7448734,10745144.0,0,118
train_10205,dfs,938,2,6916749,1995116,10027225.0,0,118
train_10205,nurs_covnew,949,430,839497,8331845,10804988.0,0,118
train_10205,nurs_md2u,949,425,819697,8321637,10818595.0,0,118
train_10205,nurs_qc,949,361,1052149,8026641,10584053.0,0,118
train_10205,random-path,949,20,6559909,1929177,10029810.0,0,118
train_10287,bfs,1058,11,7840,2435690,10610826.0,0,118
train_10287,default,1058,19,9244,5459627,10290908.0,0,118
train_10287,dfs,1058,15,9081,5811090,10345816.0,0,118
train_10287,nurs_covnew,1058,21,9145,5478317,10303453.0,0,118
train_10287,nurs_md2u,1058,20,9074,5853929,10340984.0,0,118
train_10287,nurs_qc,1058,21,9050,5688236,10349338.0,0,118
train_10287,random-path,1058,17,9214,5693127,10390470.0,0,118
train_10291,bfs,969,1,7433,1,51258.0,0,115
train_10291,default,969,1,7433,1,39152.0,0,115
train_10291,dfs,969,1,7433,1,36753.0,0,115
train_10291,nurs_covnew,969,1,7433,1,38532.0,0,115
train_10291,nurs_md2u,969,1,7433,1,38259.0,0,115
train_10291,nurs_qc,969,1,7433,2,37717.0,0,115
train_10291,random-path,969,1,7433,1,36841.0,0,115
train_10292,bfs,963,1,6942,1,36287.0,0,129
train_10292,default,963,1,6942,1,39313.0,0,129
train_10292,dfs,963,1,6942,1,36836.0,0,129
train_10292,nurs_covnew,963,1,6942,2,38928.0,0,129
train_10292,nurs_md2u,963,1,6942,1,38759.0,0,129
train_10292,nurs_qc,963,1,6942,1,37798.0,0,129
train_10292,random-path,963,1,6942,1,40568.0,0,129
train_10293,bfs,1028,62,4671347,4148308,10028499.0,0,119
train_10293,default,1028,490,1005560,7854278,10924730.0,0,119
train_10293,dfs,1028,61,4723035,4143111,10027866.0,0,119
train_10293,nurs_covnew,1028,528,581878,8520989,11006297.0,0,119
train_10293,nurs_md2u,1028,533,590066,8613037,11023445.0,0,119
train_10293,nurs_qc,1028,465,831748,8070248,10346152.0,0,119
train_10293,random-path,1028,70,4088448,3526975,10034927.0,0,119
train_10302,bfs,985,1,6947,2,36207.0,0,121
train_10302,default,985,1,6947,2,38367.0,0,121
train_10302,dfs,985,1,6947,3,36547.0,0,121
train_10302,nurs_covnew,985,1,6947,1,52764.0,0,121
train_10302,nurs_md2u,985,1,6947,2,37219.0,0,121
train_10302,nurs_qc,985,1,6947,2,41555.0,0,121
train_10302,random-path,985,1,6947,2,36710.0,0,121
train_10339,bfs,963,1,6943,2,36087.0,0,115
train_10339,default,963,1,6943,2,37908.0,0,115
train_10339,dfs,963,1,6943,2,36409.0,0,115
train_10339,nurs_covnew,963,1,6943,1,37957.0,0,115
train_10339,nurs_md2u,963,1,6943,2,37327.0,0,115
train_10339,nurs_qc,963,1,6943,2,37727.0,0,115
train_10339,random-path,963,1,6943,2,35731.0,0,115
train_10399,bfs,954,1,10842369,3,10026754.0,0,124
train_10399,default,954,1,9836499,3,10028166.0,0,124
train_10399,dfs,954,1,10833781,3,10026526.0,0,124
train_10399,nurs_covnew,954,1,10075110,3,10028503.0,0,124
train_10399,nurs_md2u,954,1,10273922,3,10028843.0,0,124
train_10399,nurs_qc,954,1,10552403,3,10027886.0,0,124
train_10399,random-path,954,1,10785407,3,10026731.0,0,124
train_10400,bfs,961,1,128806,2835251,16736452.0,0,122
train_10400,default,961,1,128306,2860495,18603645.0,0,122
train_10400,dfs,961,1,128486,2799940,16254225.0,0,122
train_10400,nurs_covnew,961,1,128946,2841328,16839051.0,0,122
train_10400,nurs_md2u,961,1,121166,2662775,15321492.0,0,122
train_10400,nurs_qc,961,1,128786,2843702,17568396.0,0,122
train_10400,random-path,961,1,128966,2804673,16309675.0,0,122
train_10402,bfs,1023,4,7603305,2308236,10027362.0,0,131
train_10402,default,1175,1394,135593,9438277,10866308.0,0,131
train_10402,dfs,967,3,7834726,2378804,10028501.0,0,131
train_10402,nurs_covnew,1175,1362,83427,9609383,10852514.0,0,131
train_10402,nurs_md2u,1175,1339,82150,9663271,10916773.0,0,131
train_10402,nurs_qc,1175,1285,77509,9598404,10898786.0,0,131
train_10402,random-path,1175,1416,367457,9212701,10848552.0,0,131
train_10493,bfs,1005,1,6960,3338,41501.0,0,116
train_10493,default,1005,1,6960,3557,43159.0,0,116
train_10493,dfs,1005,1,6960,3282,41512.0,0,116
train_10493,nurs_covnew,1005,1,6960,3402,43378.0,0,116
train_10493,nurs_md2u,1005,1,6960,3275,42397.0,0,116
train_10493,nurs_qc,1005,1,6960,3491,42659.0,0,116
train_10493,random-path,1005,1,6960,3325,41076.0,0,116
train_10494,bfs,0,0,0,0,1132.0,0,123
train_10494,default,0,0,0,0,1059.0,0,123
train_10494,dfs,0,0,0,0,1122.0,0,123
train_10494,nurs_covnew,0,0,0,0,1111.0,0,123
train_10494,nurs_md2u,0,0,0,0,1119.0,0,123
train_10494,nurs_qc,0,0,0,0,1096.0,0,123
train_10494,random-path,0,0,0,0,2393.0,0,123
train_10495,bfs,1029,59,1158082,8635439,10062834.0,0,132
train_10495,default,1029,77,1158548,8507344,10076251.0,0,132
train_10495,dfs,1029,58,1158036,8621549,10053010.0,0,132
train_10495,nurs_covnew,1029,80,1157105,8480870,10080781.0,0,132
train_10495,nurs_md2u,1029,78,1156594,8542894,10078417.0,0,132
train_10495,nurs_qc,1029,101,1156777,8544049,10095341.0,0,132
train_10495,random-path,1029,63,1158320,8549679,10065435.0,0,132
train_10499,bfs,963,1,6943,2,36219.0,0,115
train_10499,default,963,1,6943,2,38315.0,0,115
train_10499,dfs,963,1,6943,2,35399.0,0,115
train_10499,nurs_covnew,963,1,6943,2,38425.0,0,115
train_10499,nurs_md2u,963,1,6943,2,37760.0,0,115
train_10499,nurs_qc,963,1,6943,2,38699.0,0,115
train_10499,random-path,963,1,6943,2,37204.0,0,115
train_10504,bfs,1043,5,7220,72349,111421.0,0,119
train_10504,default,1043,5,7220,72473,112877.0,0,119
train_10504,dfs,1043,5,7220,77824,116530.0,0,119
train_10504,nurs_covnew,1043,5,7220,71698,111537.0,0,119
train_10504,nurs_md2u,1043,5,7220,75077,114868.0,0,119
train_10504,nurs_qc,1043,5,7220,79312,119814.0,0,119
train_10504,random-path,1043,5,7220,78709,117366.0,0,119
train_10595,bfs,1029,41,985302,1446974,11122341.0,0,126
train_10595,default,1029,35,14180,2667651,11391010.0,0,126
train_10595,dfs,1027,54,395976,2110549,11240865.0,0,126
train_10595,nurs_covnew,1029,33,10978,2707038,11343973.0,0,126
train_10595,nurs_md2u,1029,33,11158,2699466,11456211.0,0,126
train_10595,nurs_qc,1029,33,13089,2784256,11374819.0,0,126
train_10595,random-path,1029,25,856090,1109779,8049298.0,0,126
train_10596,bfs,978,2,6953,6103,42500.0,0,117
train_10596,default,978,2,6953,6579,45917.0,0,117
train_10596,dfs,978,2,6953,7348,44585.0,0,117
train_10596,nurs_covnew,978,2,6953,6128,44226.0,0,117
train_10596,nurs_md2u,978,2,6953,7314,46069.0,0,117
train_10596,nurs_qc,978,2,6953,7392,47062.0,0,117
train_10596,random-path,978,2,6953,5694,42831.0,0,117
train_10598,bfs,985,1,7027,2,37319.0,0,116
train_10598,default,985,1,7027,1,39613.0,0,116
train_10598,dfs,985,1,7027,2,36464.0,0,116
train_10598,nurs_covnew,985,1,7027,1,39852.0,0,116
train_10598,nurs_md2u,985,1,7027,1,38995.0,0,116
train_10598,nurs_qc,985,1,7027,1,38521.0,0,116
train_10598,random-path,985,1,7027,1,37057.0,0,116
train_10600,bfs,989,3,6966,22919,60859.0,0,117
train_10600,default,989,3,6966,23636,65282.0,0,117
train_10600,dfs,989,3,6966,20701,60622.0,0,117
train_10600,nurs_covnew,989,3,6966,22391,62031.0,0,117
train_10600,nurs_md2u,989,3,6966,25956,66352.0,0,117
train_10600,nurs_qc,989,3,6966,28629,69241.0,0,117
train_10600,random-path,989,3,6966,24978,65332.0,0,117
train_10601,bfs,981,2,6994,9731,46621.0,0,116
train_10601,default,981,2,6994,8826,47730.0,0,116
train_10601,dfs,981,2,6994,13399,60368.0,0,116
train_10601,nurs_covnew,981,2,6994,8355,46289.0,0,116
train_10601,nurs_md2u,981,2,6994,8610,47786.0,0,116
train_10601,nurs_qc,981,2,6994,9283,48936.0,0,116
train_10601,random-path,981,2,6994,11215,48705.0,0,116
train_10620,bfs,977,1,6949,2,37635.0,0,124
train_10620,default,977,1,6949,2,39607.0,0,124
train_10620,dfs,977,1,6949,2,37418.0,0,124
train_10620,nurs_covnew,977,1,6949,2,38904.0,0,124
train_10620,nurs_md2u,977,1,6949,2,39675.0,0,124
train_10620,nurs_qc,977,1,6949,2,39843.0,0,124
train_10620,random-path,977,1,6949,2,37451.0,0,124
train_10652,bfs,984,2,8143,5795,45153.0,0,120
train_10652,default,984,2,8143,6305,48042.0,0,120
train_10652,dfs,984,2,8143,9360,50151.0,0,120
train_10652,nurs_covnew,984,2,8143,6036,47416.0,0,120
train_10652,nurs_md2u,984,2,8143,6563,48685.0,0,120
train_10652,nurs_qc,984,2,8143,6330,47889.0,0,120
train_10652,random-path,984,2,8143,6176,46098.0,0,120
train_10700,bfs,1011,2,6966,5607,48124.0,0,118
train_10700,default,1011,2,6966,6002,49063.0,0,118
train_10700,dfs,1011,2,6966,6250,49703.0,0,118
train_10700,nurs_covnew,1011,2,6966,6178,50015.0,0,118
train_10700,nurs_md2u,1011,2,6966,8834,77297.0,0,118
train_10700,nurs_qc,1011,2,6966,8475,51785.0,0,118
train_10700,random-path,1011,2,6966,8770,49348.0,0,118
train_10701,bfs,969,1,6947,3,37571.0,0,115
train_10701,default,969,1,6947,3,40438.0,0,115
train_10701,dfs,969,1,6947,2,45656.0,0,115
train_10701,nurs_covnew,969,1,6947,3,39245.0,0,115
train_10701,nurs_md2u,969,1,6947,3,38785.0,0,115
train_10701,nurs_qc,969,1,6947,3,39881.0,0,115
train_10701,random-path,969,1,6947,3,37441.0,0,115
train_10703,bfs,984,2,7039,6717,44673.0,0,117
train_10703,default,984,2,7039,4781,44369.0,0,117
train_10703,dfs,984,2,7039,6210,44336.0,0,117
train_10703,nurs_covnew,984,2,7039,5442,45722.0,0,117
train_10703,nurs_md2u,984,2,7039,5704,45380.0,0,117
train_10703,nurs_qc,984,2,7039,5470,44730.0,0,117
train_10703,random-path,984,2,7039,7208,45854.0,0,117
train_10704,bfs,1052,5,7097,9730368,10106923.0,0,121
train_10704,default,1052,4,7080,9761293,10182864.0,0,121
train_10704,dfs,1052,4,7077,9768111,10144168.0,0,121
train_10704,nurs_covnew,1052,4,7076,9785929,10172357.0,0,121
train_10704,nurs_md2u,1052,4,7076,10497353,10916602.0,0,121
train_10704,nurs_qc,1052,4,7076,9782799,10163066.0,0,121
train_10704,random-path,1052,4,7094,9872506,10257933.0,0,121
train_10711,bfs,996,441,28862,8924414,10184629.0,0,117
train_10711,default,996,431,28352,8899835,10215223.0,0,117
train_10711,dfs,996,447,29162,8946788,10190631.0,0,117
train_10711,nurs_covnew,996,437,28613,9002781,10304041.0,0,117
train_10711,nurs_md2u,996,447,29110,8973306,10264707.0,0,117
train_10711,nurs_qc,996,446,29158,8895011,10146636.0,0,117
train_10711,random-path,996,442,28931,8816943,10153759.0,0,117
train_10715,bfs,1070,1225,308419,9125646,10171256.0,0,121
train_10715,default,1070,403,66708,9430230,10267628.0,0,121
train_10715,dfs,1066,69,24752,9902662,10102181.0,0,121
train_10715,nurs_covnew,1070,1323,234448,8239239,10676342.0,0,121
train_10715,nurs_md2u,1070,1302,230562,8242202,10667598.0,0,121
train_10715,nurs_qc,1070,1318,247243,8276612,10543071.0,0,121
train_10715,random-path,1070,153,41920,9743611,10114643.0,0,121
train_10805,bfs,0,0,0,0,1188.0,0,124
train_10805,default,0,0,0,0,1146.0,0,124
train_10805,dfs,0,0,0,0,1196.0,0,124
train_10805,nurs_covnew,0,0,0,0,1127.0,0,124
train_10805,nurs_md2u,0,0,0,0,1148.0,0,124
train_10805,nurs_qc,0,0,0,0,1563.0,0,124
train_10805,random-path,0,0,0,0,1171.0,0,124
train_10806,bfs,978,1,6948,1,35367.0,0,119
train_10806,default,978,1,6948,2,38450.0,0,119
train_10806,dfs,978,1,6948,1,36097.0,0,119
train_10806,nurs_covnew,978,1,6948,2,37729.0,0,119
train_10806,nurs_md2u,978,1,6948,1,38131.0,0,119
train_10806,nurs_qc,978,1,6948,2,38797.0,0,119
train_10806,random-path,978,1,6948,2,36387.0,0,119
train_10807,bfs,951,91,7284,8476512,12031757.0,0,167
train_10807,default,964,91,7288,8191868,12112819.0,0,167
train_10807,dfs,1094,91,7366,8967782,12733220.0,0,167
train_10807,nurs_covnew,973,91,7293,7388718,10969012.0,0,167
train_10807,nurs_md2u,973,91,7293,7283460,10797202.0,0,167
train_10807,nurs_qc,973,91,7293,7536322,11166890.0,0,167
train_10807,random-path,985,91,7299,7473102,11104833.0,0,167
train_10808,bfs,969,1,6943,1,36546.0,0,115
train_10808,default,969,1,6943,1,38201.0,0,115
train_10808,dfs,969,1,6943,2,36015.0,0,115
train_10808,nurs_covnew,969,1,6943,1,37462.0,0,115
train_10808,nurs_md2u,969,1,6943,2,37954.0,0,115
train_10808,nurs_qc,969,1,6943,1,37235.0,0,115
train_10808,random-path,969,1,6943,2,36517.0,0,115
train_10811,bfs,998,103,12102,419666,494600.0,0,118
train_10811,default,998,103,12102,435135,516318.0,0,118
train_10811,dfs,998,103,12102,471768,552281.0,0,118
train_10811,nurs_covnew,998,103,12102,467093,551760.0,0,118
train_10811,nurs_md2u,998,103,12102,473837,558284.0,0,118
train_10811,nurs_qc,998,103,12102,463168,547801.0,0,118
train_10811,random-path,998,103,12102,454547,533733.0,0,118
train_10812,bfs,932,1,506962,2,582521.0,0,118
train_10812,default,932,1,506962,2,587029.0,0,118
train_10812,dfs,932,1,506962,2,546101.0,0,118
train_10812,nurs_covnew,932,1,506962,2,566659.0,0,118
train_10812,nurs_md2u,932,1,506962,1,570396.0,0,118
train_10812,nurs_qc,932,1,506962,1,557536.0,0,118
train_10812,random-path,932,1,506962,1,597235.0,0,118
train_10820,bfs,1006,2,15875,6712,52147.0,0,123
train_10820,default,1006,2,15875,7005,55598.0,0,123
train_10820,dfs,1006,2,15875,7059,52407.0,0,123
train_10820,nurs_covnew,1006,2,15875,6281,54626.0,0,123
train_10820,nurs_md2u,1006,2,15875,5616,53162.0,0,123
train_10820,nurs_qc,1006,2,15875,6472,54353.0,0,123
train_10820,random-path,1006,2,15875,5738,51309.0,0,123
train_10907,bfs,934,2,6920,7102,43841.0,0,118
train_10907,default,934,2,6920,6145,44536.0,0,118
train_10907,dfs,934,2,6920,5935,42518.0,0,118
train_10907,nurs_covnew,934,2,6920,8514,47008.0,0,118
train_10907,nurs_md2u,934,2,6920,7365,46506.0,0,118
train_10907,nurs_qc,934,2,6920,5592,44541.0,0,118
train_10907,random-path,934,2,6920,8226,44699.0,0,118
train_10908,bfs,978,1,6949,3,44841.0,0,121
train_10908,default,978,1,6949,2,42208.0,0,121
train_10908,dfs,978,1,6949,2,41614.0,0,121
train_10908,nurs_covnew,978,1,6949,2,41347.0,0,121
train_10908,nurs_md2u,978,1,6949,2,41277.0,0,121
train_10908,nurs_qc,978,1,6949,2,41339.0,0,121
train_10908,random-path,978,1,6949,2,41385.0,0,121
train_10909,bfs,1017,3,41005,29464,106427.0,0,120
train_10909,default,1017,3,41005,34717,117312.0,0,120
train_10909,dfs,1017,3,41005,32570,108645.0,0,120
train_10909,nurs_covnew,1017,3,41005,30629,111816.0,0,120
train_10909,nurs_md2u,1017,3,41005,33065,114243.0,0,120
train_10909,nurs_qc,1017,3,41005,29529,115077.0,0,120
train_10909,random-path,1017,3,41005,39591,152845.0,0,120
train_10910,bfs,965,1,6942,2,35396.0,0,115
train_10910,default,965,1,6942,1,38236.0,0,115
train_10910,dfs,965,1,6942,1,35540.0,0,115
train_10910,nurs_covnew,965,1,6942,2,38707.0,0,115
train_10910,nurs_md2u,965,1,6942,2,37556.0,0,115
train_10910,nurs_qc,965,1,6942,1,37277.0,0,115
train_10910,random-path,965,1,6942,1,35445.0,0,115
train_10912,bfs,974,1,6948,3,36425.0,0,115
train_10912,default,974,1,6948,2,38022.0,0,115
train_10912,dfs,974,1,6948,2,36437.0,0,115
train_10912,nurs_covnew,974,1,6948,2,37706.0,0,115
train_10912,nurs_md2u,974,1,6948,2,37531.0,0,115
train_10912,nurs_qc,974,1,6948,2,37416.0,0,115
train_10912,random-path,974,1,6948,2,36596.0,0,115
train_10913,bfs,1065,460,20706,10428894,10622572.0,0,119
train_10913,default,1065,616,26697,10432532,10705830.0,0,119
train_10913,dfs,1018,537,24328,16010263,18501495.0,0,119
train_10913,nurs_covnew,1065,188,12865,10340237,10454120.0,0,119
train_10913,nurs_md2u,1065,188,12865,10378589,10527467.0,0,119
train_10913,nurs_qc,1065,143,11583,10306825,10413330.0,0,119
train_10913,random-path,1065,769,31324,10599684,10924261.0,0,119
train_10918,bfs,985,1,7212,2,36365.0,0,121
train_10918,default,985,1,7212,2,38827.0,0,121
train_10918,dfs,985,1,7212,1,37832.0,0,121
train_10918,nurs_covnew,985,1,7212,2,38421.0,0,121
train_10918,nurs_md2u,985,1,7212,2,39684.0,0,121
train_10918,nurs_qc,985,1,7212,1,38202.0,0,121
train_10918,random-path,985,1,7212,1,36434.0,0,121
train_11011,bfs,998,594,38245,9384711,10144606.0,0,124
train_11011,default,998,587,37856,9298790,10162836.0,0,124
train_11011,dfs,998,595,38341,9407439,10135819.0,0,124
train_11011,nurs_covnew,998,598,38401,9353581,10122400.0,0,124
train_11011,nurs_md2u,998,593,38129,9376856,10157665.0,0,124
train_11011,nurs_qc,998,591,38129,9399186,10152267.0,0,124
train_11011,random-path,998,596,38335,9216711,10113911.0,0,124
train_11013,bfs,949,2,21105,751137,10043643.0,0,118
train_11013,default,949,2,20793,852704,10046534.0,0,118
train_11013,dfs,949,2,20983,809587,10044098.0,0,118
train_11013,nurs_covnew,949,2,20801,745878,10042024.0,0,118
train_11013,nurs_md2u,949,2,21081,752768,10044613.0,0,118
train_11013,nurs_qc,949,2,21041,745079,10051805.0,0,118
train_11013,random-path,949,2,21113,729643,10052233.0,0,118
train_11014,bfs,967,1,6943,1,36514.0,0,115
train_11014,default,967,1,6943,1,37543.0,0,115
train_11014,dfs,967,1,6943,1,36410.0,0,115
train_11014,nurs_covnew,967,1,6943,1,49152.0,0,115
train_11014,nurs_md2u,967,1,6943,2,38493.0,0,115
train_11014,nurs_qc,967,1,6943,2,38416.0,0,115
train_11014,random-path,967,1,6943,2,35948.0,0,115
train_11015,bfs,1089,63,258919,8736153,10077133.0,0,124
train_11015,default,1089,79,88638,8733786,10194765.0,0,124
train_11015,dfs,1087,61,306935,8620967,10060220.0,0,124
train_11015,nurs_covnew,1089,97,99265,8472171,10286085.0,0,124
train_11015,nurs_md2u,1089,103,104445,8402368,10213538.0,0,124
train_11015,nurs_qc,1089,91,131314,8489494,10210881.0,0,124
train_11015,random-path,1089,58,148973,8786477,10107958.0,0,124
train_11023,bfs,1013,1,21949,7863,66258.0,0,118
train_11023,default,1013,1,21949,6418,68685.0,0,118
train_11023,dfs,1013,1,21949,6280,67420.0,0,118
train_11023,nurs_covnew,1013,1,21949,8595,71527.0,0,118
train_11023,nurs_md2u,1013,1,21949,6277,69184.0,0,118
train_11023,nurs_qc,1013,1,21949,5688,69131.0,0,118
train_11023,random-path,1013,1,21949,7280,65621.0,0,118
train_11026,bfs,962,1,9877338,2,10027067.0,0,121
train_11026,default,962,1,8984183,2,10028729.0,0,121
train_11026,dfs,962,1,9350581,2,10034734.0,0,121
train_11026,nurs_covnew,962,1,9197245,2,10028128.0,0,121
train_11026,nurs_md2u,962,1,9377509,3,10028926.0,0,121
train_11026,nurs_qc,962,1,9263713,3,10028004.0,0,121
train_11026,random-path,962,1,10000179,3,10027146.0,0,121
train_11036,bfs,981,2,6919551,1398147,10026437.0,0,124
train_11036,default,992,2,6057467,1673854,10028656.0,0,124
train_11036,dfs,987,2,6229685,2112053,10026633.0,0,124
train_11036,nurs_covnew,992,2,6178897,1677373,10027806.0,0,124
train_11036,nurs_md2u,992,2,6204089,1694353,10028639.0,0,124
train_11036,nurs_qc,992,2,6169221,1641839,10028141.0,0,124
train_11036,random-path,992,2,6388523,1747615,10026793.0,0,124
train_11117,bfs,974,1,6948,3,39425.0,0,119
train_11117,default,974,1,6948,2,42264.0,0,119
train_11117,dfs,974,1,6948,1,38538.0,0,119
train_11117,nurs_covnew,974,1,6948,1,40298.0,0,119
train_11117,nurs_md2u,974,1,6948,2,41201.0,0,119
train_11117,nurs_qc,974,1,6948,2,40312.0,0,119
train_11117,random-path,974,1,6948,2,39235.0,0,119
train_11121,bfs,973,569,31257,9212239,10134258.0,0,121
train_11121,default,973,562,30894,9200090,10195266.0,0,121
train_11121,dfs,973,562,30993,9206679,10132038.0,0,121
train_11121,nurs_covnew,973,556,30632,9217617,10194062.0,0,121
train_11121,nurs_md2u,973,563,30879,9240218,10236011.0,0,121
train_11121,nurs_qc,973,544,30214,9153809,10147448.0,0,121
train_11121,random-path,973,561,30879,9094663,10140387.0,0,121
train_11126,bfs,981,1,6949,1,35747.0,0,119
train_11126,default,981,1,6949,2,40135.0,0,119
train_11126,dfs,981,1,6949,1,35612.0,0,119
train_11126,nurs_covnew,981,1,6949,1,37416.0,0,119
train_11126,nurs_md2u,981,1,6949,1,37286.0,0,119
train_11126,nurs_qc,981,1,6949,1,37105.0,0,119
train_11126,random-path,981,1,6949,1,36104.0,0,119
train_11127,bfs,972,3,6192219,2097038,10029746.0,0,123
train_11127,default,1043,149,45237,10118019,10381284.0,0,123
train_11127,dfs,957,2,6532622,2186130,10027048.0,0,123
train_11127,nurs_covnew,1043,148,42615,10162367,10440574.0,0,123
train_11127,nurs_md2u,1043,147,42544,10186017,10437900.0,0,123
train_11127,nurs_qc,1043,164,42338,10334913,10606696.0,0,123
train_11127,random-path,1043,120,85040,9892853,10340578.0,0,123
train_11142,bfs,1005,170,11534,10711016,10824580.0,0,118
train_11142,default,1005,161,10814,10412178,10561727.0,0,118
train_11142,dfs,1005,25,7767,13141152,13194959.0,0,118
train_11142,nurs_covnew,1005,142,10169,13922665,14050943.0,0,118
train_11142,nurs_md2u,1005,142,10169,13894962,14006931.0,0,118
train_11142,nurs_qc,1005,175,9923,10312185,10473429.0,0,118
train_11142,random-path,1005,156,10710,14476528,14601486.0,0,118
train_11221,bfs,1013,90,77361,10669411,10869926.0,0,121
train_11221,default,1015,93,77367,10930855,11152699.0,0,121
train_11221,dfs,1013,90,77568,11869366,12075430.0,0,121
train_11221,nurs_covnew,980,103,77413,10493857,10687616.0,0,121
train_11221,nurs_md2u,978,99,77448,10734579,10930503.0,0,121
train_11221,nurs_qc,983,104,77478,11263246,11457475.0,0,121
train_11221,random-path,1016,88,77338,10016655,10226462.0,0,121
train_11222,bfs,983,1,6949,2,35771.0,0,118
train_11222,default,983,1,6949,1,37853.0,0,118
train_11222,dfs,983,1,6949,2,36063.0,0,118
train_11222,nurs_covnew,983,1,6949,1,44106.0,0,118
train_11222,nurs_md2u,983,1,6949,2,38000.0,0,118
train_11222,nurs_qc,983,1,6949,2,37731.0,0,118
train_11222,random-path,983,1,6949,2,42822.0,0,118
train_11225,bfs,980,1,6949,2,1086834.0,0,120
train_11225,default,980,1,6949,2,1077366.0,0,120
train_11225,dfs,980,1,6949,2,1077800.0,0,120
train_11225,nurs_covnew,980,1,6949,2,1110134.0,0,120
train_11225,nurs_md2u,980,1,6949,2,1079551.0,0,120
train_11225,nurs_qc,980,1,6949,2,1197492.0,0,120
train_11225,random-path,980,1,6949,2,1074839.0,0,120
train_11238,bfs,978,1,8665313,3,10027670.0,0,125
train_11238,default,978,1,8905171,3,10029089.0,0,125
train_11238,dfs,978,1,9419700,3,10027686.0,0,125
train_11238,nurs_covnew,978,1,9122157,4,10031438.0,0,125
train_11238,nurs_md2u,978,1,8961590,3,10028601.0,0,125
train_11238,nurs_qc,978,1,9280079,3,10029445.0,0,125
train_11238,random-path,978,1,9566509,3,10027691.0,0,125
train_11328,bfs,1071,5,7126,409229,19923744.0,0,120
train_11328,default,1071,4,7094,655497,10996328.0,0,120
train_11328,dfs,1071,4,7080,680042,10809942.0,0,120
train_11328,nurs_covnew,1071,5,7206,744289,10860398.0,0,120
train_11328,nurs_md2u,1071,5,7206,739259,10833390.0,0,120
train_11328,nurs_qc,1071,4,7107,694411,10895357.0,0,120
train_11328,random-path,1071,4,7099,701280,10972850.0,0,120
train_11329,bfs,964,1,6944,2,35800.0,0,115
train_11329,default,964,1,6944,2,37899.0,0,115
train_11329,dfs,964,1,6944,2,36057.0,0,115
train_11329,nurs_covnew,964,1,6944,2,37641.0,0,115
train_11329,nurs_md2u,964,1,6944,2,37648.0,0,115
train_11329,nurs_qc,964,1,6944,3,37313.0,0,115
train_11329,random-path,964,1,6944,2,36465.0,0,115
train_11331,bfs,1083,50,1660656,3243686,5577696.0,0,122
train_11331,default,1083,50,1660656,3344722,6136580.0,0,122
train_11331,dfs,1083,50,1660656,3309482,5787014.0,0,122
train_11331,nurs_covnew,1083,50,1660656,3336069,6108185.0,0,122
train_11331,nurs_md2u,1083,50,1660656,3324928,6059807.0,0,122
train_11331,nurs_qc,1083,50,1660656,3324498,5938181.0,0,122
train_11331,random-path,1083,50,1660656,3264628,6179394.0,0,122
train_11337,bfs,992,1,6955,3,37665.0,0,121
train_11337,default,992,1,6955,3,38683.0,0,121
train_11337,dfs,992,1,6955,2,37595.0,0,121
train_11337,nurs_covnew,992,1,6955,3,38385.0,0,121
train_11337,nurs_md2u,992,1,6955,3,38127.0,0,121
train_11337,nurs_qc,992,1,6955,3,38058.0,0,121
train_11337,random-path,992,1,6955,3,37110.0,0,121
train_11431,bfs,990,2,6995,11922,48663.0,0,116
train_11431,default,990,2,6995,11900,50502.0,0,116
train_11431,dfs,990,2,6995,10568,48860.0,0,116
train_11431,nurs_covnew,990,2,6995,14362,52822.0,0,116
train_11431,nurs_md2u,990,2,6995,14040,53112.0,0,116
train_11431,nurs_qc,990,2,6995,12693,50936.0,0,116
train_11431,random-path,990,2,6995,15279,51708.0,0,116
train_11436,bfs,1013,5,10651544,22346,10027623.0,0,120
train_11436,default,1013,103,8064981,594131,10087482.0,0,120
train_11436,dfs,1013,4,10785628,13292,10027898.0,0,120
train_11436,nurs_covnew,1013,103,8082256,529594,10075599.0,0,120
train_11436,nurs_md2u,1013,103,8167703,492246,10075488.0,0,120
train_11436,nurs_qc,1013,103,8219047,451702,10086393.0,0,120
train_11436,random-path,1013,22,10129512,74056,10030909.0,0,120
train_11439,bfs,1007,4,5867311,3127836,10028004.0,0,124
train_11439,default,1085,103,4511694,2842524,10032893.0,0,124
train_11439,dfs,947,3,5973876,3175671,10028496.0,0,124
train_11439,nurs_covnew,1085,103,4611354,2733652,10030379.0,0,124
train_11439,nurs_md2u,1085,103,4532026,2727660,10036531.0,0,124
train_11439,nurs_qc,1085,103,4390554,2684176,10030589.0,0,124
train_11439,random-path,1085,21,5456201,2614072,10031026.0,0,124
train_11442,bfs,1023,4,4758563,2708732,10027251.0,0,118
train_11442,default,1023,256,937454,7444845,10297296.0,0,118
train_11442,dfs,957,3,4882288,2706738,10027326.0,0,118
train_11442,nurs_covnew,1023,283,558399,8233100,10388659.0,0,118
train_11442,nurs_md2u,1023,279,543000,8260356,10387525.0,0,118
train_11442,nurs_qc,1023,217,1068813,7294279,10281581.0,0,118
train_11442,random-path,1023,20,4218634,2941635,10030800.0,0,118
train_11451,bfs,977,5,7412045,2218697,10031199.0,0,121
train_11451,default,1021,331,601280,8919882,10530072.0,0,121
train_11451,dfs,973,3,8859144,1067079,10031518.0,0,121
train_11451,nurs_covnew,1021,329,306203,9285758,10490756.0,0,121
train_11451,nurs_md2u,1021,332,312135,9346089,10532856.0,0,121
train_11451,nurs_qc,1021,303,389539,9195920,10437080.0,0,121
train_11451,random-path,1021,22,7321349,2038987,10030343.0,0,121
train_11483,bfs,0,0,0,0,1145.0,0,174
train_11483,default,0,0,0,0,1155.0,0,174
train_11483,dfs,1034,522,30349,10095010,12645619.0,0,174
train_11483,nurs_covnew,0,0,0,0,1142.0,0,174
train_11483,nurs_md2u,0,0,0,0,1132.0,0,174
train_11483,nurs_qc,0,0,0,0,1188.0,0,174
train_11483,random-path,0,0,0,0,1091.0,0,174
train_11535,bfs,951,22,6997,20488334,29943261.0,0,125
train_11535,default,951,22,6997,21320359,30740191.0,0,125
train_11535,dfs,941,21,6988,20956530,30552781.0,0,125
train_11535,nurs_covnew,946,21,6991,20502203,29776365.0,0,125
train_11535,nurs_md2u,946,21,6991,20451856,29752166.0,0,125
train_11535,nurs_qc,946,21,6991,20675265,30030613.0,0,125
train_11535,random-path,948,21,6993,20597818,29786939.0,0,125
train_11539,bfs,974,1,6990,2,35968.0,0,116
train_11539,default,974,1,6990,2,37495.0,0,116
train_11539,dfs,974,1,6990,1,35588.0,0,116
train_11539,nurs_covnew,974,1,6990,2,37579.0,0,116
train_11539,nurs_md2u,974,1,6990,2,37291.0,0,116
train_11539,nurs_qc,974,1,6990,2,38892.0,0,116
train_11539,random-path,974,1,6990,2,38183.0,0,116
train_11540,bfs,997,56,9551,228229,284800.0,0,121
train_11540,default,997,56,9551,260180,320210.0,0,121
train_11540,dfs,997,56,9551,231210,288329.0,0,121
train_11540,nurs_covnew,997,56,9551,249959,310423.0,0,121
train_11540,nurs_md2u,997,56,9551,255343,317190.0,0,121
train_11540,nurs_qc,997,56,9551,274810,340202.0,0,121
train_11540,random-path,997,56,9551,257911,314843.0,0,121
train_11542,bfs,1017,13,7031,19770783,20277572.0,0,125
train_11542,default,1040,15,7111,19872478,20428092.0,0,125
train_11542,dfs,1081,12,7172,20573624,21041346.0,0,125
train_11542,nurs_covnew,1018,15,7074,19068585,19619308.0,0,125
train_11542,nurs_md2u,1018,15,7074,19434857,20009010.0,0,125
train_11542,nurs_qc,1022,15,7080,19807928,20361206.0,0,125
train_11542,random-path,1058,14,7099,20084142,20354520.0,0,125
train_11552,bfs,944,1,12579361,3,10026655.0,0,120
train_11552,default,944,1,11769108,3,10028463.0,0,120
train_11552,dfs,944,1,12640951,3,10027610.0,0,120
train_11552,nurs_covnew,944,1,11888637,4,10028375.0,0,120
train_11552,nurs_md2u,944,1,11939896,4,10028612.0,0,120
train_11552,nurs_qc,944,1,11808575,3,10028796.0,0,120
train_11552,random-path,944,1,12410929,3,10026704.0,0,120
train_11555,bfs,985,3,6585483,1716561,10027810.0,0,118
train_11555,default,985,3,27937,9647506,10242632.0,0,118
train_11555,dfs,946,2,6722407,1716293,10026973.0,0,118
train_11555,nurs_covnew,985,3,26227,9704381,10214177.0,0,118
train_11555,nurs_md2u,985,3,25554,9626586,10199616.0,0,118
train_11555,nurs_qc,985,3,56947,9600264,10164247.0,0,118
train_11555,random-path,985,3,32403,9666152,10197566.0,0,118
train_11590,bfs,989,41732,587610,10663944,26813581.0,0,118
train_11590,default,989,34851,341359,10760444,29222665.0,0,118
train_11590,dfs,985,638,17934,12050876,14913181.0,0,118
train_11590,nurs_covnew,989,41497,310937,4084349,10030708.0,0,118
train_11590,nurs_md2u,989,39393,295640,4155510,10025912.0,0,118
train_11590,nurs_qc,989,36179,270867,4328679,10026784.0,0,118
train_11590,random-path,989,39155,371215,4299709,10024709.0,0,118
train_11640,bfs,998,3,6970,26339,67095.0,0,119
train_11640,default,998,3,6970,26464,66152.0,0,119
train_11640,dfs,998,3,6970,29941,67397.0,0,119
train_11640,nurs_covnew,998,3,6970,28467,67970.0,0,119
train_11640,nurs_md2u,998,3,6970,23561,63556.0,0,119
train_11640,nurs_qc,998,3,6970,23061,62324.0,0,119
train_11640,random-path,998,3,6970,25914,63138.0,0,119
train_11644,bfs,981,1,6949,3899,43008.0,0,115
train_11644,default,981,1,6949,2964,43334.0,0,115
train_11644,dfs,981,1,6949,3488,41954.0,0,115
train_11644,nurs_covnew,981,1,6949,3521,43523.0,0,115
train_11644,nurs_md2u,981,1,6949,3567,43373.0,0,115
train_11644,nurs_qc,981,1,6949,3666,43833.0,0,115
train_11644,random-path,981,1,6949,3744,42653.0,0,115
train_11645,bfs,991,2,6994,8024,44983.0,0,118
train_11645,default,991,2,6994,5718,45000.0,0,118
train_11645,dfs,991,2,6994,7714,45292.0,0,118
train_11645,nurs_covnew,991,2,6994,5847,45192.0,0,118
train_11645,nurs_md2u,991,2,6994,8035,47712.0,0,118
train_11645,nurs_qc,991,2,6994,5258,43672.0,0,118
train_11645,random-path,991,2,6994,5604,41988.0,0,118
train_11646,bfs,963,1,6943,1,36114.0,0,115
train_11646,default,963,1,6943,1,37014.0,0,115
train_11646,dfs,963,1,6943,1,35928.0,0,115
train_11646,nurs_covnew,963,1,6943,2,38188.0,0,115
train_11646,nurs_md2u,963,1,6943,1,38298.0,0,115
train_11646,nurs_qc,963,1,6943,1,37924.0,0,115
train_11646,random-path,963,1,6943,1,36663.0,0,115
train_11650,bfs,961,3,8294520,1678562,10085217.0,0,120
train_11650,default,961,408,1520310,7471491,10838516.0,0,120
train_11650,dfs,951,2,8467703,1710523,10026754.0,0,120
train_11650,nurs_covnew,961,426,831037,8372584,10880250.0,0,120
train_11650,nurs_md2u,961,434,861353,8406412,10876024.0,0,120
train_11650,nurs_qc,961,362,1064008,8121916,10656510.0,0,120
train_11650,random-path,961,20,7482117,1802605,10072632.0,0,120
train_11658,bfs,1078,939,126060,9613727,10345614.0,0,120
train_11658,default,1078,931,117778,9368580,10462868.0,0,120
train_11658,dfs,1078,1193,327307,8933127,10089024.0,0,120
train_11658,nurs_covnew,1078,963,116123,9736100,10529588.0,0,120
train_11658,nurs_md2u,1078,955,115899,9607891,10629658.0,0,120
train_11658,nurs_qc,1078,951,115758,9572325,10496576.0,0,120
train_11658,random-path,1078,975,119624,9597185,10445197.0,0,120
train_11741,bfs,1014,20,7369,9899313,10338637.0,0,120
train_11741,default,1051,13,7328,13609279,14084028.0,0,120
train_11741,dfs,1049,11,7264,15762887,16070840.0,0,120
train_11741,nurs_covnew,1026,19,7380,10800739,11195074.0,0,120
train_11741,nurs_md2u,1047,13,7330,13610133,14026395.0,0,120
train_11741,nurs_qc,1012,18,7365,10691089,11115226.0,0,120
train_11741,random-path,1030,16,7346,11096065,11410606.0,0,120
train_11743,bfs,1039,13,7443,10603788,10908774.0,0,120
train_11743,default,1058,29,7723,9736680,10250418.0,0,120
train_11743,dfs,961,29,7445,10612753,10722135.0,0,120
train_11743,nurs_covnew,1058,31,7746,10016505,10531374.0,0,120
train_11743,nurs_md2u,1058,34,7897,10760685,11293300.0,0,120
train_11743,nurs_qc,1052,33,7586,10559560,11029731.0,0,120
train_11743,random-path,1058,25,7920,10740907,11215046.0,0,120
train_11745,bfs,1011,62,10362,485678,605865.0,0,122
train_11745,default,1011,62,10362,569832,742770.0,0,122
train_11745,dfs,1011,62,10362,573791,739402.0,0,122
train_11745,nurs_covnew,1011,62,10362,487312,641493.0,0,122
train_11745,nurs_md2u,1011,62,10362,496954,628897.0,0,122
train_11745,nurs_qc,1011,62,10362,478077,637016.0,0,122
train_11745,random-path,1011,62,10362,595313,735544.0,0,122
train_11753,bfs,0,0,0,0,1198.0,0,117
train_11753,default,0,0,0,0,1160.0,0,117
train_11753,dfs,0,0,0,0,1241.0,0,117
train_11753,nurs_covnew,0,0,0,0,1310.0,0,117
train_11753,nurs_md2u,0,0,0,0,1428.0,0,117
train_11753,nurs_qc,0,0,0,0,1317.0,0,117
train_11753,random-path,0,0,0,0,7085.0,0,117
train_11759,bfs,1042,4,3695476,2472961,10028885.0,0,124
train_11759,default,1081,18,2955696,2759296,10032536.0,0,124
train_11759,dfs,975,3,3863729,2577527,10027280.0,0,124
train_11759,nurs_covnew,1081,18,3118866,2882922,10030380.0,0,124
train_11759,nurs_md2u,1081,18,3230451,2955478,10030779.0,0,124
train_11759,nurs_qc,1081,18,3124369,3060908,10030765.0,0,124
train_11759,random-path,1081,18,3413174,2517871,10070611.0,0,124
train_11762,bfs,993,31,8347,14679339,14773085.0,0,120
train_11762,default,993,31,8299,14609448,14732948.0,0,120
train_11762,dfs,993,31,8386,14881190,14943821.0,0,120
train_11762,nurs_covnew,993,31,8294,14644807,14726544.0,0,120
train_11762,nurs_md2u,993,31,8294,14725581,14795054.0,0,120
train_11762,nurs_qc,993,31,8386,14845754,14945544.0,0,120
train_11762,random-path,993,31,8345,14828877,14957888.0,0,120
train_11846,bfs,975,447,27344,9120625,10168496.0,0,116
train_11846,default,975,472,28460,9177655,10238220.0,0,116
train_11846,dfs,975,459,27933,9137389,10209988.0,0,116
train_11846,nurs_covnew,975,450,27406,9198305,10259652.0,0,116
train_11846,nurs_md2u,975,457,27740,9169264,10208900.0,0,116
train_11846,nurs_qc,975,453,27651,9132715,10172775.0,0,116
train_11846,random-path,975,442,27107,9020769,10225220.0,0,116
train_11848,bfs,940,1,6912,1,3578226.0,0,119
train_11848,default,940,1,6912,2,3449497.0,0,119
train_11848,dfs,940,1,6912,2,3444081.0,0,119
train_11848,nurs_covnew,940,1,6912,2,3423955.0,0,119
train_11848,nurs_md2u,940,1,6912,2,3420743.0,0,119
train_11848,nurs_qc,940,1,6912,2,3398361.0,0,119
train_11848,random-path,940,1,6912,2,3419729.0,0,119
train_11849,bfs,1002,2,7163,8071,45780.0,0,117
train_11849,default,1002,2,7163,6558,45609.0,0,117
train_11849,dfs,1002,2,7163,6074,43134.0,0,117
train_11849,nurs_covnew,1002,2,7163,5759,51291.0,0,117
train_11849,nurs_md2u,1002,2,7163,5932,44351.0,0,117
train_11849,nurs_qc,1002,2,7163,6351,44867.0,0,117
train_11849,random-path,1002,2,7163,8020,44864.0,0,117
train_11853,bfs,997,1,6957,2,3387086.0,0,118
train_11853,default,997,1,6957,2,3346832.0,0,118
train_11853,dfs,997,1,6957,2,3402439.0,0,118
train_11853,nurs_covnew,997,1,6957,2,3382356.0,0,118
train_11853,nurs_md2u,997,1,6957,1,3353518.0,0,118
train_11853,nurs_qc,997,1,6957,2,3380261.0,0,118
train_11853,random-path,997,1,6957,1,3375239.0,0,118
train_11855,bfs,995,1,6957,2,39777.0,0,120
train_11855,default,995,1,6957,2,41425.0,0,120
train_11855,dfs,995,1,6957,2,39287.0,0,120
train_11855,nurs_covnew,995,1,6957,1,40996.0,0,120
train_11855,nurs_md2u,995,1,6957,2,41564.0,0,120
train_11855,nurs_qc,995,1,6957,1,40957.0,0,120
train_11855,random-path,995,1,6957,2,39319.0,0,120
train_11860,bfs,966,1,9435636,2,10268331.0,0,147
train_11860,default,966,1,8821518,2,10268350.0,0,147
train_11860,dfs,966,1,9627010,2,10278684.0,0,147
train_11860,nurs_covnew,966,1,9175883,3,10270795.0,0,147
train_11860,nurs_md2u,966,1,9152800,2,10267861.0,0,147
train_11860,nurs_qc,966,1,9277777,2,10272913.0,0,147
train_11860,random-path,966,1,9585657,4,10268142.0,0,147
train_11864,bfs,1111,12,795540,11857347,13052072.0,0,126
train_11864,default,1111,15,795599,11403912,12639443.0,0,126
train_11864,dfs,1041,21,7299939,111571,10033909.0,0,126
train_11864,nurs_covnew,1132,15,795672,11088247,12276485.0,0,126
train_11864,nurs_md2u,1132,15,795672,11264601,12439097.0,0,126
train_11864,nurs_qc,1186,19,796017,11746148,12916812.0,0,126
train_11864,random-path,1111,14,795577,10774359,11871547.0,0,126
train_11901,bfs,958,1,8559,2,37446.0,0,120
train_11901,default,958,1,8559,3,39678.0,0,120
train_11901,dfs,958,1,8559,1,50251.0,0,120
train_11901,nurs_covnew,958,1,8559,2,39832.0,0,120
train_11901,nurs_md2u,958,1,8559,3,40017.0,0,120
train_11901,nurs_qc,958,1,8559,3,39076.0,0,120
train_11901,random-path,958,1,8559,2,37234.0,0,120
train_11949,bfs,958,1,6942,3,37027.0,0,115
train_11949,default,958,1,6942,2,39491.0,0,115
train_11949,dfs,958,1,6942,3,36760.0,0,115
train_11949,nurs_covnew,958,1,6942,2,42187.0,0,115
train_11949,nurs_md2u,958,1,6942,3,38480.0,0,115
train_11949,nurs_qc,958,1,6942,2,38012.0,0,115
train_11949,random-path,958,1,6942,2,36728.0,0,115
train_11950,bfs,963,1,6943,3,35715.0,0,115
train_11950,default,963,1,6943,2,38352.0,0,115
train_11950,dfs,963,1,6943,2,36940.0,0,115
train_11950,nurs_covnew,963,1,6943,3,37755.0,0,115
train_11950,nurs_md2u,963,1,6943,3,38409.0,0,115
train_11950,nurs_qc,963,1,6943,2,38027.0,0,115
train_11950,random-path,963,1,6943,2,35803.0,0,115
train_11953,bfs,1009,112,12891,509402,624334.0,0,120
train_11953,default,1009,112,12891,578985,700384.0,0,120
train_11953,dfs,1009,112,12891,575357,690847.0,0,120
train_11953,nurs_covnew,1009,112,12891,516048,635947.0,0,120
train_11953,nurs_md2u,1009,112,12891,591251,710622.0,0,120
train_11953,nurs_qc,1009,112,12891,555808,667679.0,0,120
train_11953,random-path,1009,112,12891,648315,778448.0,0,120
train_11954,bfs,976,1,6948,2,37015.0,0,116
train_11954,default,976,1,6948,1,41468.0,0,116
train_11954,dfs,976,1,6948,1,55554.0,0,116
train_11954,nurs_covnew,976,1,6948,1,38497.0,0,116
train_11954,nurs_md2u,976,1,6948,2,38083.0,0,116
train_11954,nurs_qc,976,1,6948,2,39408.0,0,116
train_11954,random-path,976,1,6948,1,37013.0,0,116
train_11956,bfs,1002,624,39843,8948199,10145924.0,0,116
train_11956,default,1002,625,39911,8879543,10143801.0,0,116
train_11956,dfs,1002,636,40516,8955712,10130805.0,0,116
train_11956,nurs_covnew,1002,627,40002,8944700,10147993.0,0,116
train_11956,nurs_md2u,1002,621,39674,9029985,10143383.0,0,116
train_11956,nurs_qc,1002,638,40622,8932472,10171324.0,0,116
train_11956,random-path,1002,632,40270,8847959,10163718.0,0,116
train_11958,bfs,1047,175,7795,11180328,11786527.0,0,121
train_11958,default,1033,90,7381,13051148,13396524.0,0,121
train_11958,dfs,1052,88,7447,15786322,16114414.0,0,121
train_11958,nurs_covnew,1033,88,7410,14052517,14380746.0,0,121
train_11958,nurs_md2u,1033,88,7410,15019991,15389814.0,0,121
train_11958,nurs_qc,1035,88,7406,14898867,15239168.0,0,121
train_11958,random-path,1033,89,7367,13391537,13699019.0,0,121
train_11959,bfs,940,1,11047601,12,10027088.0,0,120
train_11959,default,940,1,10050919,13,10028513.0,0,120
train_11959,dfs,940,1,11029100,13,10029862.0,0,120
train_11959,nurs_covnew,940,1,10184476,13,10028735.0,0,120
train_11959,nurs_md2u,940,1,10564565,11,10028452.0,0,120
train_11959,nurs_qc,940,1,10475738,13,10028456.0,0,120
train_11959,random-path,940,1,11019053,13,10026978.0,0,120
train_11961,bfs,983,1,6968,2,37056.0,0,116
train_11961,default,983,1,6968,2,37479.0,0,116
train_11961,dfs,983,1,6968,1,36338.0,0,116
train_11961,nurs_covnew,983,1,6968,2,37553.0,0,116
train_11961,nurs_md2u,983,1,6968,1,37358.0,0,116
train_11961,nurs_qc,983,1,6968,1,36616.0,0,116
train_11961,random-path,983,1,6968,1,36559.0,0,116
train_11975,bfs,974,1,6946,2,37130.0,0,115
train_11975,default,974,1,6946,2,37716.0,0,115
train_11975,dfs,974,1,6946,1,37333.0,0,115
train_11975,nurs_covnew,974,1,6946,2,38109.0,0,115
train_11975,nurs_md2u,974,1,6946,2,38984.0,0,115
train_11975,nurs_qc,974,1,6946,2,38454.0,0,115
train_11975,random-path,974,1,6946,1,36259.0,0,115
train_12005,bfs,992,455,21402,9247641,10104590.0,0,144
train_12005,default,992,454,21384,9252655,10100350.0,0,144
train_12005,dfs,992,463,21670,9386610,10145645.0,0,144
train_12005,nurs_covnew,992,450,21260,9281471,10104674.0,0,144
train_12005,nurs_md2u,992,459,21538,9312885,10100272.0,0,144
train_12005,nurs_qc,992,471,21921,9352063,10108801.0,0,144
train_12005,random-path,992,441,20961,9192284,10076228.0,0,144
train_12054,bfs,994,570,34134,9071860,10108026.0,0,118
train_12054,default,994,571,34149,9135905,10143977.0,0,118
train_12054,dfs,994,588,34998,9143086,10146781.0,0,118
train_12054,nurs_covnew,994,576,34351,9190231,10160399.0,0,118
train_12054,nurs_md2u,994,575,34333,9235394,10146867.0,0,118
train_12054,nurs_qc,994,570,34133,9163740,10142038.0,0,118
train_12054,random-path,994,567,33943,9067211,10128679.0,0,118
train_12055,bfs,969,1,6944,1,35953.0,0,115
train_12055,default,969,1,6944,1,37658.0,0,115
train_12055,dfs,969,1,6944,1,36751.0,0,115
train_12055,nurs_covnew,969,1,6944,1,37857.0,0,115
train_12055,nurs_md2u,969,1,6944,1,37764.0,0,115
train_12055,nurs_qc,969,1,6944,1,37836.0,0,115
train_12055,random-path,969,1,6944,1,36067.0,0,115
train_12056,bfs,976,632,33966,9151441,10131404.0,0,119
train_12056,default,976,648,34571,9013646,10165637.0,0,119
train_12056,dfs,976,631,33960,9127849,10134970.0,0,119
train_12056,nurs_covnew,976,624,33474,9182704,10196707.0,0,119
train_12056,nurs_md2u,976,647,34442,9092606,10159614.0,0,119
train_12056,nurs_qc,976,654,34944,9085197,10127951.0,0,119
train_12056,random-path,976,616,33227,8986517,10139066.0,0,119
train_12061,bfs,1118,7,6915425,29485,10028159.0,0,127
train_12061,default,1070,480,816060,7766338,10698861.0,0,127
train_12061,dfs,1118,6,6914764,25288,10027566.0,0,127
train_12061,nurs_covnew,1030,500,489754,8505087,10772249.0,0,127
train_12061,nurs_md2u,1030,504,492730,8535050,10716726.0,0,127
train_12061,nurs_qc,1066,457,711011,8092684,10243205.0,0,127
train_12061,random-path,1118,23,6336497,111145,10031138.0,0,127
train_12064,bfs,1006,440,30038,9261437,10092085.0,0,117
train_12064,default,1006,438,29874,9245325,10129876.0,0,117
train_12064,dfs,1006,445,30341,9273265,10144811.0,0,117
train_12064,nurs_covnew,1006,435,29714,9250237,10102026.0,0,117
train_12064,nurs_md2u,1006,455,30773,9250633,10120654.0,0,117
train_12064,nurs_qc,1006,460,31135,9291132,10091525.0,0,117
train_12064,random-path,1006,436,29808,9182459,10091821.0,0,117
train_12107,bfs,990,59031,850841,4709330,10024386.0,0,117
train_12107,default,990,40496,514133,8729641,28442441.0,0,117
train_12107,dfs,986,626,22510,11177267,12607125.0,0,117
train_12107,nurs_covnew,990,45973,494102,3807083,10025408.0,0,117
train_12107,nurs_md2u,990,46089,540941,10053461,31957122.0,0,117
train_12107,nurs_qc,990,43281,508931,9610733,30454667.0,0,117
train_12107,random-path,990,42097,546273,9040966,28102129.0,0,117
train_12163,bfs,1015,5,19157,9919497,10052675.0,0,118
train_12163,default,1015,87,35977,9727455,10057956.0,0,118
train_12163,dfs,982,3,19605,9926957,10054930.0,0,118
train_12163,nurs_covnew,1015,195,97243,9507326,10130183.0,0,118
train_12163,nurs_md2u,1015,194,96994,9500860,10128874.0,0,118
train_12163,nurs_qc,1015,203,116957,9478332,10103135.0,0,118
train_12163,random-path,1015,57,27325,9832476,10052729.0,0,118
train_12164,bfs,1029,5,7014,7703818,11460007.0,0,126
train_12164,default,980,6,6983,6700641,10430907.0,0,126
train_12164,dfs,965,6,6948,13069308,16925937.0,0,126
train_12164,nurs_covnew,969,6,6970,10259284,14015913.0,0,126
train_12164,nurs_md2u,969,6,6970,7835573,11595557.0,0,126
train_12164,nurs_qc,975,6,6991,7723469,11470922.0,0,126
train_12164,random-path,997,6,7007,12203540,15996397.0,0,126
train_12165,bfs,1004,2,6962,5931,45776.0,0,118
train_12165,default,1004,2,6962,7269,50044.0,0,118
train_12165,dfs,1004,2,6962,5765,46077.0,0,118
train_12165,nurs_covnew,1004,2,6962,5827,47785.0,0,118
train_12165,nurs_md2u,1004,2,6962,7398,48890.0,0,118
train_12165,nurs_qc,1004,2,6962,6921,48224.0,0,118
train_12165,random-path,1004,2,6962,8070,47550.0,0,118
train_12212,bfs,1191,186,7930,11786006,13832822.0,0,150
train_12212,default,1050,95,7398,10850853,12478950.0,0,150
train_12212,dfs,1196,94,7558,12477278,14253631.0,0,150
train_12212,nurs_covnew,1051,95,7633,11688534,13346558.0,0,150
train_12212,nurs_md2u,1051,95,7633,11830170,13598305.0,0,150
train_12212,nurs_qc,1051,95,7636,11960044,13906865.0,0,150
train_12212,random-path,1050,95,7398,11433185,13404527.0,0,150
train_12213,bfs,1007,652,21828,8757449,10172599.0,0,119
train_12213,default,1007,613,20922,8429326,10218478.0,0,119
train_12213,dfs,1007,584,20335,8795956,10092203.0,0,119
train_12213,nurs_covnew,1007,590,20419,8797711,10196948.0,0,119
train_12213,nurs_md2u,1007,581,20199,8477798,10159216.0,0,119
train_12213,nurs_qc,1007,589,20422,8472301,10170634.0,0,119
train_12213,random-path,1007,607,20795,8867037,10193951.0,0,119
train_12263,bfs,977,601,32631,8156886,10120066.0,0,116
train_12263,default,977,575,31489,7758266,10260530.0,0,116
train_12263,dfs,977,615,33270,8204269,10109325.0,0,116
train_12263,nurs_covnew,977,587,31936,8340757,10310684.0,0,116
train_12263,nurs_md2u,977,623,33487,8261440,10196329.0,0,116
train_12263,nurs_qc,977,582,31851,8048212,10141325.0,0,116
train_12263,random-path,977,602,32661,8302073,10144531.0,0,116
train_12266,bfs,994,4,7019,22211,60031.0,0,118
train_12266,default,994,4,7019,23673,91055.0,0,118
train_12266,dfs,994,4,7019,34617,109461.0,0,118
train_12266,nurs_covnew,994,4,7019,19233,58965.0,0,118
train_12266,nurs_md2u,994,4,7019,20156,60288.0,0,118
train_12266,nurs_qc,994,4,7019,23524,91572.0,0,118
train_12266,random-path,994,4,7019,18747,94690.0,0,118
train_12267,bfs,1030,6,14836,9863068,10072639.0,0,120
train_12267,default,1030,30,13611,9964652,10186613.0,0,120
train_12267,dfs,1018,4,27568,9703783,10080329.0,0,120
train_12267,nurs_covnew,1030,35,12032,9967325,10257930.0,0,120
train_12267,nurs_md2u,1030,35,12237,10086150,10293247.0,0,120
train_12267,nurs_qc,1030,31,12064,10039171,10256629.0,0,120
train_12267,random-path,1030,16,15265,9965065,10187165.0,0,120
train_12271,bfs,995,509,33237,7422797,10145322.0,0,116
train_12271,default,995,501,32836,7659574,10139882.0,0,116
train_12271,dfs,995,493,32443,7366896,10165315.0,0,116
train_12271,nurs_covnew,995,525,34041,7881041,10224273.0,0,116
train_12271,nurs_md2u,995,530,34328,7833650,10172421.0,0,116
train_12271,nurs_qc,995,518,33743,7709801,10097673.0,0,116
train_12271,random-path,995,514,33491,7609550,10159775.0,0,116
train_12272,bfs,1024,568,40837,7643390,10147255.0,0,117
train_12272,default,1024,564,40619,7647251,10137398.0,0,117
train_12272,dfs,1024,528,38474,7582097,10145582.0,0,117
train_12272,nurs_covnew,1024,571,41039,7736145,10155660.0,0,117
train_12272,nurs_md2u,1024,559,40319,7693604,10122109.0,0,117
train_12272,nurs_qc,1024,570,41035,7777059,10126261.0,0,117
train_12272,random-path,1024,557,40199,7533139,10157331.0,0,117
train_12370,bfs,1020,143,12031,9989472,10494243.0,0,119
train_12370,default,1020,147,9872,10325727,10531067.0,0,119
train_12370,dfs,950,60,7252,10799643,10902236.0,0,119
train_12370,nurs_covnew,1020,147,9282,10343024,10518566.0,0,119
train_12370,nurs_md2u,1020,145,9260,10323459,10555447.0,0,119
train_12370,nurs_qc,1020,138,9877,10438651,10593526.0,0,119
train_12370,random-path,1020,145,10699,10182870,10423450.0,0,119
train_12377,bfs,990,3,20209,9857699,10087792.0,0,117
train_12377,default,998,100,21437,9779244,10075103.0,0,117
train_12377,dfs,948,32,18858,9952489,10141780.0,0,117
train_12377,nurs_covnew,998,108,20857,9792192,10086699.0,0,117
train_12377,nurs_md2u,998,117,22737,9719860,10081693.0,0,117
train_12377,nurs_qc,998,84,20707,9836745,10075975.0,0,117
train_12377,random-path,998,86,21869,9842309,10103297.0,0,117
train_12378,bfs,1115,4,5384574,1548217,10032106.0,0,129
train_12378,default,1177,36,10193,10859501,11161437.0,0,129
train_12378,dfs,1107,3,5440361,1562695,10060877.0,0,129
train_12378,nurs_covnew,1171,37,9281,9947746,10243724.0,0,129
train_12378,nurs_md2u,1171,37,9281,9969019,10255798.0,0,129
train_12378,nurs_qc,1171,36,9408,15488044,15785093.0,0,129
train_12378,random-path,1171,30,11540,10008264,10262435.0,0,129
train_12391,bfs,943,2,5849409,3004993,10030474.0,0,117
train_12391,default,943,2,5455280,2299596,10028543.0,0,117
train_12391,dfs,936,2,6404215,2170640,10026886.0,0,117
train_12391,nurs_covnew,943,2,5579683,2405833,10027473.0,0,117
train_12391,nurs_md2u,943,2,5723576,2409904,10028453.0,0,117
train_12391,nurs_qc,943,2,5674071,2366418,10027843.0,0,117
train_12391,random-path,943,2,5928058,2503855,10027402.0,0,117
train_12474,bfs,930,1,11917,2,41640.0,0,116
train_12474,default,930,1,11917,2,45534.0,0,116
train_12474,dfs,930,1,11917,2,42670.0,0,116
train_12474,nurs_covnew,930,1,11917,2,43151.0,0,116
train_12474,nurs_md2u,930,1,11917,2,43628.0,0,116
train_12474,nurs_qc,930,1,11917,2,43961.0,0,116
train_12474,random-path,930,1,11917,2,43602.0,0,116
train_12475,bfs,965,1,6942,2,35566.0,0,115
train_12475,default,965,1,6942,2,39623.0,0,115
train_12475,dfs,965,1,6942,2,35759.0,0,115
train_12475,nurs_covnew,965,1,6942,2,37777.0,0,115
train_12475,nurs_md2u,965,1,6942,2,38100.0,0,115
train_12475,nurs_qc,965,1,6942,2,39197.0,0,115
train_12475,random-path,965,1,6942,10,35572.0,0,115
train_12477,bfs,978,253,18168,9975486,10258022.0,0,116
train_12477,default,978,251,18033,9899949,10193459.0,0,116
train_12477,dfs,978,253,18205,10005154,10312829.0,0,116
train_12477,nurs_covnew,978,252,18034,9957416,10274699.0,0,116
train_12477,nurs_md2u,978,253,18095,10066340,10357260.0,0,116
train_12477,nurs_qc,978,254,18250,9947195,10212633.0,0,116
train_12477,random-path,978,253,18146,9950686,10252998.0,0,116
train_12478,bfs,1027,113,106082,9156809,9455716.0,0,119
train_12478,default,1027,113,106082,8823545,9205177.0,0,119
train_12478,dfs,1027,113,106082,9169379,9449792.0,0,119
train_12478,nurs_covnew,1027,113,106082,9266402,9577842.0,0,119
train_12478,nurs_md2u,1027,113,106082,9227130,9551472.0,0,119
train_12478,nurs_qc,1027,113,106082,8922256,9216903.0,0,119
train_12478,random-path,1027,113,106082,9114360,9517503.0,0,119
train_12480,bfs,992,1,7036,1,37547.0,0,116
train_12480,default,992,1,7036,2,37976.0,0,116
train_12480,dfs,992,1,7036,2,37596.0,0,116
train_12480,nurs_covnew,992,1,7036,1,38492.0,0,116
train_12480,nurs_md2u,992,1,7036,2,37871.0,0,116
train_12480,nurs_qc,992,1,7036,2,41218.0,0,116
train_12480,random-path,992,1,7036,2,36590.0,0,116
train_12482,bfs,981,5,6979,21314828,22425100.0,0,132
train_12482,default,1030,8,7125,21321877,22466274.0,0,132
train_12482,dfs,1009,3,28258,9892164,10061883.0,0,132
train_12482,nurs_covnew,1025,11,7185,21515469,22631644.0,0,132
train_12482,nurs_md2u,1025,11,7185,21445048,22604240.0,0,132
train_12482,nurs_qc,1025,11,7185,21785959,22956176.0,0,132
train_12482,random-path,1030,6,7063,21152602,22259626.0,0,132
train_12575,bfs,1099,65,1361462,3049108,10550902.0,0,122
train_12575,default,1099,59,30612,4482510,10595479.0,0,122
train_12575,dfs,1099,66,1523305,2789301,10411144.0,0,122
train_12575,nurs_covnew,1099,54,18665,4666823,10604828.0,0,122
train_12575,nurs_md2u,1099,57,19594,4693947,10755886.0,0,122
train_12575,nurs_qc,1099,53,49253,4900036,10689295.0,0,122
train_12575,random-path,1099,57,547039,4516954,10473360.0,0,122
train_12576,bfs,1036,4,7053,40950,80317.0,0,126
train_12576,default,1036,4,7053,43939,84403.0,0,126
train_12576,dfs,1036,4,7053,39169,77488.0,0,126
train_12576,nurs_covnew,1036,4,7053,42735,82763.0,0,126
train_12576,nurs_md2u,1036,4,7053,40972,80863.0,0,126
train_12576,nurs_qc,1036,4,7053,42367,83046.0,0,126
train_12576,random-path,1036,4,7053,48043,85935.0,0,126
train_12577,bfs,984,686,19909,9199844,10124311.0,0,128
train_12577,default,984,678,19760,9193152,10138208.0,0,128
train_12577,dfs,984,676,19722,9198264,10156969.0,0,128
train_12577,nurs_covnew,984,695,20083,9158182,10135058.0,0,128
train_12577,nurs_md2u,984,698,20140,9162190,10113054.0,0,128
train_12577,nurs_qc,984,698,20140,9158429,10109081.0,0,128
train_12577,random-path,984,660,19418,9143595,10153599.0,0,128
train_12585,bfs,1048,1,6988,61,39632.0,0,124
train_12585,default,1048,1,6988,60,41201.0,0,124
train_12585,dfs,1048,1,6988,60,39200.0,0,124
train_12585,nurs_covnew,1048,1,6988,61,41841.0,0,124
train_12585,nurs_md2u,1048,1,6988,60,41245.0,0,124
train_12585,nurs_qc,1048,1,6988,61,41048.0,0,124
train_12585,random-path,1048,1,6988,63,40720.0,0,124
train_12599,bfs,1009,1,6964,3,36818.0,0,124
train_12599,default,1009,1,6964,2,38984.0,0,124
train_12599,dfs,1009,1,6964,3,36289.0,0,124
train_12599,nurs_covnew,1009,1,6964,2,38253.0,0,124
train_12599,nurs_md2u,1009,1,6964,3,39705.0,0,124
train_12599,nurs_qc,1009,1,6964,3,38285.0,0,124
train_12599,random-path,1009,1,6964,3,36860.0,0,124
train_12628,bfs,1026,540,43458,8900736,10188838.0,0,122
train_12628,default,1026,544,43759,8722654,10182634.0,0,122
train_12628,dfs,1026,547,43971,8833680,10176023.0,0,122
train_12628,nurs_covnew,1026,544,43759,8782933,10149421.0,0,122
train_12628,nurs_md2u,1026,546,43922,8826721,10151466.0,0,122
train_12628,nurs_qc,1026,527,42611,8810320,10105931.0,0,122
train_12628,random-path,1026,535,43147,8772538,10181771.0,0,122
train_12677,bfs,1053,584,141847,8648309,10270023.0,0,123
train_12677,default,1053,556,96964,8981128,10381916.0,0,123
train_12677,dfs,1053,743,284197,8551896,10286966.0,0,123
train_12677,nurs_covnew,1053,452,60239,9095821,10461480.0,0,123
train_12677,nurs_md2u,1053,552,76136,9151815,10518404.0,0,123
train_12677,nurs_qc,1053,441,31355,9466545,10504770.0,0,123
train_12677,random-path,1053,571,170381,8625700,10223764.0,0,123
train_12682,bfs,972,2,6987,11007,48000.0,0,116
train_12682,default,972,2,6987,12184,59188.0,0,116
train_12682,dfs,972,2,6987,11204,47352.0,0,116
train_12682,nurs_covnew,972,2,6987,11654,49700.0,0,116
train_12682,nurs_md2u,972,2,6987,11593,50944.0,0,116
train_12682,nurs_qc,972,2,6987,11164,48882.0,0,116
train_12682,random-path,972,2,6987,12481,48974.0,0,116
train_12688,bfs,1028,1,1790753,4099,10027269.0,0,116
train_12688,default,1028,1,1768554,4265,10028355.0,0,116
train_12688,dfs,1028,1,1855668,3747,10027066.0,0,116
train_12688,nurs_covnew,1028,1,1822292,4240,10030316.0,0,116
train_12688,nurs_md2u,1028,1,1790688,4277,10028335.0,0,116
train_12688,nurs_qc,1028,1,1806455,4151,10028796.0,0,116
train_12688,random-path,1028,1,1888620,2546,10027902.0,0,116
train_12689,bfs,1003,3,7044,17037,54255.0,0,121
train_12689,default,1003,3,7044,14847,53615.0,0,121
train_12689,dfs,1003,3,7044,17627,54172.0,0,121
train_12689,nurs_covnew,1003,3,7044,15367,54251.0,0,121
train_12689,nurs_md2u,1003,3,7044,17313,55700.0,0,121
train_12689,nurs_qc,1003,3,7044,18057,57312.0,0,121
train_12689,random-path,1003,3,7044,16973,55784.0,0,121
train_12690,bfs,990,2,7080,7564,44545.0,0,117
train_12690,default,990,2,7080,8132,46893.0,0,117
train_12690,dfs,990,2,7080,5831,42877.0,0,117
train_12690,nurs_covnew,990,2,7080,7110,45587.0,0,117
train_12690,nurs_md2u,990,2,7080,6231,44794.0,0,117
train_12690,nurs_qc,990,2,7080,7945,46413.0,0,117
train_12690,random-path,990,2,7080,7883,45588.0,0,117
train_12733,bfs,930,2,7373400,2477401,10027803.0,0,121
train_12733,default,976,2,6723258,2257731,10029234.0,0,121
train_12733,dfs,976,2,7210297,2420451,10027243.0,0,121
train_12733,nurs_covnew,976,2,6972473,2341333,10028777.0,0,121
train_12733,nurs_md2u,976,2,6900171,2318977,10039425.0,0,121
train_12733,nurs_qc,976,2,6942214,2344624,10028550.0,0,121
train_12733,random-path,976,2,7140062,2400971,10026982.0,0,121
train_12782,bfs,0,0,0,0,1096.0,0,119
train_12782,default,0,0,0,0,1182.0,0,119
train_12782,dfs,0,0,0,0,17469.0,0,119
train_12782,nurs_covnew,0,0,0,0,1162.0,0,119
train_12782,nurs_md2u,0,0,0,0,1151.0,0,119
train_12782,nurs_qc,0,0,0,0,1169.0,0,119
train_12782,random-path,0,0,0,0,1184.0,0,119
train_12783,bfs,963,1,6943,2,35414.0,0,115
train_12783,default,963,1,6943,2,38825.0,0,115
train_12783,dfs,963,1,6943,2,36258.0,0,115
train_12783,nurs_covnew,963,1,6943,3,37926.0,0,115
train_12783,nurs_md2u,963,1,6943,2,38307.0,0,115
train_12783,nurs_qc,963,1,6943,2,36698.0,0,115
train_12783,random-path,963,1,6943,2,35974.0,0,115
train_12786,bfs,988,13,7441,5509186,5549481.0,0,117
train_12786,default,988,13,7441,5513249,5558497.0,0,117
train_12786,dfs,988,13,7441,5520398,5561160.0,0,117
train_12786,nurs_covnew,988,13,7441,5510666,5552719.0,0,117
train_12786,nurs_md2u,988,13,7441,5519565,5561804.0,0,117
train_12786,nurs_qc,988,13,7441,5522398,5565199.0,0,117
train_12786,random-path,988,13,7441,5499038,5539794.0,0,117
train_12788,bfs,982,1,6955,2,36352.0,0,129
train_12788,default,982,1,6955,3,37989.0,0,129
train_12788,dfs,982,1,6955,2,35562.0,0,129
train_12788,nurs_covnew,982,1,6955,2,38173.0,0,129
train_12788,nurs_md2u,982,1,6955,2,37164.0,0,129
train_12788,nurs_qc,982,1,6955,3,37371.0,0,129
train_12788,random-path,982,1,6955,2,35278.0,0,129
train_12791,bfs,1019,632,42788,8943177,10151951.0,0,119
train_12791,default,1019,636,43038,8821425,10118451.0,0,119
train_12791,dfs,1019,629,42654,8846984,10116945.0,0,119
train_12791,nurs_covnew,1019,651,43881,8916092,10165337.0,0,119
train_12791,nurs_md2u,1019,636,43013,8879242,10136274.0,0,119
train_12791,nurs_qc,1019,622,42255,8918090,10163441.0,0,119
train_12791,random-path,1019,632,42804,8748961,10126703.0,0,119
train_12793,bfs,1026,1,6967,2,36115.0,0,115
train_12793,default,1026,1,6967,1,38127.0,0,115
train_12793,dfs,1026,1,6967,1,36007.0,0,115
train_12793,nurs_covnew,1026,1,6967,1,37683.0,0,115
train_12793,nurs_md2u,1026,1,6967,1,37760.0,0,115
train_12793,nurs_qc,1026,1,6967,1,39080.0,0,115
train_12793,random-path,1026,1,6967,1,36394.0,0,115
train_12886,bfs,970,1,6945,1,37055.0,0,115
train_12886,default,970,1,6945,1,38035.0,0,115
train_12886,dfs,970,1,6945,1,36355.0,0,115
train_12886,nurs_covnew,970,1,6945,1,38102.0,0,115
train_12886,nurs_md2u,970,1,6945,1,37434.0,0,115
train_12886,nurs_qc,970,1,6945,1,37657.0,0,115
train_12886,random-path,970,1,6945,1,36054.0,0,115
train_12888,bfs,967,1,6944,2,35343.0,0,115
train_12888,default,967,1,6944,2,38493.0,0,115
train_12888,dfs,967,1,6944,1,36195.0,0,115
train_12888,nurs_covnew,967,1,6944,1,37670.0,0,115
train_12888,nurs_md2u,967,1,6944,1,38024.0,0,115
train_12888,nurs_qc,967,1,6944,2,37382.0,0,115
train_12888,random-path,967,1,6944,1,35953.0,0,115
train_12891,bfs,1267,5,7170,10179586,10225105.0,0,162
train_12891,default,1075,4,7012,10162860,10205833.0,0,162
train_12891,dfs,1287,7,7226,10195567,10239269.0,0,162
train_12891,nurs_covnew,1088,4,7009,10168243,10211785.0,0,162
train_12891,nurs_md2u,1088,4,7009,10164124,10207290.0,0,162
train_12891,nurs_qc,1088,4,7009,10169696,10215185.0,0,162
train_12891,random-path,1072,4,7009,10171531,10215256.0,0,162
train_12892,bfs,1009,4,6987,127906,4771677.0,0,120
train_12892,default,1009,4,6987,44319,4721871.0,0,120
train_12892,dfs,1009,4,6987,36827,4674022.0,0,120
train_12892,nurs_covnew,1009,4,6987,144991,4814732.0,0,120
train_12892,nurs_md2u,1009,4,6987,157329,4845102.0,0,120
train_12892,nurs_qc,1009,4,6987,123525,4783676.0,0,120
train_12892,random-path,1009,4,6987,36903,4678382.0,0,120
train_12897,bfs,997,2,6999,6012,43609.0,0,116
train_12897,default,997,2,6999,6178,45343.0,0,116
train_12897,dfs,997,2,6999,8244,45196.0,0,116
train_12897,nurs_covnew,997,2,6999,7398,46030.0,0,116
train_12897,nurs_md2u,997,2,6999,5985,45033.0,0,116
train_12897,nurs_qc,997,2,6999,6029,44332.0,0,116
train_12897,random-path,997,2,6999,6265,44452.0,0,116
train_12898,bfs,961,3,7339857,1871822,10027201.0,0,119
train_12898,default,969,13,972216,9246187,10830959.0,0,119
train_12898,dfs,943,2,7431557,1873789,10027004.0,0,119
train_12898,nurs_covnew,969,13,887814,9396388,10892977.0,0,119
train_12898,nurs_md2u,969,13,897499,9331219,10833069.0,0,119
train_12898,nurs_qc,969,13,897422,9356905,10837272.0,0,119
train_12898,random-path,969,13,1204733,9182733,10975442.0,0,119
train_12910,bfs,1036,433,313316,8889560,10134434.0,0,121
train_12910,default,1036,411,298344,8493547,10045124.0,0,121
train_12910,dfs,1036,426,308377,8878690,10120307.0,0,121
train_12910,nurs_covnew,1036,430,311303,8789666,10064744.0,0,121
train_12910,nurs_md2u,1036,413,299134,8830333,10078306.0,0,121
train_12910,nurs_qc,1036,420,304111,8887833,10086593.0,0,121
train_12910,random-path,1036,410,297454,8315170,10064863.0,0,121
train_12940,bfs,942,1,6911,2,3429983.0,0,121
train_12940,default,942,1,6911,1,3456407.0,0,121
train_12940,dfs,942,1,6911,1,3417413.0,0,121
train_12940,nurs_covnew,942,1,6911,2,3422511.0,0,121
train_12940,nurs_md2u,942,1,6911,1,3399154.0,0,121
train_12940,nurs_qc,942,1,6911,1,3421330.0,0,121
train_12940,random-path,942,1,6911,2,3407474.0,0,121
train_12994,bfs,963,1,6943,1,36355.0,0,115
train_12994,default,963,1,6943,2,37716.0,0,115
train_12994,dfs,963,1,6943,1,36317.0,0,115
train_12994,nurs_covnew,963,1,6943,2,38122.0,0,115
train_12994,nurs_md2u,963,1,6943,2,38361.0,0,115
train_12994,nurs_qc,963,1,6943,2,37534.0,0,115
train_12994,random-path,963,1,6943,2,36291.0,0,115
train_13001,bfs,981,1,7017,1,36650.0,0,116
train_13001,default,981,1,7017,2,38318.0,0,116
train_13001,dfs,981,1,7017,2,37855.0,0,116
train_13001,nurs_covnew,981,1,7017,1,37375.0,0,116
train_13001,nurs_md2u,981,1,7017,1,37733.0,0,116
train_13001,nurs_qc,981,1,7017,2,37736.0,0,116
train_13001,random-path,981,1,7017,2,36000.0,0,116
train_13008,bfs,1266,2,16552,8670,61860.0,0,162
train_13008,default,1266,2,16552,6310,61964.0,0,162
train_13008,dfs,1266,2,16552,8253,60558.0,0,162
train_13008,nurs_covnew,1266,2,16552,6324,60264.0,0,162
train_13008,nurs_md2u,1266,2,16552,10160,66220.0,0,162
train_13008,nurs_qc,1266,2,16552,6556,60743.0,0,162
train_13008,random-path,1266,2,16552,6807,68083.0,0,162
train_13045,bfs,1026,456,37291,9579833,10123078.0,0,139
train_13045,default,1026,453,37113,9478624,10116504.0,0,139
train_13045,dfs,1026,482,39070,9585204,10167528.0,0,139
train_13045,nurs_covnew,1026,460,37585,9581352,10151980.0,0,139
train_13045,nurs_md2u,1026,460,37585,9609283,10149462.0,0,139
train_13045,nurs_qc,1026,477,38735,9602748,10185832.0,0,139
train_13045,random-path,1026,456,37313,9504386,10129775.0,0,139
train_13093,bfs,963,1,6943,1,35479.0,0,115
train_13093,default,963,1,6943,1,38499.0,0,115
train_13093,dfs,963,1,6943,1,36797.0,0,115
train_13093,nurs_covnew,963,1,6943,1,37362.0,0,115
train_13093,nurs_md2u,963,1,6943,1,38457.0,0,115
train_13093,nurs_qc,963,1,6943,1,37333.0,0,115
train_13093,random-path,963,1,6943,1,36846.0,0,115
train_13095,bfs,987,3,6966,16885,54394.0,0,117
train_13095,default,987,3,6966,23431,62654.0,0,117
train_13095,dfs,987,3,6966,19445,56974.0,0,117
train_13095,nurs_covnew,987,3,6966,21344,60048.0,0,117
train_13095,nurs_md2u,987,3,6966,18443,57279.0,0,117
train_13095,nurs_qc,987,3,6966,21135,59874.0,0,117
train_13095,random-path,987,3,6966,19591,56501.0,0,117
train_13102,bfs,945,1,6917,2,43303.0,0,125
train_13102,default,945,1,6917,2,45337.0,0,125
train_13102,dfs,945,1,6917,2,43300.0,0,125
train_13102,nurs_covnew,945,1,6917,2,45819.0,0,125
train_13102,nurs_md2u,945,1,6917,2,45255.0,0,125
train_13102,nurs_qc,945,1,6917,2,44767.0,0,125
train_13102,random-path,945,1,6917,2,42908.0,0,125
train_13105,bfs,976,2,6986,6158,42886.0,0,116
train_13105,default,976,2,6986,6926,45416.0,0,116
train_13105,dfs,976,2,6986,8603,45273.0,0,116
train_13105,nurs_covnew,976,2,6986,6578,45293.0,0,116
train_13105,nurs_md2u,976,2,6986,7634,45497.0,0,116
train_13105,nurs_qc,976,2,6986,6583,45193.0,0,116
train_13105,random-path,976,2,6986,6141,43307.0,0,116
train_13201,bfs,1006,1,7082,1,36990.0,0,120
train_13201,default,1006,1,7082,2,38038.0,0,120
train_13201,dfs,1006,1,7082,1,36393.0,0,120
train_13201,nurs_covnew,1006,1,7082,2,38188.0,0,120
train_13201,nurs_md2u,1006,1,7082,2,37673.0,0,120
train_13201,nurs_qc,1006,1,7082,2,37949.0,0,120
train_13201,random-path,1006,1,7082,1,36898.0,0,120
train_13203,bfs,1024,589,50841,9300722,10121705.0,0,118
train_13203,default,1024,596,51405,9264334,10137118.0,0,118
train_13203,dfs,1016,601,51690,9336314,10143339.0,0,118
train_13203,nurs_covnew,1024,601,51780,9348810,10161909.0,0,118
train_13203,nurs_md2u,1024,586,50655,9313873,10120737.0,0,118
train_13203,nurs_qc,1024,574,49755,9282723,10118695.0,0,118
train_13203,random-path,1024,591,51023,9195005,10141692.0,0,118
train_13205,bfs,1030,53,28454,261366,376627.0,0,135
train_13205,default,1030,53,28454,251102,379456.0,0,135
train_13205,dfs,1030,53,28454,276377,397482.0,0,135
train_13205,nurs_covnew,1030,53,28454,277534,395464.0,0,135
train_13205,nurs_md2u,1030,53,28454,249986,368445.0,0,135
train_13205,nurs_qc,1030,53,28454,280555,398476.0,0,135
train_13205,random-path,1030,53,28454,269303,389374.0,0,135
train_13208,bfs,948,2,10619007,8364,10027446.0,0,123
train_13208,default,952,3,386789,107311,10045026.0,0,123
train_13208,dfs,946,3,146281,82163,10040038.0,0,123
train_13208,nurs_covnew,952,3,339353,112590,10045067.0,0,123
train_13208,nurs_md2u,952,3,338579,108355,10044427.0,0,123
train_13208,nurs_qc,952,3,343992,112222,10050977.0,0,123
train_13208,random-path,952,3,454293,112684,10044237.0,0,123
train_13210,bfs,931,1,10028004,2,10433397.0,0,125
train_13210,default,931,1,9475781,2,10436066.0,0,125
train_13210,dfs,931,1,10233979,2,10431665.0,0,125
train_13210,nurs_covnew,931,1,9860767,2,10433161.0,0,125
train_13210,nurs_md2u,931,1,9517069,2,10437939.0,0,125
train_13210,nurs_qc,931,1,9870206,2,10433954.0,0,125
train_13210,random-path,931,1,10070666,2,10434427.0,0,125
train_13211,bfs,1001,6,5004139,3739300,10027351.0,0,118
train_13211,default,1042,134,79778,9124233,10223648.0,0,118
train_13211,dfs,997,4,5813818,3203336,10028641.0,0,118
train_13211,nurs_covnew,1042,143,43842,9202768,10239884.0,0,118
train_13211,nurs_md2u,1042,143,43326,9194648,10207771.0,0,118
train_13211,nurs_qc,1042,161,35818,9237941,10203406.0,0,118
train_13211,random-path,1042,22,4090627,4095440,10036597.0,0,118
train_13219,bfs,1004,2,6997,6185,42000.0,0,118
train_13219,default,1004,2,6997,7329,57849.0,0,118
train_13219,dfs,1004,2,6997,7984,44745.0,0,118
train_13219,nurs_covnew,1004,2,6997,8137,46894.0,0,118
train_13219,nurs_md2u,1004,2,6997,8879,46435.0,0,118
train_13219,nurs_qc,1004,2,6997,6083,43360.0,0,118
train_13219,random-path,1004,2,6997,6235,42038.0,0,118
train_13223,bfs,1018,311,690731,8938733,10062894.0,0,121
train_13223,default,1018,396,544919,8552660,10430913.0,0,121
train_13223,dfs,1018,314,705165,8969540,10049126.0,0,121
train_13223,nurs_covnew,1018,438,542744,8988250,10809957.0,0,121
train_13223,nurs_md2u,1018,424,507438,8900825,10657590.0,0,121
train_13223,nurs_qc,1018,365,634739,8786003,10360810.0,0,121
train_13223,random-path,1018,306,641697,8010272,10076923.0,0,121
train_13302,bfs,965,1,6942,1,36170.0,0,115
train_13302,default,965,1,6942,2,37138.0,0,115
train_13302,dfs,965,1,6942,2,35373.0,0,115
train_13302,nurs_covnew,965,1,6942,1,37623.0,0,115
train_13302,nurs_md2u,965,1,6942,2,37348.0,0,115
train_13302,nurs_qc,965,1,6942,1,37232.0,0,115
train_13302,random-path,965,1,6942,1,35163.0,0,115
train_13305,bfs,958,1,6942,1,36193.0,0,115
train_13305,default,958,1,6942,2,37724.0,0,115
train_13305,dfs,958,1,6942,1,35695.0,0,115
train_13305,nurs_covnew,958,1,6942,2,37514.0,0,115
train_13305,nurs_md2u,958,1,6942,2,37514.0,0,115
train_13305,nurs_qc,958,1,6942,1,36707.0,0,115
train_13305,random-path,958,1,6942,2,35779.0,0,115
train_13307,bfs,1069,638,233623,8959350,10118549.0,0,124
train_13307,default,1069,614,223329,8505392,10174722.0,0,124
train_13307,dfs,1069,642,235392,8981627,10116961.0,0,124
train_13307,nurs_covnew,1069,628,227410,8842927,10192208.0,0,124
train_13307,nurs_md2u,1069,646,234129,8832486,10173652.0,0,124
train_13307,nurs_qc,1069,624,228670,8837567,10122158.0,0,124
train_13307,random-path,1069,612,223805,8244596,10130546.0,0,124
train_13310,bfs,965,1,6943,1,35667.0,0,115
train_13310,default,965,1,6943,1,38966.0,0,115
train_13310,dfs,965,1,6943,1,35789.0,0,115
train_13310,nurs_covnew,965,1,6943,1,37302.0,0,115
train_13310,nurs_md2u,965,1,6943,1,37065.0,0,115
train_13310,nurs_qc,965,1,6943,2,37256.0,0,115
train_13310,random-path,965,1,6943,1,36388.0,0,115
train_13311,bfs,994,646,39052,9285869,10148576.0,0,117
train_13311,default,994,640,38748,9168350,10142978.0,0,117
train_13311,dfs,994,648,39190,9275969,10125962.0,0,117
train_13311,nurs_covnew,994,646,39035,9265630,10147215.0,0,117
train_13311,nurs_md2u,994,659,39692,9298954,10171682.0,0,117
train_13311,nurs_qc,994,662,39890,9268601,10112997.0,0,117
train_13311,random-path,994,637,38619,9158147,10148725.0,0,117
train_13313,bfs,984,1,6978,1,36148.0,0,116
train_13313,default,984,1,6978,1,43091.0,0,116
train_13313,dfs,984,1,6978,1,36434.0,0,116
train_13313,nurs_covnew,984,1,6978,1,37700.0,0,116
train_13313,nurs_md2u,984,1,6978,1,38331.0,0,116
train_13313,nurs_qc,984,1,6978,2,38018.0,0,116
train_13313,random-path,984,1,6978,1,35910.0,0,116
train_13314,bfs,953,1,9433312,3,10030336.0,0,119
train_13314,default,953,1,9265210,3,10030090.0,0,119
train_13314,dfs,953,1,10345455,3,10029448.0,0,119
train_13314,nurs_covnew,953,1,9485988,3,10030231.0,0,119
train_13314,nurs_md2u,953,1,9582126,3,10030622.0,0,119
train_13314,nurs_qc,953,1,9950360,4,10031270.0,0,119
train_13314,random-path,953,1,9616096,4,10029382.0,0,119
train_13317,bfs,958,5443,29389,11794811,14125736.0,0,118
train_13317,default,1025,729,11413,11064494,11383451.0,0,118
train_13317,dfs,1001,656,38922,9354852,10139881.0,0,118
train_13317,nurs_covnew,962,4343,31099,11870275,13873385.0,0,118
train_13317,nurs_md2u,962,4345,31425,11653229,13648308.0,0,118
train_13317,nurs_qc,962,3235,24370,10948421,12519537.0,0,118
train_13317,random-path,1025,733,10710,11052347,11375778.0,0,118
train_13318,bfs,989,1,6953,1,35717.0,0,119
train_13318,default,989,1,6953,1,37417.0,0,119
train_13318,dfs,989,1,6953,2,41993.0,0,119
train_13318,nurs_covnew,989,1,6953,1,37490.0,0,119
train_13318,nurs_md2u,989,1,6953,1,37801.0,0,119
train_13318,nurs_qc,989,1,6953,2,37811.0,0,119
train_13318,random-path,989,1,6953,1,36534.0,0,119
