program,searcher,CovI,States,Queries,SolverTime_us,WallTime_s,CompletedPaths,NumBranches
test_00036,bfs,945,1,6878,12837,47223.0,0,128
test_00036,dfs,945,1,6878,13210,47663.0,0,128
test_00036,nurs_covnew,945,1,6878,12057,48066.0,0,128
test_00036,nurs_md2u,945,1,6878,11984,48125.0,0,128
test_00036,nurs_qc,945,1,6878,12134,48151.0,0,128
test_00036,random-path,945,1,6878,11281,45732.0,0,128
test_00044,bfs,1555,4,71482,192603,5056507.0,0,194
test_00044,dfs,1555,3,71476,175805,4951373.0,0,194
test_00044,nurs_covnew,1555,5,87716,1494331,10358213.0,0,194
test_00044,nurs_md2u,1555,5,87765,1172045,9095889.0,0,194
test_00044,nurs_qc,1555,5,76359,1164617,9012237.0,0,194
test_00044,random-path,1555,5,87459,1170034,9036096.0,0,194
test_00072,bfs,952,1,6884,0,35883.0,0,164
test_00072,dfs,952,1,6884,0,36050.0,0,164
test_00072,nurs_covnew,952,1,6884,0,37206.0,0,164
test_00072,nurs_md2u,952,1,6884,0,37219.0,0,164
test_00072,nurs_qc,952,1,6884,0,37709.0,0,164
test_00072,random-path,952,1,6884,0,35683.0,0,164
test_00078,bfs,943,1,6878,13894,51034.0,0,163
test_00078,dfs,943,1,6878,12600,50126.0,0,163
test_00078,nurs_covnew,943,1,6878,12857,51816.0,0,163
test_00078,nurs_md2u,943,1,6878,11721,50842.0,0,163
test_00078,nurs_qc,943,1,6878,13066,51618.0,0,163
test_00078,random-path,943,1,6878,12325,49683.0,0,163
train_00066,bfs,951,1,6886,15308,112793.0,0,188
train_00066,dfs,951,1,6886,15718,114274.0,0,188
train_00066,nurs_covnew,951,1,6886,18132,117303.0,0,188
train_00066,nurs_md2u,951,1,6886,15112,118021.0,0,188
train_00066,nurs_qc,951,1,6886,16965,115907.0,0,188
train_00066,random-path,951,1,6886,15402,113542.0,0,188
train_00077,bfs,940,1,6888,12199,48810.0,0,116
train_00077,dfs,940,1,6888,14076,49983.0,0,116
train_00077,nurs_covnew,940,1,6888,12377,49182.0,0,116
train_00077,nurs_md2u,940,1,6888,12262,49519.0,0,116
train_00077,nurs_qc,940,1,6888,14021,51727.0,0,116
train_00077,random-path,940,1,6888,12081,48924.0,0,116
train_00078,bfs,1354,5,21777,53548,121873.0,0,177
train_00078,dfs,1354,5,21777,54954,122425.0,0,177
train_00078,nurs_covnew,1354,5,21777,50626,122523.0,0,177
train_00078,nurs_md2u,1354,5,21777,51154,123475.0,0,177
train_00078,nurs_qc,1354,5,21777,54851,126546.0,0,177
train_00078,random-path,1354,5,21777,51542,120124.0,0,177
train_00161,bfs,952,1,6900,5981209,6132449.0,0,117
train_00161,dfs,952,1,6900,5980202,6131018.0,0,117
train_00161,nurs_covnew,952,1,6900,5976709,6128935.0,0,117
train_00161,nurs_md2u,952,1,6900,5982248,6132955.0,0,117
train_00161,nurs_qc,952,1,6900,5977286,6129058.0,0,117
train_00161,random-path,952,1,6900,5979801,6130721.0,0,117
train_00166,bfs,936,1,6886,14405,50263.0,0,126
train_00166,dfs,936,1,6886,16050,51319.0,0,126
train_00166,nurs_covnew,936,1,6886,11801,48743.0,0,126
train_00166,nurs_md2u,936,1,6886,14395,51363.0,0,126
train_00166,nurs_qc,936,1,6886,12524,49903.0,0,126
train_00166,random-path,936,1,6886,14829,50243.0,0,126
train_00227,bfs,970,1,6900,15305,55892.0,0,182
train_00227,dfs,970,1,6900,15491,56015.0,0,182
train_00227,nurs_covnew,970,1,6900,13524,56856.0,0,182
train_00227,nurs_md2u,970,1,6900,15062,57647.0,0,182
train_00227,nurs_qc,970,1,6900,16636,58865.0,0,182
train_00227,random-path,970,1,6900,14774,55006.0,0,182
train_00245,bfs,988,1,6802242,0,10432450.0,0,120
train_00245,dfs,988,1,6968946,0,10425317.0,0,120
train_00245,nurs_covnew,988,1,6595753,0,10429851.0,0,120
train_00245,nurs_md2u,988,1,6648568,0,10428484.0,0,120
train_00245,nurs_qc,988,1,6186632,0,10431539.0,0,120
train_00245,random-path,988,1,7000349,0,10431975.0,0,120
train_00246,bfs,968,1,6886,18451,219223.0,0,136
train_00246,dfs,968,1,6886,18249,223046.0,0,136
train_00246,nurs_covnew,968,1,6886,17849,222715.0,0,136
train_00246,nurs_md2u,968,1,6886,19884,223278.0,0,136
train_00246,nurs_qc,968,1,6886,17758,221768.0,0,136
train_00246,random-path,968,1,6886,21077,245579.0,0,136
train_00269,bfs,937,1,6886,12932,64329.0,0,123
train_00269,dfs,937,1,6886,12325,63517.0,0,123
train_00269,nurs_covnew,937,1,6886,13834,67291.0,0,123
train_00269,nurs_md2u,937,1,6886,14295,67648.0,0,123
train_00269,nurs_qc,937,1,6886,13979,66810.0,0,123
train_00269,random-path,937,1,6886,12589,67432.0,0,123
train_00389,bfs,956,242,8177,15401475,17254264.0,0,121
train_00389,dfs,987,87,838717,7773549,10365358.0,0,121
train_00389,nurs_covnew,963,184,8054,15256614,17091916.0,0,121
train_00389,nurs_md2u,963,187,8066,14979416,16802516.0,0,121
train_00389,nurs_qc,962,192,8095,15330082,17173016.0,0,121
train_00389,random-path,959,169,7607,15070685,16863677.0,0,121
train_00428,bfs,942,1,6886,11096,46777.0,0,118
train_00428,dfs,942,1,6886,13331,48080.0,0,118
train_00428,nurs_covnew,942,1,6886,11596,47240.0,0,118
train_00428,nurs_md2u,942,1,6886,11203,47140.0,0,118
train_00428,nurs_qc,942,1,6886,12348,48822.0,0,118
train_00428,random-path,942,1,6886,10322,44506.0,0,118
train_00447,bfs,956,1,6894,13721,48256.0,0,122
train_00447,dfs,956,1,6894,15310,50314.0,0,122
train_00447,nurs_covnew,956,1,6894,13403,50024.0,0,122
train_00447,nurs_md2u,956,1,6894,14439,51053.0,0,122
train_00447,nurs_qc,956,1,6894,13231,49669.0,0,122
train_00447,random-path,956,1,6894,15476,50213.0,0,122
train_00449,bfs,957,5,6962,50407,85015.0,0,121
train_00449,dfs,957,5,6962,44421,79215.0,0,121
train_00449,nurs_covnew,957,5,6962,44516,80411.0,0,121
train_00449,nurs_md2u,957,5,6962,50510,86221.0,0,121
train_00449,nurs_qc,957,5,6962,42437,78868.0,0,121
train_00449,random-path,957,5,6962,44166,78693.0,0,121
train_00473,bfs,1401,4,9518727,25295,10029551.0,0,186
train_00473,dfs,1401,3,10048844,19947,10030283.0,0,186
train_00473,nurs_covnew,941,5,9041963,35780,10031807.0,0,186
train_00473,nurs_md2u,941,5,9213988,31908,10032208.0,0,186
train_00473,nurs_qc,941,5,9265839,30472,10033074.0,0,186
train_00473,random-path,942,5,9374534,33977,10029928.0,0,186
train_00503,bfs,945,1,6887,12086,50589.0,0,119
train_00503,dfs,945,1,6887,14766,53775.0,0,119
train_00503,nurs_covnew,945,1,6887,12294,54095.0,0,119
train_00503,nurs_md2u,945,1,6887,12086,53492.0,0,119
train_00503,nurs_qc,945,1,6887,12350,52815.0,0,119
train_00503,random-path,945,1,6887,12400,51854.0,0,119
train_00528,bfs,950,1,6886,11265,45504.0,0,120
train_00528,dfs,950,1,6886,12644,46761.0,0,120
train_00528,nurs_covnew,950,1,6886,11173,46798.0,0,120
train_00528,nurs_md2u,950,1,6886,12807,48601.0,0,120
train_00528,nurs_qc,950,1,6886,12081,48118.0,0,120
train_00528,random-path,950,1,6886,12354,47374.0,0,120
train_00539,bfs,952,1,6886,12024,57524.0,0,135
train_00539,dfs,952,1,6886,12224,57739.0,0,135
train_00539,nurs_covnew,952,1,6886,12488,60280.0,0,135
train_00539,nurs_md2u,952,1,6886,12141,59442.0,0,135
train_00539,nurs_qc,952,1,6886,13989,61063.0,0,135
train_00539,random-path,952,1,6886,13180,58173.0,0,135
train_00545,bfs,1138,5,7892,10836663,11238259.0,0,121
train_00545,dfs,1138,5,7892,10849336,11249809.0,0,121
train_00545,nurs_covnew,1138,5,7892,10793888,11189917.0,0,121
train_00545,nurs_md2u,1138,5,7892,10782944,11208449.0,0,121
train_00545,nurs_qc,1138,5,7863,10918396,11306567.0,0,121
train_00545,random-path,1138,5,7892,10723298,11130203.0,0,121
train_00549,bfs,948,1,6886,13864,48084.0,0,117
train_00549,dfs,948,1,6886,13154,47802.0,0,117
train_00549,nurs_covnew,948,1,6886,13460,49318.0,0,117
train_00549,nurs_md2u,948,1,6886,11074,47590.0,0,117
train_00549,nurs_qc,948,1,6886,15220,51220.0,0,117
train_00549,random-path,948,1,6886,12418,46761.0,0,117
train_00554,bfs,1315,1,7121,14153,50433.0,0,176
train_00554,dfs,1315,1,7121,14452,50988.0,0,176
train_00554,nurs_covnew,1315,1,7121,22609,61712.0,0,176
train_00554,nurs_md2u,1315,1,7121,17494,56263.0,0,176
train_00554,nurs_qc,1315,1,7121,16245,54576.0,0,176
train_00554,random-path,1315,1,7121,15068,50978.0,0,176
train_00570,bfs,949,1,6893,15630,56607.0,0,122
train_00570,dfs,949,1,6893,16146,57597.0,0,122
train_00570,nurs_covnew,949,1,6893,13813,57136.0,0,122
train_00570,nurs_md2u,949,1,6893,13697,58419.0,0,122
train_00570,nurs_qc,949,1,6893,14618,56964.0,0,122
train_00570,random-path,949,1,6893,14457,55970.0,0,122
train_00584,bfs,1046,25,7484,11154080,11218701.0,0,125
train_00584,dfs,1046,19,7606,11057568,11117071.0,0,125
train_00584,nurs_covnew,1046,22,7303,11342444,11390529.0,0,125
train_00584,nurs_md2u,1046,22,7303,11356809,11420297.0,0,125
train_00584,nurs_qc,1046,24,7481,10622907,10688548.0,0,125
train_00584,random-path,1046,25,7587,10847683,10894602.0,0,125
train_00624,bfs,945,1,6887,12015,45939.0,0,118
train_00624,dfs,945,1,6887,12359,46661.0,0,118
train_00624,nurs_covnew,945,1,6887,11378,46618.0,0,118
train_00624,nurs_md2u,945,1,6887,12321,47718.0,0,118
train_00624,nurs_qc,945,1,6887,12628,47529.0,0,118
train_00624,random-path,945,1,6887,12670,46597.0,0,118
train_00745,bfs,947,1,6886,11617,46739.0,0,192
train_00745,dfs,947,1,6886,11732,45947.0,0,192
train_00745,nurs_covnew,947,1,6886,11601,48549.0,0,192
train_00745,nurs_md2u,947,1,6886,11621,47921.0,0,192
train_00745,nurs_qc,947,1,6886,11935,48150.0,0,192
train_00745,random-path,947,1,6886,11454,46294.0,0,192
train_00763,bfs,943,1,6886,13406,78995.0,0,118
train_00763,dfs,943,1,6886,11990,77051.0,0,118
train_00763,nurs_covnew,943,1,6886,15524,82288.0,0,118
train_00763,nurs_md2u,943,1,6886,12192,79652.0,0,118
train_00763,nurs_qc,943,1,6886,13435,80195.0,0,118
train_00763,random-path,943,1,6886,13272,80135.0,0,118
train_00865,bfs,947,1,6887,12629,52040.0,0,125
train_00865,dfs,947,1,6887,12666,51641.0,0,125
train_00865,nurs_covnew,947,1,6887,11624,52066.0,0,125
train_00865,nurs_md2u,947,1,6887,14391,54714.0,0,125
train_00865,nurs_qc,947,1,6887,12944,53428.0,0,125
train_00865,random-path,947,1,6887,11130,51584.0,0,125
train_00969,bfs,956,2,6902,28910,64101.0,0,120
train_00969,dfs,956,2,6902,29052,63640.0,0,120
train_00969,nurs_covnew,956,2,6902,28024,64071.0,0,120
train_00969,nurs_md2u,956,2,6902,27596,63852.0,0,120
train_00969,nurs_qc,956,2,6902,27712,63323.0,0,120
train_00969,random-path,956,2,6902,29338,63423.0,0,120
train_01020,bfs,1012,3,7094,50343,88043.0,0,117
train_01020,dfs,1012,3,7094,56896,94170.0,0,117
train_01020,nurs_covnew,1012,3,7094,58321,97443.0,0,117
train_01020,nurs_md2u,1012,3,7094,54647,93634.0,0,117
train_01020,nurs_qc,1012,3,7094,54187,92680.0,0,117
train_01020,random-path,1012,3,7094,60307,97713.0,0,117
train_01027,bfs,953,1,8757586,0,10149287.0,0,125
train_01027,dfs,953,1,9164172,0,10149601.0,0,125
train_01027,nurs_covnew,953,1,8637605,0,10150410.0,0,125
train_01027,nurs_md2u,953,1,8690222,0,10151151.0,0,125
train_01027,nurs_qc,953,1,8612158,0,10149916.0,0,125
train_01027,random-path,953,1,9166367,0,10149023.0,0,125
train_01058,bfs,1071,3,6966,39054,7402815.0,0,125
train_01058,dfs,1071,2,6960,35731,7374954.0,0,125
train_01058,nurs_covnew,1071,5,7227,68414,7548376.0,0,125
train_01058,nurs_md2u,1071,5,7227,68897,7612308.0,0,125
train_01058,nurs_qc,1071,5,7227,63662,7572002.0,0,125
train_01058,random-path,1071,5,7018,146164,8038518.0,0,125
train_01087,bfs,1095,5,10848,103314,147730.0,0,132
train_01087,dfs,1095,5,10848,103519,147634.0,0,132
train_01087,nurs_covnew,1095,5,10848,99249,145410.0,0,132
train_01087,nurs_md2u,1095,5,10848,91769,138061.0,0,132
train_01087,nurs_qc,1095,5,10848,88895,133933.0,0,132
train_01087,random-path,1095,5,10848,89806,134867.0,0,132
train_01097,bfs,944,1,6886,11957,46716.0,0,119
train_01097,dfs,944,1,6886,11850,46077.0,0,119
train_01097,nurs_covnew,944,1,6886,12301,49355.0,0,119
train_01097,nurs_md2u,944,1,6886,11863,48148.0,0,119
train_01097,nurs_qc,944,1,6886,12663,48834.0,0,119
train_01097,random-path,944,1,6886,11673,46332.0,0,119
train_01099,bfs,1006,5,7164,54373,92949.0,0,117
train_01099,dfs,1006,5,7164,57300,95090.0,0,117
train_01099,nurs_covnew,1006,5,7164,58527,97518.0,0,117
train_01099,nurs_md2u,1006,5,7164,54999,94655.0,0,117
train_01099,nurs_qc,1006,5,7164,53859,92884.0,0,117
train_01099,random-path,1006,5,7164,63726,101622.0,0,117
train_01102,bfs,1015,5,7157,36059,73986.0,0,119
train_01102,dfs,1015,5,7157,35835,73912.0,0,119
train_01102,nurs_covnew,1015,5,7157,37881,77140.0,0,119
train_01102,nurs_md2u,1015,5,7157,35661,74787.0,0,119
train_01102,nurs_qc,1015,5,7157,34543,74000.0,0,119
train_01102,random-path,1015,5,7157,36224,74235.0,0,119
train_01129,bfs,932,1,6884,13206,68682.0,0,120
train_01129,dfs,932,1,6884,13075,68875.0,0,120
train_01129,nurs_covnew,932,1,6884,14161,71024.0,0,120
train_01129,nurs_md2u,932,1,6884,12459,69544.0,0,120
train_01129,nurs_qc,932,1,6884,12801,72095.0,0,120
train_01129,random-path,932,1,6884,11665,66780.0,0,120
train_01164,bfs,984,2,6929,14294,54703.0,0,116
train_01164,dfs,984,2,6929,14102,51641.0,0,116
train_01164,nurs_covnew,984,2,6929,14668,55690.0,0,116
train_01164,nurs_md2u,984,2,6929,14895,54433.0,0,116
train_01164,nurs_qc,984,2,6929,14686,54311.0,0,116
train_01164,random-path,984,2,6929,14016,52827.0,0,116
train_01166,bfs,977,1,6912,15521,50301.0,0,116
train_01166,dfs,977,1,6912,17228,51832.0,0,116
train_01166,nurs_covnew,977,1,6912,17554,54393.0,0,116
train_01166,nurs_md2u,977,1,6912,17099,54047.0,0,116
train_01166,nurs_qc,977,1,6912,17356,54449.0,0,116
train_01166,random-path,977,1,6912,16335,51782.0,0,116
train_01179,bfs,952,11,7004,1769123,1804763.0,0,116
train_01179,dfs,952,11,7004,1768071,1805325.0,0,116
train_01179,nurs_covnew,952,11,7004,1777821,1815688.0,0,116
train_01179,nurs_md2u,952,11,7004,1780461,1820462.0,0,116
train_01179,nurs_qc,952,11,7004,1792980,1833498.0,0,116
train_01179,random-path,952,11,7004,1798319,1836102.0,0,116
train_01189,bfs,945,1,6886,11031,45615.0,0,183
train_01189,dfs,945,1,6886,11613,46241.0,0,183
train_01189,nurs_covnew,945,1,6886,11381,48491.0,0,183
train_01189,nurs_md2u,945,1,6886,11558,48306.0,0,183
train_01189,nurs_qc,945,1,6886,10551,47238.0,0,183
train_01189,random-path,945,1,6886,11409,46092.0,0,183
train_01247,bfs,935,1,6886,12297,49509.0,0,123
train_01247,dfs,935,1,6886,12832,48685.0,0,123
train_01247,nurs_covnew,935,1,6886,12232,50443.0,0,123
train_01247,nurs_md2u,935,1,6886,13033,52298.0,0,123
train_01247,nurs_qc,935,1,6886,11590,49824.0,0,123
train_01247,random-path,935,1,6886,12581,48916.0,0,123
train_01265,bfs,934,1,6886,12439,48024.0,0,154
train_01265,dfs,934,1,6886,13908,49813.0,0,154
train_01265,nurs_covnew,934,1,6886,12153,49324.0,0,154
train_01265,nurs_md2u,934,1,6886,11495,48066.0,0,154
train_01265,nurs_qc,934,1,6886,13709,50427.0,0,154
train_01265,random-path,934,1,6886,14176,48538.0,0,154
train_01269,bfs,962,1,1006961,14284,1390948.0,0,116
train_01269,dfs,962,1,1006961,11770,1314036.0,0,116
train_01269,nurs_covnew,962,1,1006961,13435,1394205.0,0,116
train_01269,nurs_md2u,962,1,1006961,12202,1370468.0,0,116
train_01269,nurs_qc,962,1,1006961,11318,1366486.0,0,116
train_01269,random-path,962,1,1006961,15513,1392670.0,0,116
train_01297,bfs,1195,5,8139,55062,602954.0,0,127
train_01297,dfs,1195,5,8139,62077,596666.0,0,127
train_01297,nurs_covnew,1195,5,8139,51506,532222.0,0,127
train_01297,nurs_md2u,1195,5,8139,49783,533082.0,0,127
train_01297,nurs_qc,1195,5,8139,48649,527958.0,0,127
train_01297,random-path,1195,5,8139,50728,562256.0,0,127
train_01333,bfs,976,32,7972,4550674,4592818.0,0,117
train_01333,dfs,976,32,7972,4660392,4714403.0,0,117
train_01333,nurs_covnew,976,32,7972,4670512,4723762.0,0,117
train_01333,nurs_md2u,976,32,7972,4563575,4608074.0,0,117
train_01333,nurs_qc,976,32,7972,4640528,4694160.0,0,117
train_01333,random-path,976,32,7972,4679140,4726446.0,0,117
train_01339,bfs,942,1,6886,15496,114232.0,0,194
train_01339,dfs,942,1,6886,16773,116572.0,0,194
train_01339,nurs_covnew,942,1,6886,15031,116517.0,0,194
train_01339,nurs_md2u,942,1,6886,14595,115590.0,0,194
train_01339,nurs_qc,942,1,6886,15466,116717.0,0,194
train_01339,random-path,942,1,6886,15733,114413.0,0,194
train_01383,bfs,936,1,6886,11571,46915.0,0,119
train_01383,dfs,936,1,6886,13510,48350.0,0,119
train_01383,nurs_covnew,936,1,6886,11431,47811.0,0,119
train_01383,nurs_md2u,936,1,6886,12229,48946.0,0,119
train_01383,nurs_qc,936,1,6886,12215,48558.0,0,119
train_01383,random-path,936,1,6886,12680,48033.0,0,119
train_01419,bfs,946,1,6886,12408,47354.0,0,183
train_01419,dfs,946,1,6886,12241,46670.0,0,183
train_01419,nurs_covnew,946,1,6886,13106,49214.0,0,183
train_01419,nurs_md2u,946,1,6886,12560,49294.0,0,183
train_01419,nurs_qc,946,1,6886,12871,49655.0,0,183
train_01419,random-path,946,1,6886,13030,48003.0,0,183
train_01424,bfs,942,1,6886,12695,55406.0,0,119
train_01424,dfs,942,1,6886,11799,56657.0,0,119
train_01424,nurs_covnew,942,1,6886,13798,64967.0,0,119
train_01424,nurs_md2u,942,1,6886,13687,58002.0,0,119
train_01424,nurs_qc,942,1,6886,12486,56854.0,0,119
train_01424,random-path,942,1,6886,12352,54623.0,0,119
train_01443,bfs,938,1,6890,14640,51682.0,0,124
train_01443,dfs,938,1,6890,15608,52908.0,0,124
train_01443,nurs_covnew,938,1,6890,14406,52854.0,0,124
train_01443,nurs_md2u,938,1,6890,14163,52603.0,0,124
train_01443,nurs_qc,938,1,6890,15469,53855.0,0,124
train_01443,random-path,938,1,6890,14544,51688.0,0,124
train_01481,bfs,934,1,6886,19953,261235.0,0,122
train_01481,dfs,934,1,6886,18163,258422.0,0,122
train_01481,nurs_covnew,934,1,6886,18114,260077.0,0,122
train_01481,nurs_md2u,934,1,6886,17161,259188.0,0,122
train_01481,nurs_qc,934,1,6886,20667,262303.0,0,122
train_01481,random-path,934,1,6886,17359,257443.0,0,122
train_01503,bfs,941,1,6889,10939,50764.0,0,132
train_01503,dfs,941,1,6889,13955,55245.0,0,132
train_01503,nurs_covnew,941,1,6889,10977,53724.0,0,132
train_01503,nurs_md2u,941,1,6889,11815,54451.0,0,132
train_01503,nurs_qc,941,1,6889,14585,56221.0,0,132
train_01503,random-path,941,1,6889,13818,53357.0,0,132
train_01524,bfs,936,1,6886,14633,111171.0,0,121
train_01524,dfs,936,1,6886,14535,111691.0,0,121
train_01524,nurs_covnew,936,1,6886,13621,112044.0,0,121
train_01524,nurs_md2u,936,1,6886,13844,114711.0,0,121
train_01524,nurs_qc,936,1,6886,13850,112288.0,0,121
train_01524,random-path,936,1,6886,14137,113459.0,0,121
train_01526,bfs,956,1,6890,11618,46916.0,0,122
train_01526,dfs,956,1,6890,10874,45217.0,0,122
train_01526,nurs_covnew,956,1,6890,14148,50839.0,0,122
train_01526,nurs_md2u,956,1,6890,11876,48141.0,0,122
train_01526,nurs_qc,956,1,6890,11314,47704.0,0,122
train_01526,random-path,956,1,6890,14057,49351.0,0,122
train_01541,bfs,942,1,6886,11063,45636.0,0,116
train_01541,dfs,942,1,6886,11401,45904.0,0,116
train_01541,nurs_covnew,942,1,6886,10321,46132.0,0,116
train_01541,nurs_md2u,942,1,6886,11238,47125.0,0,116
train_01541,nurs_qc,942,1,6886,14182,49842.0,0,116
train_01541,random-path,942,1,6886,11547,45893.0,0,116
train_01575,bfs,946,1,6886,13702,47861.0,0,126
train_01575,dfs,946,1,6886,12254,46697.0,0,126
train_01575,nurs_covnew,946,1,6886,11947,47559.0,0,126
train_01575,nurs_md2u,946,1,6886,11910,48539.0,0,126
train_01575,nurs_qc,946,1,6886,11332,47570.0,0,126
train_01575,random-path,946,1,6886,10441,44917.0,0,126
train_01597,bfs,954,1,6887,28023,614270.0,0,123
train_01597,dfs,954,1,6887,25152,609663.0,0,123
train_01597,nurs_covnew,954,1,6887,26579,611959.0,0,123
train_01597,nurs_md2u,954,1,6887,26770,616846.0,0,123
train_01597,nurs_qc,954,1,6887,27216,615310.0,0,123
train_01597,random-path,954,1,6887,26086,612602.0,0,123
train_01616,bfs,1048,5,7229,32937,75601.0,0,125
train_01616,dfs,1048,5,7229,34721,77343.0,0,125
train_01616,nurs_covnew,1048,5,7229,30307,75360.0,0,125
train_01616,nurs_md2u,1048,5,7229,33746,77787.0,0,125
train_01616,nurs_qc,1048,5,7229,31822,76282.0,0,125
train_01616,random-path,1048,5,7229,30097,72615.0,0,125
train_01632,bfs,950,1,6886,11222,45592.0,0,119
train_01632,dfs,950,1,6886,12755,48037.0,0,119
train_01632,nurs_covnew,950,1,6886,12577,48775.0,0,119
train_01632,nurs_md2u,950,1,6886,11070,47928.0,0,119
train_01632,nurs_qc,950,1,6886,14040,49870.0,0,119
train_01632,random-path,950,1,6886,12140,46870.0,0,119
train_01650,bfs,938,1,6886,12457,46979.0,0,115
train_01650,dfs,938,1,6886,13426,47649.0,0,115
train_01650,nurs_covnew,938,1,6886,15599,51299.0,0,115
train_01650,nurs_md2u,938,1,6886,14242,50303.0,0,115
train_01650,nurs_qc,938,1,6886,11766,47943.0,0,115
train_01650,random-path,938,1,6886,14292,49845.0,0,115
train_01652,bfs,946,1,6888,12744,47929.0,0,116
train_01652,dfs,946,1,6888,12027,45909.0,0,116
train_01652,nurs_covnew,946,1,6888,11601,47289.0,0,116
train_01652,nurs_md2u,946,1,6888,11585,47896.0,0,116
train_01652,nurs_qc,946,1,6888,11347,46681.0,0,116
train_01652,random-path,946,1,6888,11664,45951.0,0,116
train_01686,bfs,1076,5,7825,10235654,10928923.0,0,121
train_01686,dfs,1076,5,7661,9453302,10143894.0,0,121
train_01686,nurs_covnew,1076,5,7917,10713153,11715013.0,0,121
train_01686,nurs_md2u,1076,5,7917,10594260,11503919.0,0,121
train_01686,nurs_qc,1076,5,7787,9493085,10362286.0,0,121
train_01686,random-path,1076,5,7921,10716326,11747794.0,0,121
train_01703,bfs,948,1,6887,12561,53327.0,0,123
train_01703,dfs,948,1,6887,13588,54027.0,0,123
train_01703,nurs_covnew,948,1,6887,11200,52490.0,0,123
train_01703,nurs_md2u,948,1,6887,12531,54065.0,0,123
train_01703,nurs_qc,948,1,6887,11794,53421.0,0,123
train_01703,random-path,948,1,6887,11965,51618.0,0,123
train_01728,bfs,932,1,6886,18290,52440.0,0,115
train_01728,dfs,932,1,6886,19940,54542.0,0,115
train_01728,nurs_covnew,932,1,6886,18914,54041.0,0,115
train_01728,nurs_md2u,932,1,6886,17493,53044.0,0,115
train_01728,nurs_qc,932,1,6886,18946,54578.0,0,115
train_01728,random-path,932,1,6886,18818,52626.0,0,115
train_01750,bfs,947,1,6889,11799,47745.0,0,126
train_01750,dfs,947,1,6889,11747,47629.0,0,126
train_01750,nurs_covnew,947,1,6889,13355,50595.0,0,126
train_01750,nurs_md2u,947,1,6889,12217,49684.0,0,126
train_01750,nurs_qc,947,1,6889,12786,49987.0,0,126
train_01750,random-path,947,1,6889,12627,48469.0,0,126
train_01754,bfs,1057,53,7871,10453694,10574173.0,0,119
train_01754,dfs,1057,29,8221,13874086,13933616.0,0,119
train_01754,nurs_covnew,1053,52,7640,10800193,10910168.0,0,119
train_01754,nurs_md2u,1053,52,7640,10901390,11026719.0,0,119
train_01754,nurs_qc,1042,52,7479,10502991,10574770.0,0,119
train_01754,random-path,1057,44,7662,10301386,10371583.0,0,119
train_01907,bfs,936,1,6889,14517,108299.0,0,136
train_01907,dfs,936,1,6889,14462,108934.0,0,136
train_01907,nurs_covnew,936,1,6889,14887,112098.0,0,136
train_01907,nurs_md2u,936,1,6889,15778,112707.0,0,136
train_01907,nurs_qc,936,1,6889,15818,111879.0,0,136
train_01907,random-path,936,1,6889,17294,111398.0,0,136
train_01940,bfs,954,1,6893,14856,72214.0,0,125
train_01940,dfs,954,1,6893,12964,70664.0,0,125
train_01940,nurs_covnew,954,1,6893,12984,73214.0,0,125
train_01940,nurs_md2u,954,1,6893,13352,72659.0,0,125
train_01940,nurs_qc,954,1,6893,13017,72461.0,0,125
train_01940,random-path,954,1,6893,15607,73412.0,0,125
train_01961,bfs,1032,2,6964,45927,82874.0,0,118
train_01961,dfs,1032,2,6964,49686,86103.0,0,118
train_01961,nurs_covnew,1032,2,6964,45222,83660.0,0,118
train_01961,nurs_md2u,1032,2,6964,46684,85510.0,0,118
train_01961,nurs_qc,1032,2,6964,46246,83907.0,0,118
train_01961,random-path,1032,2,6964,46638,84304.0,0,118
train_02009,bfs,944,1,6886,12085,47004.0,0,138
train_02009,dfs,944,1,6886,13652,48510.0,0,138
train_02009,nurs_covnew,944,1,6886,12056,48885.0,0,138
train_02009,nurs_md2u,944,1,6886,11191,47675.0,0,138
train_02009,nurs_qc,944,1,6886,12416,48764.0,0,138
train_02009,random-path,944,1,6886,12233,46941.0,0,138
train_02047,bfs,944,1,6886,12584,46627.0,0,122
train_02047,dfs,944,1,6886,14701,48532.0,0,122
train_02047,nurs_covnew,944,1,6886,12546,48691.0,0,122
train_02047,nurs_md2u,944,1,6886,12413,47969.0,0,122
train_02047,nurs_qc,944,1,6886,12544,48069.0,0,122
train_02047,random-path,944,1,6886,13575,47990.0,0,122
train_02064,bfs,952,1,6886,12074,46789.0,0,129
train_02064,dfs,952,1,6886,12904,47019.0,0,129
train_02064,nurs_covnew,952,1,6886,12438,48511.0,0,129
train_02064,nurs_md2u,952,1,6886,12971,49082.0,0,129
train_02064,nurs_qc,952,1,6886,11099,47032.0,0,129
train_02064,random-path,952,1,6886,14214,48547.0,0,129
train_02105,bfs,935,1,6886,19018,54818.0,0,115
train_02105,dfs,935,1,6886,16921,52594.0,0,115
train_02105,nurs_covnew,935,1,6886,17459,54131.0,0,115
train_02105,nurs_md2u,935,1,6886,19586,57007.0,0,115
train_02105,nurs_qc,935,1,6886,17412,54590.0,0,115
train_02105,random-path,935,1,6886,18884,54092.0,0,115
train_02120,bfs,1129,49,3867116,4372345,10032161.0,0,126
train_02120,dfs,1083,33,5633945,1882258,10025478.0,0,126
train_02120,nurs_covnew,1057,1698,536288,8001524,10886945.0,0,126
train_02120,nurs_md2u,1057,1695,529758,7996830,10881348.0,0,126
train_02120,nurs_qc,1057,1201,231685,8742169,10548115.0,0,126
train_02120,random-path,1129,283,3354106,4099972,10093085.0,0,126
train_02136,bfs,973,5,6972,54475,126442.0,0,188
train_02136,dfs,973,5,6972,52021,124903.0,0,188
train_02136,nurs_covnew,973,5,6972,52433,126413.0,0,188
train_02136,nurs_md2u,973,5,6972,56100,130849.0,0,188
train_02136,nurs_qc,973,5,6972,53147,127716.0,0,188
train_02136,random-path,973,5,6972,54648,126746.0,0,188
train_02149,bfs,1005,2,6970,18091,57165.0,0,116
train_02149,dfs,1005,2,6970,18171,56945.0,0,116
train_02149,nurs_covnew,1005,2,6970,18791,59668.0,0,116
train_02149,nurs_md2u,1005,2,6970,17982,58481.0,0,116
train_02149,nurs_qc,1005,2,6970,19966,60067.0,0,116
train_02149,random-path,1005,2,6970,18023,57343.0,0,116
train_02165,bfs,1006,62,10134,97951,149414.0,0,117
train_02165,dfs,1006,62,10134,104032,156110.0,0,117
train_02165,nurs_covnew,1006,62,10134,103729,156193.0,0,117
train_02165,nurs_md2u,1006,62,10134,97088,149703.0,0,117
train_02165,nurs_qc,1006,62,10134,98249,149961.0,0,117
train_02165,random-path,1006,62,10134,98009,148574.0,0,117
train_02274,bfs,937,1,6886,10475,45822.0,0,179
train_02274,dfs,937,1,6886,12125,46783.0,0,179
train_02274,nurs_covnew,937,1,6886,13095,49595.0,0,179
train_02274,nurs_md2u,937,1,6886,12217,48984.0,0,179
train_02274,nurs_qc,937,1,6886,11869,48266.0,0,179
train_02274,random-path,937,1,6886,12801,46704.0,0,179
train_02335,bfs,943,1,6888,14722,49251.0,0,190
train_02335,dfs,943,1,6888,11737,46234.0,0,190
train_02335,nurs_covnew,943,1,6888,11846,48752.0,0,190
train_02335,nurs_md2u,943,1,6888,14033,50900.0,0,190
train_02335,nurs_qc,943,1,6888,11396,48799.0,0,190
train_02335,random-path,943,1,6888,13848,48263.0,0,190
train_02345,bfs,981,1,6923,14010,49879.0,0,116
train_02345,dfs,981,1,6923,14550,50832.0,0,116
train_02345,nurs_covnew,981,1,6923,14119,51262.0,0,116
train_02345,nurs_md2u,981,1,6923,15636,53067.0,0,116
train_02345,nurs_qc,981,1,6923,14734,51684.0,0,116
train_02345,random-path,981,1,6923,14103,50205.0,0,116
train_02421,bfs,944,1,6886,11790,50810.0,0,133
train_02421,dfs,944,1,6886,11737,50411.0,0,133
train_02421,nurs_covnew,944,1,6886,11232,52397.0,0,133
train_02421,nurs_md2u,944,1,6886,12033,53792.0,0,133
train_02421,nurs_qc,944,1,6886,12116,52496.0,0,133
train_02421,random-path,944,1,6886,11371,50262.0,0,133
train_02429,bfs,1135,5,7967,285760,328247.0,0,131
train_02429,dfs,1135,5,7967,299123,341376.0,0,131
train_02429,nurs_covnew,1135,5,7967,281717,326853.0,0,131
train_02429,nurs_md2u,1135,5,7967,291940,337367.0,0,131
train_02429,nurs_qc,1135,5,7967,287894,332724.0,0,131
train_02429,random-path,1135,5,7967,286097,330080.0,0,131
train_02435,bfs,1105,2,7033,33289,644358.0,0,129
train_02435,dfs,1105,2,7033,34633,646480.0,0,129
train_02435,nurs_covnew,1105,2,7033,34485,643299.0,0,129
train_02435,nurs_md2u,1105,2,7033,32719,643736.0,0,129
train_02435,nurs_qc,1105,2,7033,34846,642585.0,0,129
train_02435,random-path,1105,2,7033,33391,640438.0,0,129
train_02441,bfs,945,1,6886,11178,47930.0,0,121
train_02441,dfs,945,1,6886,11125,54868.0,0,121
train_02441,nurs_covnew,945,1,6886,13584,52846.0,0,121
train_02441,nurs_md2u,945,1,6886,12617,51373.0,0,121
train_02441,nurs_qc,945,1,6886,10391,48552.0,0,121
train_02441,random-path,945,1,6886,11131,48549.0,0,121
train_02527,bfs,992,1,1606975,14767,2139209.0,0,120
train_02527,dfs,992,1,1606975,13144,2239886.0,0,120
train_02527,nurs_covnew,992,1,1606975,14691,2230523.0,0,120
train_02527,nurs_md2u,992,1,1606975,13624,2275757.0,0,120
train_02527,nurs_qc,992,1,1606975,16237,2239957.0,0,120
train_02527,random-path,992,1,1606975,14905,2245703.0,0,120
train_02558,bfs,1378,20,7539,345728,389358.0,0,177
train_02558,dfs,1378,20,7539,339582,382913.0,0,177
train_02558,nurs_covnew,1378,20,7539,341530,389147.0,0,177
train_02558,nurs_md2u,1378,20,7539,332222,377760.0,0,177
train_02558,nurs_qc,1378,20,7539,350163,397590.0,0,177
train_02558,random-path,1378,20,7539,334506,377673.0,0,177
train_02612,bfs,956,1,6888,12721,77758.0,0,187
train_02612,dfs,956,1,6888,12290,77314.0,0,187
train_02612,nurs_covnew,956,1,6888,12949,80433.0,0,187
train_02612,nurs_md2u,956,1,6888,13121,80319.0,0,187
train_02612,nurs_qc,956,1,6888,15464,82225.0,0,187
train_02612,random-path,956,1,6888,14440,79409.0,0,187
train_02622,bfs,1243,5,7301,51530,94013.0,0,148
train_02622,dfs,1243,5,7301,48257,92881.0,0,148
train_02622,nurs_covnew,1243,5,7301,47443,92959.0,0,148
train_02622,nurs_md2u,1243,5,7301,47541,92334.0,0,148
train_02622,nurs_qc,1243,5,7301,53046,97609.0,0,148
train_02622,random-path,1243,5,7301,48290,91567.0,0,148
train_02647,bfs,965,5249,28021,11256768,13392588.0,0,119
train_02647,dfs,998,248,8918,10587362,10941895.0,0,119
train_02647,nurs_covnew,971,4878,31922,11503058,13672026.0,0,119
train_02647,nurs_md2u,970,3612,24202,10757718,12421563.0,0,119
train_02647,nurs_qc,972,4803,31796,11701612,13847661.0,0,119
train_02647,random-path,987,828,10312,12705823,13079955.0,0,119
train_02750,bfs,955,2,6902,28735,63374.0,0,120
train_02750,dfs,955,2,6902,34246,68553.0,0,120
train_02750,nurs_covnew,955,2,6902,29313,65967.0,0,120
train_02750,nurs_md2u,955,2,6902,28714,64713.0,0,120
train_02750,nurs_qc,955,2,6902,28255,64625.0,0,120
train_02750,random-path,955,2,6902,28446,63632.0,0,120
train_02762,bfs,945,1,7041,15098,51377.0,0,140
train_02762,dfs,945,1,7041,14989,51238.0,0,140
train_02762,nurs_covnew,945,1,7041,14983,53864.0,0,140
train_02762,nurs_md2u,945,1,7041,15296,53554.0,0,140
train_02762,nurs_qc,945,1,7041,15136,53160.0,0,140
train_02762,random-path,945,1,7041,15024,51944.0,0,140
train_02764,bfs,0,0,0,0,943.0,0,118
train_02764,dfs,0,0,0,0,915.0,0,118
train_02764,nurs_covnew,0,0,0,0,935.0,0,118
train_02764,nurs_md2u,0,0,0,0,939.0,0,118
train_02764,nurs_qc,0,0,0,0,919.0,0,118
train_02764,random-path,0,0,0,0,938.0,0,118
train_02771,bfs,1065,5,8161,49494,651512.0,0,121
train_02771,dfs,1065,5,8161,53782,618883.0,0,121
train_02771,nurs_covnew,1065,5,8161,54756,691330.0,0,121
train_02771,nurs_md2u,1065,5,8161,54063,683431.0,0,121
train_02771,nurs_qc,1065,5,8161,54226,684296.0,0,121
train_02771,random-path,1065,5,8161,55867,678186.0,0,121
train_02902,bfs,945,1,6887,12879,47511.0,0,122
train_02902,dfs,945,1,6887,11502,45402.0,0,122
train_02902,nurs_covnew,945,1,6887,11369,47062.0,0,122
train_02902,nurs_md2u,945,1,6887,11549,47124.0,0,122
train_02902,nurs_qc,945,1,6887,11856,47721.0,0,122
train_02902,random-path,945,1,6887,11944,45900.0,0,122
train_02943,bfs,942,1,6886,25774,617855.0,0,128
train_02943,dfs,942,1,6886,28311,617519.0,0,128
train_02943,nurs_covnew,942,1,6886,25664,613494.0,0,128
train_02943,nurs_md2u,942,1,6886,26348,616490.0,0,128
train_02943,nurs_qc,942,1,6886,27017,615940.0,0,128
train_02943,random-path,942,1,6886,26681,614848.0,0,128
train_02945,bfs,943,1,6886,11813,46072.0,0,122
train_02945,dfs,943,1,6886,11006,45871.0,0,122
train_02945,nurs_covnew,943,1,6886,11369,47987.0,0,122
train_02945,nurs_md2u,943,1,6886,11496,47568.0,0,122
train_02945,nurs_qc,943,1,6886,14001,50473.0,0,122
train_02945,random-path,943,1,6886,11755,46881.0,0,122
train_02973,bfs,945,1,6886,31816,907771.0,0,146
train_02973,dfs,945,1,6886,32615,905690.0,0,146
train_02973,nurs_covnew,945,1,6886,35006,912838.0,0,146
train_02973,nurs_md2u,945,1,6886,33556,910105.0,0,146
train_02973,nurs_qc,945,1,6886,32171,907441.0,0,146
train_02973,random-path,945,1,6886,39539,916151.0,0,146
train_03006,bfs,1172,5,7499,39672,83825.0,0,117
train_03006,dfs,1172,5,7499,40157,84195.0,0,117
train_03006,nurs_covnew,1172,5,7499,43502,89575.0,0,117
train_03006,nurs_md2u,1172,5,7499,36681,82467.0,0,117
train_03006,nurs_qc,1172,5,7499,36235,81826.0,0,117
train_03006,random-path,1172,5,7499,39245,83506.0,0,117
train_03058,bfs,946,1,6886,11615,45519.0,0,120
train_03058,dfs,946,1,6886,11382,45329.0,0,120
train_03058,nurs_covnew,946,1,6886,11066,46368.0,0,120
train_03058,nurs_md2u,946,1,6886,11359,46493.0,0,120
train_03058,nurs_qc,946,1,6886,11778,47382.0,0,120
train_03058,random-path,946,1,6886,11744,45743.0,0,120
train_03108,bfs,939,1,6892,29659,64174.0,0,115
train_03108,dfs,939,1,6892,29391,63921.0,0,115
train_03108,nurs_covnew,939,1,6892,30129,65538.0,0,115
train_03108,nurs_md2u,939,1,6892,28672,64131.0,0,115
train_03108,nurs_qc,939,1,6892,29541,64514.0,0,115
train_03108,random-path,939,1,6892,32666,66489.0,0,115
train_03142,bfs,938,1,6886,21516,387747.0,0,124
train_03142,dfs,938,1,6886,21901,389364.0,0,124
train_03142,nurs_covnew,938,1,6886,21641,389762.0,0,124
train_03142,nurs_md2u,938,1,6886,20793,390398.0,0,124
train_03142,nurs_qc,938,1,6886,21677,391621.0,0,124
train_03142,random-path,938,1,6886,21373,387634.0,0,124
train_03275,bfs,939,1,6886,10967,44880.0,0,116
train_03275,dfs,939,1,6886,11481,45415.0,0,116
train_03275,nurs_covnew,939,1,6886,11644,46865.0,0,116
train_03275,nurs_md2u,939,1,6886,12053,47483.0,0,116
train_03275,nurs_qc,939,1,6886,11538,47382.0,0,116
train_03275,random-path,939,1,6886,11362,45234.0,0,116
train_03311,bfs,951,1,6892,11775,47866.0,0,119
train_03311,dfs,951,1,6892,12700,48379.0,0,119
train_03311,nurs_covnew,951,1,6892,12264,49724.0,0,119
train_03311,nurs_md2u,951,1,6892,11579,48442.0,0,119
train_03311,nurs_qc,951,1,6892,11778,48208.0,0,119
train_03311,random-path,951,1,6892,11777,47395.0,0,119
train_03312,bfs,934,1,6886,32092,906406.0,0,125
train_03312,dfs,934,1,6886,34651,906580.0,0,125
train_03312,nurs_covnew,934,1,6886,34918,907856.0,0,125
train_03312,nurs_md2u,934,1,6886,34560,909933.0,0,125
train_03312,nurs_qc,934,1,6886,32341,912956.0,0,125
train_03312,random-path,934,1,6886,32736,906215.0,0,125
train_03377,bfs,942,1,6886,11304,52724.0,0,136
train_03377,dfs,942,1,6886,11145,52959.0,0,136
train_03377,nurs_covnew,942,1,6886,12347,56756.0,0,136
train_03377,nurs_md2u,942,1,6886,10577,54709.0,0,136
train_03377,nurs_qc,942,1,6886,11466,55397.0,0,136
train_03377,random-path,942,1,6886,12527,54192.0,0,136
train_03392,bfs,949,1,6895,19249,55076.0,0,354
train_03392,dfs,949,1,6895,23343,58687.0,0,354
train_03392,nurs_covnew,949,1,6895,20853,61174.0,0,354
train_03392,nurs_md2u,949,1,6895,19919,60309.0,0,354
train_03392,nurs_qc,949,1,6895,19730,60820.0,0,354
train_03392,random-path,949,1,6895,19459,55500.0,0,354
train_03470,bfs,923,1,7088,0,33435.0,0,115
train_03470,dfs,923,1,7088,0,33927.0,0,115
train_03470,nurs_covnew,923,1,7088,0,35620.0,0,115
train_03470,nurs_md2u,923,1,7088,0,35127.0,0,115
train_03470,nurs_qc,923,1,7088,0,35248.0,0,115
train_03470,random-path,923,1,7088,0,33522.0,0,115
train_03518,bfs,980,1,6925,15040,50690.0,0,115
train_03518,dfs,980,1,6925,15297,51248.0,0,115
train_03518,nurs_covnew,980,1,6925,13970,52192.0,0,115
train_03518,nurs_md2u,980,1,6925,13857,51204.0,0,115
train_03518,nurs_qc,980,1,6925,14598,51381.0,0,115
train_03518,random-path,980,1,6925,15636,51952.0,0,115
train_03529,bfs,943,1,6886,12306,54245.0,0,124
train_03529,dfs,943,1,6886,12070,53837.0,0,124
train_03529,nurs_covnew,943,1,6886,13296,56997.0,0,124
train_03529,nurs_md2u,943,1,6886,10866,54869.0,0,124
train_03529,nurs_qc,943,1,6886,10497,53943.0,0,124
train_03529,random-path,943,1,6886,11297,53094.0,0,124
train_03551,bfs,1039,5,7153,78946,121093.0,0,121
train_03551,dfs,1039,5,7153,85261,127100.0,0,121
train_03551,nurs_covnew,1039,5,7153,76455,119906.0,0,121
train_03551,nurs_md2u,1039,5,7153,79564,122986.0,0,121
train_03551,nurs_qc,1039,5,7153,75775,119745.0,0,121
train_03551,random-path,1039,5,7153,73605,115406.0,0,121
train_03560,bfs,984,2,6915,27168,82949.0,0,121
train_03560,dfs,984,2,6915,25663,82754.0,0,121
train_03560,nurs_covnew,984,2,6915,26607,83649.0,0,121
train_03560,nurs_md2u,984,2,6915,27413,85725.0,0,121
train_03560,nurs_qc,984,2,6915,26417,83947.0,0,121
train_03560,random-path,984,2,6915,27021,82147.0,0,121
train_03561,bfs,948,1,6889,11264,50161.0,0,117
train_03561,dfs,948,1,6889,11503,50251.0,0,117
train_03561,nurs_covnew,948,1,6889,12583,52939.0,0,117
train_03561,nurs_md2u,948,1,6889,11812,51639.0,0,117
train_03561,nurs_qc,948,1,6889,12432,52219.0,0,117
train_03561,random-path,948,1,6889,11005,49463.0,0,117
train_03588,bfs,954,1,13294,12167,52617.0,0,117
train_03588,dfs,954,1,13294,11742,52255.0,0,117
train_03588,nurs_covnew,954,1,13294,13611,55691.0,0,117
train_03588,nurs_md2u,954,1,13294,11675,54463.0,0,117
train_03588,nurs_qc,954,1,13294,10910,54664.0,0,117
train_03588,random-path,954,1,13294,11683,52042.0,0,117
train_03591,bfs,933,1,6886,11781,46624.0,0,119
train_03591,dfs,933,1,6886,10848,45117.0,0,119
train_03591,nurs_covnew,933,1,6886,12196,47430.0,0,119
train_03591,nurs_md2u,933,1,6886,13975,49786.0,0,119
train_03591,nurs_qc,933,1,6886,14071,49401.0,0,119
train_03591,random-path,933,1,6886,11763,45986.0,0,119
train_03597,bfs,941,1,6886,11455,47570.0,0,123
train_03597,dfs,941,1,6886,11904,48079.0,0,123
train_03597,nurs_covnew,941,1,6886,11635,50092.0,0,123
train_03597,nurs_md2u,941,1,6886,12047,50282.0,0,123
train_03597,nurs_qc,941,1,6886,11592,49691.0,0,123
train_03597,random-path,941,1,6886,11425,47735.0,0,123
train_03628,bfs,993,3,6913,38926,1096673.0,0,116
train_03628,dfs,951,2,6895,21868,1057119.0,0,116
train_03628,nurs_covnew,953,2,6897,26010,1059646.0,0,116
train_03628,nurs_md2u,953,2,6897,26471,1067151.0,0,116
train_03628,nurs_qc,953,2,6897,25197,1067038.0,0,116
train_03628,random-path,953,2,6897,27267,1057168.0,0,116
train_03637,bfs,930,1,6884,3135,38831.0,0,115
train_03637,dfs,930,1,6884,3486,38221.0,0,115
train_03637,nurs_covnew,930,1,6884,3672,39186.0,0,115
train_03637,nurs_md2u,930,1,6884,2854,38825.0,0,115
train_03637,nurs_qc,930,1,6884,2992,38363.0,0,115
train_03637,random-path,930,1,6884,4013,38309.0,0,115
train_03646,bfs,992,1,6931,3206,38980.0,0,115
train_03646,dfs,992,1,6931,2936,38682.0,0,115
train_03646,nurs_covnew,992,1,6931,3726,42793.0,0,115
train_03646,nurs_md2u,992,1,6931,3148,39988.0,0,115
train_03646,nurs_qc,992,1,6931,4567,41921.0,0,115
train_03646,random-path,992,1,6931,3095,38879.0,0,115
train_03701,bfs,946,1,6889,12151,56652.0,0,128
train_03701,dfs,946,1,6889,13620,58241.0,0,128
train_03701,nurs_covnew,946,1,6889,12733,59773.0,0,128
train_03701,nurs_md2u,946,1,6889,11498,57141.0,0,128
train_03701,nurs_qc,946,1,6889,11817,59147.0,0,128
train_03701,random-path,946,1,6889,11990,56500.0,0,128
train_03765,bfs,939,1,6889,13262,80290.0,0,135
train_03765,dfs,939,1,6889,13356,81000.0,0,135
train_03765,nurs_covnew,939,1,6889,15124,82893.0,0,135
train_03765,nurs_md2u,939,1,6889,13553,81736.0,0,135
train_03765,nurs_qc,939,1,6889,15083,82810.0,0,135
train_03765,random-path,939,1,6889,14894,81630.0,0,135
train_03771,bfs,1040,5,7536,28633,69948.0,0,121
train_03771,dfs,1040,5,7536,29280,71087.0,0,121
train_03771,nurs_covnew,1040,5,7536,33662,76233.0,0,121
train_03771,nurs_md2u,1040,5,7536,28703,72004.0,0,121
train_03771,nurs_qc,1040,5,7536,29244,71824.0,0,121
train_03771,random-path,1040,5,7536,30896,71647.0,0,121
train_03776,bfs,1032,1,7032084,0,10351316.0,0,130
train_03776,dfs,1032,1,7044323,0,10351430.0,0,130
train_03776,nurs_covnew,1032,1,6749484,0,10353365.0,0,130
train_03776,nurs_md2u,1032,1,6710207,0,10353985.0,0,130
train_03776,nurs_qc,1032,1,6844837,0,10353489.0,0,130
train_03776,random-path,1032,1,7171648,0,10352362.0,0,130
train_03808,bfs,939,1,6886,12932,54782.0,0,121
train_03808,dfs,939,1,6886,14339,56803.0,0,121
train_03808,nurs_covnew,939,1,6886,12841,56312.0,0,121
train_03808,nurs_md2u,939,1,6886,14347,58264.0,0,121
train_03808,nurs_qc,939,1,6886,13089,56708.0,0,121
train_03808,random-path,939,1,6886,12001,53975.0,0,121
train_03816,bfs,945,1,6886,12062,46741.0,0,130
train_03816,dfs,945,1,6886,12102,46160.0,0,130
train_03816,nurs_covnew,945,1,6886,11486,47254.0,0,130
train_03816,nurs_md2u,945,1,6886,12206,48798.0,0,130
train_03816,nurs_qc,945,1,6886,11749,47124.0,0,130
train_03816,random-path,945,1,6886,12057,48471.0,0,130
train_03896,bfs,948,1,6886,12173,46366.0,0,122
train_03896,dfs,948,1,6886,12677,47622.0,0,122
train_03896,nurs_covnew,948,1,6886,13089,49348.0,0,122
train_03896,nurs_md2u,948,1,6886,11901,47892.0,0,122
train_03896,nurs_qc,948,1,6886,11055,46970.0,0,122
train_03896,random-path,948,1,6886,11881,46505.0,0,122
train_03946,bfs,934,1,6886,12632,48757.0,0,128
train_03946,dfs,934,1,6886,11950,48209.0,0,128
train_03946,nurs_covnew,934,1,6886,14135,50956.0,0,128
train_03946,nurs_md2u,934,1,6886,11459,48951.0,0,128
train_03946,nurs_qc,934,1,6886,12178,49446.0,0,128
train_03946,random-path,934,1,6886,12448,48782.0,0,128
train_03977,bfs,945,1,6886,12014,48921.0,0,128
train_03977,dfs,945,1,6886,13709,51220.0,0,128
train_03977,nurs_covnew,945,1,6886,12726,51778.0,0,128
train_03977,nurs_md2u,945,1,6886,11659,50738.0,0,128
train_03977,nurs_qc,945,1,6886,12014,50160.0,0,128
train_03977,random-path,945,1,6886,14170,51016.0,0,128
train_03991,bfs,986,1,7443913,0,10030165.0,0,122
train_03991,dfs,986,1,7498990,0,10027486.0,0,122
train_03991,nurs_covnew,986,1,7112680,0,10028790.0,0,122
train_03991,nurs_md2u,986,1,7285910,0,10029549.0,0,122
train_03991,nurs_qc,986,1,7495113,0,10029959.0,0,122
train_03991,random-path,986,1,7676483,0,10027340.0,0,122
train_03993,bfs,940,1,6886,13321,48587.0,0,119
train_03993,dfs,940,1,6886,15062,49723.0,0,119
train_03993,nurs_covnew,940,1,6886,12536,48769.0,0,119
train_03993,nurs_md2u,940,1,6886,13111,49324.0,0,119
train_03993,nurs_qc,940,1,6886,11385,47250.0,0,119
train_03993,random-path,940,1,6886,14503,56180.0,0,119
train_03994,bfs,936,1,6886,14542,53742.0,0,123
train_03994,dfs,936,1,6886,13481,50879.0,0,123
train_03994,nurs_covnew,936,1,6886,11624,51551.0,0,123
train_03994,nurs_md2u,936,1,6886,13009,52788.0,0,123
train_03994,nurs_qc,936,1,6886,11945,51677.0,0,123
train_03994,random-path,936,1,6886,11619,48857.0,0,123
train_04037,bfs,931,1,6886,19657,54479.0,0,115
train_04037,dfs,931,1,6886,20288,54402.0,0,115
train_04037,nurs_covnew,931,1,6886,21273,57109.0,0,115
train_04037,nurs_md2u,931,1,6886,17010,52564.0,0,115
train_04037,nurs_qc,931,1,6886,16842,52035.0,0,115
train_04037,random-path,931,1,6886,18660,52728.0,0,115
train_04078,bfs,943,1,6886,13010,47346.0,0,116
train_04078,dfs,943,1,6886,13621,47682.0,0,116
train_04078,nurs_covnew,943,1,6886,12109,47601.0,0,116
train_04078,nurs_md2u,943,1,6886,12161,48352.0,0,116
train_04078,nurs_qc,943,1,6886,11794,47622.0,0,116
train_04078,random-path,943,1,6886,10486,44369.0,0,116
train_04100,bfs,945,1,6891,13971,55365.0,0,120
train_04100,dfs,945,1,6891,16786,57301.0,0,120
train_04100,nurs_covnew,945,1,6891,18696,60531.0,0,120
train_04100,nurs_md2u,945,1,6891,14311,56544.0,0,120
train_04100,nurs_qc,945,1,6891,14370,55849.0,0,120
train_04100,random-path,945,1,6891,16169,62531.0,0,120
train_04115,bfs,1052,4,6998,13885616,15154818.0,0,119
train_04115,dfs,1033,3,6978,14180723,15344125.0,0,119
train_04115,nurs_covnew,996,3,6946,15030116,16205761.0,0,119
train_04115,nurs_md2u,996,3,6946,15152369,16356339.0,0,119
train_04115,nurs_qc,996,3,6946,15151088,16348432.0,0,119
train_04115,random-path,1016,3,6957,13766706,15090471.0,0,119
train_04124,bfs,952,2,6901,30460,64955.0,0,130
train_04124,dfs,952,2,6901,37692,72244.0,0,130
train_04124,nurs_covnew,952,2,6901,29020,65569.0,0,130
train_04124,nurs_md2u,952,2,6901,29068,64982.0,0,130
train_04124,nurs_qc,952,2,6901,28128,64364.0,0,130
train_04124,random-path,952,2,6901,29582,63988.0,0,130
train_04128,bfs,1025,5,7559,38643,76875.0,0,120
train_04128,dfs,1025,5,7559,46231,84382.0,0,120
train_04128,nurs_covnew,1025,5,7559,39289,78167.0,0,120
train_04128,nurs_md2u,1025,5,7559,36293,75940.0,0,120
train_04128,nurs_qc,1025,5,7559,37711,77708.0,0,120
train_04128,random-path,1025,5,7559,42200,80608.0,0,120
train_04164,bfs,1006,7,6985,11196312,12307942.0,0,121
train_04164,dfs,1002,4,6957,13626783,14060144.0,0,121
train_04164,nurs_covnew,1006,10,7056,13733702,15566236.0,0,121
train_04164,nurs_md2u,1006,10,7056,13673630,15528476.0,0,121
train_04164,nurs_qc,984,9,7032,10452071,11998192.0,0,121
train_04164,random-path,1006,6,6990,10682478,11499123.0,0,121
train_04207,bfs,1523,4,8127,14501489,15877934.0,0,190
train_04207,dfs,1433,5,7894,14472327,15850573.0,0,190
train_04207,nurs_covnew,1427,5,7483,16391616,17790706.0,0,190
train_04207,nurs_md2u,1427,5,7483,14540802,15922854.0,0,190
train_04207,nurs_qc,1427,5,7483,15439703,16814914.0,0,190
train_04207,random-path,1520,5,7628,16225766,17600746.0,0,190
train_04217,bfs,950,1,6886,13748,48269.0,0,115
train_04217,dfs,950,1,6886,11309,45815.0,0,115
train_04217,nurs_covnew,950,1,6886,12817,49352.0,0,115
train_04217,nurs_md2u,950,1,6886,13216,49918.0,0,115
train_04217,nurs_qc,950,1,6886,14041,50466.0,0,115
train_04217,random-path,950,1,6886,11783,46872.0,0,115
train_04221,bfs,1018,7,7234,1776612,1824608.0,0,118
train_04221,dfs,1018,7,7234,1765454,1808935.0,0,118
train_04221,nurs_covnew,1018,7,7234,1761828,1807036.0,0,118
train_04221,nurs_md2u,1018,7,7234,1770993,1818552.0,0,118
train_04221,nurs_qc,1018,7,7234,1758567,1804697.0,0,118
train_04221,random-path,1018,7,7234,1771877,1813663.0,0,118
train_04223,bfs,936,1,6886,11702,48670.0,0,118
train_04223,dfs,936,1,6886,14448,49440.0,0,118
train_04223,nurs_covnew,936,1,6886,11491,47732.0,0,118
train_04223,nurs_md2u,936,1,6886,13925,50188.0,0,118
train_04223,nurs_qc,936,1,6886,13317,50303.0,0,118
train_04223,random-path,936,1,6886,12800,47541.0,0,118
train_04251,bfs,982,1,6548775,0,12721039.0,0,128
train_04251,dfs,982,1,6588389,0,12521223.0,0,128
train_04251,nurs_covnew,982,1,6346669,0,12514662.0,0,128
train_04251,nurs_md2u,982,1,6271896,0,12516439.0,0,128
train_04251,nurs_qc,982,1,6435175,0,12516967.0,0,128
train_04251,random-path,982,1,6569518,0,12514660.0,0,128
train_04257,bfs,960,1,6898,14146,48818.0,0,132
train_04257,dfs,960,1,6898,17842,51532.0,0,132
train_04257,nurs_covnew,960,1,6898,17234,53210.0,0,132
train_04257,nurs_md2u,960,1,6898,14457,50596.0,0,132
train_04257,nurs_qc,960,1,6898,15920,51301.0,0,132
train_04257,random-path,960,1,6898,16008,50580.0,0,132
train_04281,bfs,933,1,6886,18778,255259.0,0,126
train_04281,dfs,933,1,6886,20791,257372.0,0,126
train_04281,nurs_covnew,933,1,6886,19197,257310.0,0,126
train_04281,nurs_md2u,933,1,6886,19297,256020.0,0,126
train_04281,nurs_qc,933,1,6886,16430,253019.0,0,126
train_04281,random-path,933,1,6886,19428,254793.0,0,126
train_04286,bfs,947,1,6886,9956,47297.0,0,138
train_04286,dfs,947,1,6886,11777,49255.0,0,138
train_04286,nurs_covnew,947,1,6886,14046,53914.0,0,138
train_04286,nurs_md2u,947,1,6886,11257,51056.0,0,138
train_04286,nurs_qc,947,1,6886,11851,51173.0,0,138
train_04286,random-path,947,1,6886,9835,47489.0,0,138
train_04334,bfs,1028,3,7123,1132530,1179733.0,0,118
train_04334,dfs,1028,3,7123,1128733,1187496.0,0,118
train_04334,nurs_covnew,1028,3,7123,1122757,1184303.0,0,118
train_04334,nurs_md2u,1028,3,7123,1140130,1200548.0,0,118
train_04334,nurs_qc,1028,3,7123,1134474,1193638.0,0,118
train_04334,random-path,1028,3,7123,1119860,1178761.0,0,118
train_04362,bfs,945,1,6886,15320,170088.0,0,194
train_04362,dfs,945,1,6886,17846,173283.0,0,194
train_04362,nurs_covnew,945,1,6886,15363,172165.0,0,194
train_04362,nurs_md2u,945,1,6886,16211,171871.0,0,194
train_04362,nurs_qc,945,1,6886,16654,173060.0,0,194
train_04362,random-path,945,1,6886,15468,169653.0,0,194
train_04414,bfs,935,1,6886,0,34305.0,0,126
train_04414,dfs,935,1,6886,0,34637.0,0,126
train_04414,nurs_covnew,935,1,6886,0,36616.0,0,126
train_04414,nurs_md2u,935,1,6886,0,35902.0,0,126
train_04414,nurs_qc,935,1,6886,0,42559.0,0,126
train_04414,random-path,935,1,6886,0,35165.0,0,126
train_04436,bfs,955,1,6888,13221,78723.0,0,144
train_04436,dfs,955,1,6888,13147,78291.0,0,144
train_04436,nurs_covnew,955,1,6888,13306,81601.0,0,144
train_04436,nurs_md2u,955,1,6888,13326,81287.0,0,144
train_04436,nurs_qc,955,1,6888,15574,82521.0,0,144
train_04436,random-path,955,1,6888,13035,79285.0,0,144
train_04507,bfs,934,1,6887,11313,45314.0,0,148
train_04507,dfs,934,1,6887,11338,45416.0,0,148
train_04507,nurs_covnew,934,1,6887,12240,48640.0,0,148
train_04507,nurs_md2u,934,1,6887,11551,47820.0,0,148
train_04507,nurs_qc,934,1,6887,11876,47998.0,0,148
train_04507,random-path,934,1,6887,13842,48885.0,0,148
train_04528,bfs,951,1,3206895,14786,3202127.0,0,120
train_04528,dfs,951,1,3206895,12119,3203629.0,0,120
train_04528,nurs_covnew,951,1,3206895,12984,3351627.0,0,120
train_04528,nurs_md2u,951,1,3206895,15817,3350472.0,0,120
train_04528,nurs_qc,951,1,3206895,12378,3373377.0,0,120
train_04528,random-path,951,1,3206895,12052,3477483.0,0,120
train_04537,bfs,942,1,6886,11892,46977.0,0,121
train_04537,dfs,942,1,6886,12708,47249.0,0,121
train_04537,nurs_covnew,942,1,6886,11714,48304.0,0,121
train_04537,nurs_md2u,942,1,6886,13855,50529.0,0,121
train_04537,nurs_qc,942,1,6886,12175,48486.0,0,121
train_04537,random-path,942,1,6886,11300,45801.0,0,121
train_04627,bfs,942,1,6886,11605,47000.0,0,120
train_04627,dfs,942,1,6886,11892,45892.0,0,120
train_04627,nurs_covnew,942,1,6886,11343,47905.0,0,120
train_04627,nurs_md2u,942,1,6886,11615,48100.0,0,120
train_04627,nurs_qc,942,1,6886,11478,46857.0,0,120
train_04627,random-path,942,1,6886,11353,45398.0,0,120
train_04636,bfs,980,2,6962,18064,55723.0,0,116
train_04636,dfs,980,2,6962,18255,55177.0,0,116
train_04636,nurs_covnew,980,2,6962,17980,56764.0,0,116
train_04636,nurs_md2u,980,2,6962,19091,56908.0,0,116
train_04636,nurs_qc,980,2,6962,19596,58202.0,0,116
train_04636,random-path,980,2,6962,19401,56340.0,0,116
train_04662,bfs,1066,11,93859,10674031,11404102.0,0,124
train_04662,dfs,1065,10,76416,10430048,11106795.0,0,124
train_04662,nurs_covnew,1066,10,75732,9923693,10628363.0,0,124
train_04662,nurs_md2u,1066,10,76416,9594463,10275584.0,0,124
train_04662,nurs_qc,1066,11,139356,9896437,10474312.0,0,124
train_04662,random-path,1066,11,93874,11237311,11959789.0,0,124
train_04736,bfs,954,1,6887,11317,45357.0,0,124
train_04736,dfs,954,1,6887,11631,45810.0,0,124
train_04736,nurs_covnew,954,1,6887,11085,46459.0,0,124
train_04736,nurs_md2u,954,1,6887,10225,45264.0,0,124
train_04736,nurs_qc,954,1,6887,10938,46320.0,0,124
train_04736,random-path,954,1,6887,11117,44843.0,0,124
train_04742,bfs,949,1,326895,12107,365873.0,0,129
train_04742,dfs,949,1,326895,11273,372366.0,0,129
train_04742,nurs_covnew,949,1,326895,11788,384303.0,0,129
train_04742,nurs_md2u,949,1,326895,14132,378028.0,0,129
train_04742,nurs_qc,949,1,326895,11657,372858.0,0,129
train_04742,random-path,949,1,326895,12031,377022.0,0,129
train_04744,bfs,1446,5,42744,835343,1083907.0,0,152
train_04744,dfs,1450,5,42746,849143,1096213.0,0,152
train_04744,nurs_covnew,1446,5,42744,1013190,1276799.0,0,152
train_04744,nurs_md2u,1450,5,42750,1000909,1263742.0,0,152
train_04744,nurs_qc,1450,5,42746,1017005,1274817.0,0,152
train_04744,random-path,1446,5,42744,1012837,1271469.0,0,152
train_04752,bfs,955,1,6886,12697,78218.0,0,119
train_04752,dfs,955,1,6886,13002,78613.0,0,119
train_04752,nurs_covnew,955,1,6886,13058,79485.0,0,119
train_04752,nurs_md2u,955,1,6886,14260,80555.0,0,119
train_04752,nurs_qc,955,1,6886,14529,82461.0,0,119
train_04752,random-path,955,1,6886,12522,77640.0,0,119
train_04799,bfs,945,1,6889,32999,905171.0,0,127
train_04799,dfs,945,1,6889,34305,905743.0,0,127
train_04799,nurs_covnew,945,1,6889,34690,907133.0,0,127
train_04799,nurs_md2u,945,1,6889,35928,912642.0,0,127
train_04799,nurs_qc,945,1,6889,30351,902352.0,0,127
train_04799,random-path,945,1,6889,42970,917766.0,0,127
train_04818,bfs,945,1,6889,28634,845868.0,0,126
train_04818,dfs,945,1,6889,29863,852466.0,0,126
train_04818,nurs_covnew,945,1,6889,33009,854380.0,0,126
train_04818,nurs_md2u,945,1,6889,39122,865657.0,0,126
train_04818,nurs_qc,945,1,6889,32681,855494.0,0,126
train_04818,random-path,945,1,6889,30515,849568.0,0,126
train_04850,bfs,976,1,6889,17560,102663.0,0,128
train_04850,dfs,976,1,6889,14623,99931.0,0,128
train_04850,nurs_covnew,976,1,6889,14258,100192.0,0,128
train_04850,nurs_md2u,976,1,6889,13216,99537.0,0,128
train_04850,nurs_qc,976,1,6889,12930,98475.0,0,128
train_04850,random-path,976,1,6889,12764,98149.0,0,128
train_04896,bfs,1010,21,8009,89608,135657.0,0,119
train_04896,dfs,1010,21,8009,106003,152500.0,0,119
train_04896,nurs_covnew,1010,21,8009,95494,143248.0,0,119
train_04896,nurs_md2u,1010,21,8009,85805,133193.0,0,119
train_04896,nurs_qc,1010,21,8009,103281,151378.0,0,119
train_04896,random-path,1010,21,8009,89316,135059.0,0,119
train_05034,bfs,1040,5,7366,71790,114284.0,0,180
train_05034,dfs,1040,5,7366,74292,116792.0,0,180
train_05034,nurs_covnew,1040,5,7366,85329,131885.0,0,180
train_05034,nurs_md2u,1040,5,7366,75542,121871.0,0,180
train_05034,nurs_qc,1040,5,7366,99035,146816.0,0,180
train_05034,random-path,1040,5,7366,88476,134176.0,0,180
train_05187,bfs,946,1,6886,12278,47555.0,0,115
train_05187,dfs,946,1,6886,12356,46796.0,0,115
train_05187,nurs_covnew,946,1,6886,10750,46527.0,0,115
train_05187,nurs_md2u,946,1,6886,11371,46502.0,0,115
train_05187,nurs_qc,946,1,6886,11024,46556.0,0,115
train_05187,random-path,946,1,6886,13298,47177.0,0,115
train_05205,bfs,941,1,6886,11323,55643.0,0,124
train_05205,dfs,941,1,6886,12051,55923.0,0,124
train_05205,nurs_covnew,941,1,6886,11322,56657.0,0,124
train_05205,nurs_md2u,941,1,6886,11546,57823.0,0,124
train_05205,nurs_qc,941,1,6886,14399,60564.0,0,124
train_05205,random-path,941,1,6886,12391,56087.0,0,124
train_05290,bfs,953,1,6899,31823,908683.0,0,121
train_05290,dfs,953,1,6899,34224,914516.0,0,121
train_05290,nurs_covnew,953,1,6899,33660,913718.0,0,121
train_05290,nurs_md2u,953,1,6899,38661,916866.0,0,121
train_05290,nurs_qc,953,1,6899,30474,907314.0,0,121
train_05290,random-path,953,1,6899,34817,907896.0,0,121
train_05361,bfs,1203,5,8781,716095,1393113.0,0,123
train_05361,dfs,1203,5,8781,720560,1410990.0,0,123
train_05361,nurs_covnew,1203,5,8781,737505,1447362.0,0,123
train_05361,nurs_md2u,1203,5,8781,737148,1444511.0,0,123
train_05361,nurs_qc,1203,5,8781,773284,1495383.0,0,123
train_05361,random-path,1203,5,8781,730614,1427832.0,0,123
train_05376,bfs,944,1,6887,13317,47889.0,0,118
train_05376,dfs,944,1,6887,10995,44926.0,0,118
train_05376,nurs_covnew,944,1,6887,14172,49875.0,0,118
train_05376,nurs_md2u,944,1,6887,15080,52287.0,0,118
train_05376,nurs_qc,944,1,6887,12688,48091.0,0,118
train_05376,random-path,944,1,6887,11754,46187.0,0,118
train_05377,bfs,1008,5,7151,56011,93101.0,0,118
train_05377,dfs,1008,5,7151,54263,91762.0,0,118
train_05377,nurs_covnew,1008,5,7151,55871,94922.0,0,118
train_05377,nurs_md2u,1008,5,7151,51585,90845.0,0,118
train_05377,nurs_qc,1008,5,7151,51266,90428.0,0,118
train_05377,random-path,1008,5,7151,51980,90084.0,0,118
train_05400,bfs,993,22,22327,9836466,10046800.0,0,116
train_05400,dfs,942,22,21393,9902240,10111746.0,0,116
train_05400,nurs_covnew,993,22,21537,9820096,10055033.0,0,116
train_05400,nurs_md2u,993,22,21777,9838451,10050896.0,0,116
train_05400,nurs_qc,993,22,21802,9827762,10051038.0,0,116
train_05400,random-path,993,22,22112,9829226,10045101.0,0,116
train_05416,bfs,936,1,6892,77750,112261.0,0,115
train_05416,dfs,936,1,6892,81484,116521.0,0,115
train_05416,nurs_covnew,936,1,6892,74255,109976.0,0,115
train_05416,nurs_md2u,936,1,6892,80343,116704.0,0,115
train_05416,nurs_qc,936,1,6892,74491,110714.0,0,115
train_05416,random-path,936,1,6892,76002,110633.0,0,115
train_05441,bfs,1063,5,7232,33210,102981.0,0,173
train_05441,dfs,1063,5,7232,35571,105742.0,0,173
train_05441,nurs_covnew,1063,5,7232,32226,104311.0,0,173
train_05441,nurs_md2u,1063,5,7232,30849,102689.0,0,173
train_05441,nurs_qc,1063,5,7232,39474,111440.0,0,173
train_05441,random-path,1063,5,7232,30231,99985.0,0,173
train_05450,bfs,1312,1,7119,15202,52056.0,0,176
train_05450,dfs,1312,1,7119,15844,52284.0,0,176
train_05450,nurs_covnew,1312,1,7119,15089,53585.0,0,176
train_05450,nurs_md2u,1312,1,7119,16359,57278.0,0,176
train_05450,nurs_qc,1312,1,7119,15629,55531.0,0,176
train_05450,random-path,1312,1,7119,17739,54306.0,0,176
train_05467,bfs,1260,9,3596438,4741998,10042041.0,0,146
train_05467,dfs,1267,11,4370229,3553290,10041856.0,0,146
train_05467,nurs_covnew,1314,24,3037003,4728691,10044023.0,0,146
train_05467,nurs_md2u,1314,24,3023894,4715106,10045537.0,0,146
train_05467,nurs_qc,1314,24,3035358,4859368,10047558.0,0,146
train_05467,random-path,1314,24,3389797,4442253,10043542.0,0,146
train_05494,bfs,977,1,6923,14039,49432.0,0,116
train_05494,dfs,977,1,6923,17068,53294.0,0,116
train_05494,nurs_covnew,977,1,6923,13863,50927.0,0,116
train_05494,nurs_md2u,977,1,6923,15326,52895.0,0,116
train_05494,nurs_qc,977,1,6923,13742,50628.0,0,116
train_05494,random-path,977,1,6923,16507,52216.0,0,116
train_05500,bfs,938,1,6886,11606,46619.0,0,116
train_05500,dfs,938,1,6886,11398,45545.0,0,116
train_05500,nurs_covnew,938,1,6886,12783,48698.0,0,116
train_05500,nurs_md2u,938,1,6886,11417,47672.0,0,116
train_05500,nurs_qc,938,1,6886,14431,50736.0,0,116
train_05500,random-path,938,1,6886,14237,48548.0,0,116
train_05560,bfs,1101,5,7507,48615,452977.0,0,122
train_05560,dfs,1101,5,7507,48512,441558.0,0,122
train_05560,nurs_covnew,1101,5,7507,48847,438945.0,0,122
train_05560,nurs_md2u,1101,5,7507,45903,435429.0,0,122
train_05560,nurs_qc,1101,5,7507,44262,434694.0,0,122
train_05560,random-path,1101,5,7507,46234,457494.0,0,122
train_05562,bfs,1174,5,243949,1820907,2146682.0,0,123
train_05562,dfs,1174,5,243949,1835662,2124370.0,0,123
train_05562,nurs_covnew,1174,5,243949,1834557,2154346.0,0,123
train_05562,nurs_md2u,1174,5,243949,1832746,2151279.0,0,123
train_05562,nurs_qc,1174,5,243949,1819253,2142430.0,0,123
train_05562,random-path,1174,5,243949,1875866,2188007.0,0,123
train_05569,bfs,938,1,6886,14095,48983.0,0,178
train_05569,dfs,938,1,6886,12528,49500.0,0,178
train_05569,nurs_covnew,938,1,6886,12015,48665.0,0,178
train_05569,nurs_md2u,938,1,6886,11577,48616.0,0,178
train_05569,nurs_qc,938,1,6886,12845,49816.0,0,178
train_05569,random-path,938,1,6886,11940,46524.0,0,178
train_05639,bfs,948,1,6888,10820,44748.0,0,117
train_05639,dfs,948,1,6888,11669,45542.0,0,117
train_05639,nurs_covnew,948,1,6888,11568,47763.0,0,117
train_05639,nurs_md2u,948,1,6888,12505,54664.0,0,117
train_05639,nurs_qc,948,1,6888,11753,47666.0,0,117
train_05639,random-path,948,1,6888,11459,46489.0,0,117
train_05654,bfs,942,1,6886,11433,45188.0,0,120
train_05654,dfs,942,1,6886,10957,44830.0,0,120
train_05654,nurs_covnew,942,1,6886,11293,46856.0,0,120
train_05654,nurs_md2u,942,1,6886,11944,47695.0,0,120
train_05654,nurs_qc,942,1,6886,11450,47211.0,0,120
train_05654,random-path,942,1,6886,11728,45399.0,0,120
train_05671,bfs,949,1,6886,17363,215410.0,0,121
train_05671,dfs,949,1,6886,17078,215871.0,0,121
train_05671,nurs_covnew,949,1,6886,16758,215527.0,0,121
train_05671,nurs_md2u,949,1,6886,17397,219063.0,0,121
train_05671,nurs_qc,949,1,6886,18824,217479.0,0,121
train_05671,random-path,949,1,6886,16542,220077.0,0,121
train_05683,bfs,1003,1,127002,165916,10037732.0,0,124
train_05683,dfs,1003,1,124679,164250,10037418.0,0,124
train_05683,nurs_covnew,1003,1,126068,166241,10040458.0,0,124
train_05683,nurs_md2u,1003,1,126053,166132,10038827.0,0,124
train_05683,nurs_qc,1003,1,125908,168201,10042378.0,0,124
train_05683,random-path,1003,1,122688,162789,10039130.0,0,124
train_05790,bfs,945,1,6886,15650,180075.0,0,123
train_05790,dfs,945,1,6886,17478,182117.0,0,123
train_05790,nurs_covnew,945,1,6886,17231,184658.0,0,123
train_05790,nurs_md2u,945,1,6886,15642,182044.0,0,123
train_05790,nurs_qc,945,1,6886,15469,179715.0,0,123
train_05790,random-path,945,1,6886,20846,187901.0,0,123
train_05869,bfs,939,1,6886,14618,49447.0,0,116
train_05869,dfs,939,1,6886,12148,47009.0,0,116
train_05869,nurs_covnew,939,1,6886,12458,47746.0,0,116
train_05869,nurs_md2u,939,1,6886,13048,48294.0,0,116
train_05869,nurs_qc,939,1,6886,13499,49734.0,0,116
train_05869,random-path,939,1,6886,14115,47949.0,0,116
train_05871,bfs,942,1,6891,14443,49037.0,0,120
train_05871,dfs,942,1,6891,15029,49580.0,0,120
train_05871,nurs_covnew,942,1,6891,14744,50719.0,0,120
train_05871,nurs_md2u,942,1,6891,14413,50368.0,0,120
train_05871,nurs_qc,942,1,6891,13690,50455.0,0,120
train_05871,random-path,942,1,6891,13839,48683.0,0,120
train_05885,bfs,1020,1,6942,3607,43224.0,0,115
train_05885,dfs,1020,1,6942,3942,44718.0,0,115
train_05885,nurs_covnew,1020,1,6942,3379,43557.0,0,115
train_05885,nurs_md2u,1020,1,6942,3098,43078.0,0,115
train_05885,nurs_qc,1020,1,6942,2752,44442.0,0,115
train_05885,random-path,1020,1,6942,3205,42826.0,0,115
train_05914,bfs,1031,5,7220,67445,107074.0,0,118
train_05914,dfs,1031,5,7220,72558,111788.0,0,118
train_05914,nurs_covnew,1031,5,7220,64443,105677.0,0,118
train_05914,nurs_md2u,1031,5,7220,63711,104729.0,0,118
train_05914,nurs_qc,1031,5,7220,60826,102365.0,0,118
train_05914,random-path,1031,5,7220,68687,108531.0,0,118
train_05935,bfs,1175,4,7378,10066487,10474176.0,0,127
train_05935,dfs,1175,4,7508,12496919,13001792.0,0,127
train_05935,nurs_covnew,1179,4,7568,9678779,10188959.0,0,127
train_05935,nurs_md2u,1179,4,7568,9600190,10106618.0,0,127
train_05935,nurs_qc,1179,4,7521,11557894,12062689.0,0,127
train_05935,random-path,1179,4,7568,9748225,10267837.0,0,127
train_05953,bfs,1078,5,7747,40183,168518.0,0,128
train_05953,dfs,1078,5,7747,38508,167600.0,0,128
train_05953,nurs_covnew,1078,5,7747,38316,167935.0,0,128
train_05953,nurs_md2u,1078,5,7747,38672,168137.0,0,128
train_05953,nurs_qc,1078,5,7747,33910,162499.0,0,128
train_05953,random-path,1078,5,7747,35891,163374.0,0,128
train_05983,bfs,947,1,6886,14271,50437.0,0,126
train_05983,dfs,947,1,6886,13867,48276.0,0,126
train_05983,nurs_covnew,947,1,6886,12182,48663.0,0,126
train_05983,nurs_md2u,947,1,6886,11637,47867.0,0,126
train_05983,nurs_qc,947,1,6886,12821,49350.0,0,126
train_05983,random-path,947,1,6886,14185,54983.0,0,126
train_05993,bfs,969,2,6907,29219,63145.0,0,125
train_05993,dfs,969,2,6907,30379,64794.0,0,125
train_05993,nurs_covnew,969,2,6907,28921,65330.0,0,125
train_05993,nurs_md2u,969,2,6907,35010,70863.0,0,125
train_05993,nurs_qc,969,2,6907,28863,64392.0,0,125
train_05993,random-path,969,2,6907,34190,68813.0,0,125
train_05998,bfs,939,1,6886,11197,44874.0,0,117
train_05998,dfs,939,1,6886,13977,48027.0,0,117
train_05998,nurs_covnew,939,1,6886,11196,46855.0,0,117
train_05998,nurs_md2u,939,1,6886,14136,50388.0,0,117
train_05998,nurs_qc,939,1,6886,12419,47564.0,0,117
train_05998,random-path,939,1,6886,12202,46774.0,0,117
train_06003,bfs,943,1,6886,14110,75686.0,0,125
train_06003,dfs,943,1,6886,15577,76594.0,0,125
train_06003,nurs_covnew,943,1,6886,14761,77391.0,0,125
train_06003,nurs_md2u,943,1,6886,14470,76957.0,0,125
train_06003,nurs_qc,943,1,6886,13351,75897.0,0,125
train_06003,random-path,943,1,6886,13383,75798.0,0,125
train_06049,bfs,955,1,6889,13011,47977.0,0,128
train_06049,dfs,955,1,6889,13165,47744.0,0,128
train_06049,nurs_covnew,955,1,6889,12146,49018.0,0,128
train_06049,nurs_md2u,955,1,6889,12458,48828.0,0,128
train_06049,nurs_qc,955,1,6889,14561,50800.0,0,128
train_06049,random-path,955,1,6889,12533,47262.0,0,128
train_06061,bfs,938,1,6886,14552,49472.0,0,118
train_06061,dfs,938,1,6886,13983,48153.0,0,118
train_06061,nurs_covnew,938,1,6886,13477,48920.0,0,118
train_06061,nurs_md2u,938,1,6886,11858,47562.0,0,118
train_06061,nurs_qc,938,1,6886,12283,48593.0,0,118
train_06061,random-path,938,1,6886,13821,48180.0,0,118
train_06084,bfs,1076,5,8810,34013,79156.0,0,121
train_06084,dfs,1076,5,8810,36107,80118.0,0,121
train_06084,nurs_covnew,1076,5,8810,36970,83160.0,0,121
train_06084,nurs_md2u,1076,5,8810,37591,83239.0,0,121
train_06084,nurs_qc,1076,5,8810,32681,78198.0,0,121
train_06084,random-path,1076,5,8810,35132,80346.0,0,121
train_06089,bfs,935,1,6887,12272,46992.0,0,129
train_06089,dfs,935,1,6887,12148,46231.0,0,129
train_06089,nurs_covnew,935,1,6887,12090,47865.0,0,129
train_06089,nurs_md2u,935,1,6887,11098,47313.0,0,129
train_06089,nurs_qc,935,1,6887,12316,47690.0,0,129
train_06089,random-path,935,1,6887,12648,47510.0,0,129
train_06156,bfs,1065,5,7004,13320008,13414473.0,0,122
train_06156,dfs,1065,4,6993,13256269,13349456.0,0,122
train_06156,nurs_covnew,1049,4,6976,13308541,13404908.0,0,122
train_06156,nurs_md2u,1049,4,6976,13318438,13414748.0,0,122
train_06156,nurs_qc,1008,4,6954,13344680,13438470.0,0,122
train_06156,random-path,1061,4,6991,13310379,13404109.0,0,122
train_06189,bfs,937,1,6886,12635,78104.0,0,121
train_06189,dfs,937,1,6886,14709,80774.0,0,121
train_06189,nurs_covnew,937,1,6886,14919,82144.0,0,121
train_06189,nurs_md2u,937,1,6886,14900,81428.0,0,121
train_06189,nurs_qc,937,1,6886,15952,83162.0,0,121
train_06189,random-path,937,1,6886,13464,79573.0,0,121
train_06196,bfs,1013,4,7010,14051118,14711354.0,0,122
train_06196,dfs,1013,3,7003,14007505,14651832.0,0,122
train_06196,nurs_covnew,1013,5,7214,9240403,10434691.0,0,122
train_06196,nurs_md2u,1013,5,7214,9218150,10409507.0,0,122
train_06196,nurs_qc,1013,5,7211,9183387,10371583.0,0,122
train_06196,random-path,1013,5,7060,14195368,15054832.0,0,122
train_06202,bfs,951,1,6886,14324,48816.0,0,141
train_06202,dfs,951,1,6886,11354,46579.0,0,141
train_06202,nurs_covnew,951,1,6886,11622,47475.0,0,141
train_06202,nurs_md2u,951,1,6886,11389,47443.0,0,141
train_06202,nurs_qc,951,1,6886,13964,49685.0,0,141
train_06202,random-path,951,1,6886,12262,46554.0,0,141
train_06206,bfs,957,1,6886,13464,80505.0,0,136
train_06206,dfs,957,1,6886,13835,81024.0,0,136
train_06206,nurs_covnew,957,1,6886,13751,82698.0,0,136
train_06206,nurs_md2u,957,1,6886,15032,84604.0,0,136
train_06206,nurs_qc,957,1,6886,13596,82471.0,0,136
train_06206,random-path,957,1,6886,14621,81819.0,0,136
train_06207,bfs,1459,5,9911,44892,105763.0,0,185
train_06207,dfs,1459,5,9911,50556,110796.0,0,185
train_06207,nurs_covnew,1459,5,9911,44855,107499.0,0,185
train_06207,nurs_md2u,1459,5,9911,44317,106717.0,0,185
train_06207,nurs_qc,1459,5,9911,44038,105594.0,0,185
train_06207,random-path,1459,5,9911,47719,107623.0,0,185
train_06293,bfs,992,159,8083,10189377,10517987.0,0,121
train_06293,dfs,985,93,7458,11012980,11336370.0,0,121
train_06293,nurs_covnew,1127,232,14565,10662397,12576945.0,0,121
train_06293,nurs_md2u,1127,241,18249,11178330,13879351.0,0,121
train_06293,nurs_qc,1105,228,11972,10406215,11367646.0,0,121
train_06293,random-path,1127,110,8842,10959512,13399252.0,0,121
train_06298,bfs,933,1,6886,12775,56980.0,0,123
train_06298,dfs,933,1,6886,12353,56236.0,0,123
train_06298,nurs_covnew,933,1,6886,13111,58711.0,0,123
train_06298,nurs_md2u,933,1,6886,12367,57179.0,0,123
train_06298,nurs_qc,933,1,6886,12594,57886.0,0,123
train_06298,random-path,933,1,6886,14764,58913.0,0,123
train_06316,bfs,941,1,6886,12104,47394.0,0,122
train_06316,dfs,941,1,6886,12150,46773.0,0,122
train_06316,nurs_covnew,941,1,6886,11717,47925.0,0,122
train_06316,nurs_md2u,941,1,6886,11484,46893.0,0,122
train_06316,nurs_qc,941,1,6886,12005,47980.0,0,122
train_06316,random-path,941,1,6886,11999,46373.0,0,122
train_06367,bfs,1326,5,36172,226510,316939.0,0,123
train_06367,dfs,1326,5,36172,234014,325763.0,0,123
train_06367,nurs_covnew,1326,5,36172,229983,325735.0,0,123
train_06367,nurs_md2u,1326,5,36172,229355,325030.0,0,123
train_06367,nurs_qc,1326,5,36172,236450,331807.0,0,123
train_06367,random-path,1326,5,36172,229540,322304.0,0,123
train_06388,bfs,933,1,6886,12417,46982.0,0,116
train_06388,dfs,933,1,6886,11756,46213.0,0,116
train_06388,nurs_covnew,933,1,6886,12062,47696.0,0,116
train_06388,nurs_md2u,933,1,6886,11654,47599.0,0,116
train_06388,nurs_qc,933,1,6886,11404,47305.0,0,116
train_06388,random-path,933,1,6886,11388,45788.0,0,116
train_06392,bfs,941,1,6886,12830,50131.0,0,117
train_06392,dfs,941,1,6886,15832,52796.0,0,117
train_06392,nurs_covnew,941,1,6886,11737,50642.0,0,117
train_06392,nurs_md2u,941,1,6886,11565,50211.0,0,117
train_06392,nurs_qc,941,1,6886,11241,49416.0,0,117
train_06392,random-path,941,1,6886,12212,50128.0,0,117
train_06410,bfs,960,1,6888,12555,47120.0,0,136
train_06410,dfs,960,1,6888,11757,46497.0,0,136
train_06410,nurs_covnew,960,1,6888,11969,47896.0,0,136
train_06410,nurs_md2u,960,1,6888,14822,51006.0,0,136
train_06410,nurs_qc,960,1,6888,11988,48515.0,0,136
train_06410,random-path,960,1,6888,15356,49679.0,0,136
train_06474,bfs,938,1,6886,11984,46013.0,0,117
train_06474,dfs,938,1,6886,11873,46291.0,0,117
train_06474,nurs_covnew,938,1,6886,12334,48227.0,0,117
train_06474,nurs_md2u,938,1,6886,11891,47562.0,0,117
train_06474,nurs_qc,938,1,6886,12277,48016.0,0,117
train_06474,random-path,938,1,6886,11486,45446.0,0,117
train_06495,bfs,934,1,6886,12998,64494.0,0,134
train_06495,dfs,934,1,6886,15333,65814.0,0,134
train_06495,nurs_covnew,934,1,6886,12358,65060.0,0,134
train_06495,nurs_md2u,934,1,6886,13516,66135.0,0,134
train_06495,nurs_qc,934,1,6886,12707,65432.0,0,134
train_06495,random-path,934,1,6886,12786,64396.0,0,134
train_06548,bfs,951,1,6886,14472,102373.0,0,132
train_06548,dfs,951,1,6886,14537,103384.0,0,132
train_06548,nurs_covnew,951,1,6886,14087,105361.0,0,132
train_06548,nurs_md2u,951,1,6886,14899,104455.0,0,132
train_06548,nurs_qc,951,1,6886,14607,103718.0,0,132
train_06548,random-path,951,1,6886,15250,105965.0,0,132
train_06586,bfs,1031,5,7431,101162,141252.0,0,122
train_06586,dfs,1031,5,7431,118233,157982.0,0,122
train_06586,nurs_covnew,1031,5,7431,104165,146243.0,0,122
train_06586,nurs_md2u,1031,5,7431,98258,141205.0,0,122
train_06586,nurs_qc,1031,5,7431,98371,140646.0,0,122
train_06586,random-path,1031,5,7431,102886,143543.0,0,122
train_06645,bfs,970,1,6912,5134908,5188401.0,0,189
train_06645,dfs,970,1,6912,5132941,5185653.0,0,189
train_06645,nurs_covnew,970,1,6912,5137699,5193119.0,0,189
train_06645,nurs_md2u,970,1,6912,5134214,5189800.0,0,189
train_06645,nurs_qc,970,1,6912,5136112,5192020.0,0,189
train_06645,random-path,970,1,6912,5134125,5187040.0,0,189
train_06686,bfs,950,1,6890,15076,106552.0,0,128
train_06686,dfs,950,1,6890,16399,107444.0,0,128
train_06686,nurs_covnew,950,1,6890,15617,113720.0,0,128
train_06686,nurs_md2u,950,1,6890,14652,107099.0,0,128
train_06686,nurs_qc,950,1,6890,14769,108024.0,0,128
train_06686,random-path,950,1,6890,14626,105920.0,0,128
train_06708,bfs,947,1,6886,11677,45565.0,0,122
train_06708,dfs,947,1,6886,13370,47358.0,0,122
train_06708,nurs_covnew,947,1,6886,13380,49210.0,0,122
train_06708,nurs_md2u,947,1,6886,13745,49303.0,0,122
train_06708,nurs_qc,947,1,6886,13745,49194.0,0,122
train_06708,random-path,947,1,6886,12009,45732.0,0,122
train_06744,bfs,1012,319,8556,14322007,14725711.0,0,117
train_06744,dfs,1012,247,7976,14963380,15567671.0,0,117
train_06744,nurs_covnew,972,3757,30625,11373363,13697026.0,0,117
train_06744,nurs_md2u,970,2334,19317,10684559,12131488.0,0,117
train_06744,nurs_qc,972,3162,25019,10487668,12379073.0,0,117
train_06744,random-path,1008,166,7642,14201710,14530246.0,0,117
train_06756,bfs,959,1,6886,12356,46932.0,0,131
train_06756,dfs,959,1,6886,11401,46373.0,0,131
train_06756,nurs_covnew,959,1,6886,14180,50815.0,0,131
train_06756,nurs_md2u,959,1,6886,11807,49459.0,0,131
train_06756,nurs_qc,959,1,6886,11435,47899.0,0,131
train_06756,random-path,959,1,6886,12145,46744.0,0,131
train_06788,bfs,1012,3,6942,40272,2312889.0,0,120
train_06788,dfs,1012,2,6928,30275,2302522.0,0,120
train_06788,nurs_covnew,1012,3,6944,44192,2315633.0,0,120
train_06788,nurs_md2u,1012,3,6944,44934,2321585.0,0,120
train_06788,nurs_qc,1012,3,6944,40631,2326886.0,0,120
train_06788,random-path,1012,3,6943,39961,2327764.0,0,120
train_06826,bfs,960,1,6887,13724,48559.0,0,117
train_06826,dfs,960,1,6887,12460,47086.0,0,117
train_06826,nurs_covnew,960,1,6887,13034,49245.0,0,117
train_06826,nurs_md2u,960,1,6887,12354,48471.0,0,117
train_06826,nurs_qc,960,1,6887,10908,47003.0,0,117
train_06826,random-path,960,1,6887,11152,45547.0,0,117
train_06827,bfs,993,89,7334,10482119,11984420.0,0,145
train_06827,dfs,966,87,7576,9405979,10903783.0,0,145
train_06827,nurs_covnew,933,87,7377,10606966,12159894.0,0,145
train_06827,nurs_md2u,933,87,7377,9462590,10978839.0,0,145
train_06827,nurs_qc,933,87,7377,10514064,12107065.0,0,145
train_06827,random-path,944,89,7296,10429514,11892162.0,0,145
train_06873,bfs,942,1,6884,0,34204.0,0,141
train_06873,dfs,942,1,6884,0,35290.0,0,141
train_06873,nurs_covnew,942,1,6884,0,35852.0,0,141
train_06873,nurs_md2u,942,1,6884,0,36481.0,0,141
train_06873,nurs_qc,942,1,6884,0,35723.0,0,141
train_06873,random-path,942,1,6884,0,34420.0,0,141
train_06893,bfs,956,1,6888,10941,45766.0,0,139
train_06893,dfs,956,1,6888,12348,47506.0,0,139
train_06893,nurs_covnew,956,1,6888,11585,48692.0,0,139
train_06893,nurs_md2u,956,1,6888,11735,48410.0,0,139
train_06893,nurs_qc,956,1,6888,11946,48698.0,0,139
train_06893,random-path,956,1,6888,12916,48303.0,0,139
train_06926,bfs,940,1,6997,0,34477.0,0,122
train_06926,dfs,940,1,6997,0,34699.0,0,122
train_06926,nurs_covnew,940,1,6997,0,35957.0,0,122
train_06926,nurs_md2u,940,1,6997,0,36744.0,0,122
train_06926,nurs_qc,940,1,6997,0,37013.0,0,122
train_06926,random-path,940,1,6997,0,34408.0,0,122
train_06954,bfs,946,1,6886,20729,340349.0,0,125
train_06954,dfs,946,1,6886,20369,338892.0,0,125
train_06954,nurs_covnew,946,1,6886,20088,340085.0,0,125
train_06954,nurs_md2u,946,1,6886,20501,340301.0,0,125
train_06954,nurs_qc,946,1,6886,21007,340183.0,0,125
train_06954,random-path,946,1,6886,22341,340647.0,0,125
train_06977,bfs,954,1,10734,13120,51856.0,0,120
train_06977,dfs,954,1,10734,14258,53314.0,0,120
train_06977,nurs_covnew,954,1,10734,11087,52180.0,0,120
train_06977,nurs_md2u,954,1,10734,12311,54081.0,0,120
train_06977,nurs_qc,954,1,10734,11840,51835.0,0,120
train_06977,random-path,954,1,10734,11881,50396.0,0,120
train_06994,bfs,1018,3,7019,279274,322706.0,0,125
train_06994,dfs,1018,3,7019,292065,331564.0,0,125
train_06994,nurs_covnew,1018,3,7019,281959,327885.0,0,125
train_06994,nurs_md2u,1018,3,7019,282347,324462.0,0,125
train_06994,nurs_qc,1018,3,7019,283912,328509.0,0,125
train_06994,random-path,1018,3,7019,288619,328015.0,0,125
train_07019,bfs,945,1,6886,11534,47550.0,0,130
train_07019,dfs,945,1,6886,11607,47978.0,0,130
train_07019,nurs_covnew,945,1,6886,12580,50007.0,0,130
train_07019,nurs_md2u,945,1,6886,12274,50485.0,0,130
train_07019,nurs_qc,945,1,6886,11522,48769.0,0,130
train_07019,random-path,945,1,6886,11510,48284.0,0,130
train_07029,bfs,1095,2,7258,49977,90191.0,0,119
train_07029,dfs,1095,2,7258,55604,95277.0,0,119
train_07029,nurs_covnew,1095,2,7258,48083,90192.0,0,119
train_07029,nurs_md2u,1095,2,7258,47436,89612.0,0,119
train_07029,nurs_qc,1095,2,7258,48486,90197.0,0,119
train_07029,random-path,1095,2,7258,54268,94866.0,0,119
train_07042,bfs,945,1,6887,11814,46506.0,0,128
train_07042,dfs,945,1,6887,13186,47715.0,0,128
train_07042,nurs_covnew,945,1,6887,11679,49257.0,0,128
train_07042,nurs_md2u,945,1,6887,11337,47696.0,0,128
train_07042,nurs_qc,945,1,6887,11003,47119.0,0,128
train_07042,random-path,945,1,6887,11973,46083.0,0,128
train_07095,bfs,1117,57,8932,15059734,15174523.0,0,124
train_07095,dfs,1112,28,7923,11337842,11418876.0,0,124
train_07095,nurs_covnew,1117,47,7877,11386963,11493225.0,0,124
train_07095,nurs_md2u,1117,47,7877,11394097,11499971.0,0,124
train_07095,nurs_qc,1117,44,7918,10945103,11047629.0,0,124
train_07095,random-path,1117,54,8331,13060567,13174566.0,0,124
train_07165,bfs,951,1,6892,12522,47580.0,0,181
train_07165,dfs,951,1,6892,11523,47159.0,0,181
train_07165,nurs_covnew,951,1,6892,12246,49702.0,0,181
train_07165,nurs_md2u,951,1,6892,14145,51380.0,0,181
train_07165,nurs_qc,951,1,6892,11385,48216.0,0,181
train_07165,random-path,951,1,6892,13197,48039.0,0,181
train_07172,bfs,985,2,86916,8610240,8767699.0,0,120
train_07172,dfs,985,2,86916,8662320,8815230.0,0,120
train_07172,nurs_covnew,985,2,86916,8687400,8849161.0,0,120
train_07172,nurs_md2u,985,2,86916,8687998,8854149.0,0,120
train_07172,nurs_qc,985,2,86916,8596558,8757572.0,0,120
train_07172,random-path,985,2,86916,8706191,8862299.0,0,120
train_07221,bfs,945,1,6887,0,34559.0,0,119
train_07221,dfs,945,1,6887,0,34669.0,0,119
train_07221,nurs_covnew,945,1,6887,0,35598.0,0,119
train_07221,nurs_md2u,945,1,6887,0,35646.0,0,119
train_07221,nurs_qc,945,1,6887,0,35561.0,0,119
train_07221,random-path,945,1,6887,0,33939.0,0,119
train_07227,bfs,951,1,6887,11901,47354.0,0,121
train_07227,dfs,951,1,6887,12339,47013.0,0,121
train_07227,nurs_covnew,951,1,6887,14265,50663.0,0,121
train_07227,nurs_md2u,951,1,6887,11557,47506.0,0,121
train_07227,nurs_qc,951,1,6887,11988,48357.0,0,121
train_07227,random-path,951,1,6887,11546,45934.0,0,121
train_07237,bfs,941,1,6886,12128,46269.0,0,118
train_07237,dfs,941,1,6886,12879,47067.0,0,118
train_07237,nurs_covnew,941,1,6886,12180,48038.0,0,118
train_07237,nurs_md2u,941,1,6886,12548,48521.0,0,118
train_07237,nurs_qc,941,1,6886,10567,46145.0,0,118
train_07237,random-path,941,1,6886,12329,46456.0,0,118
train_07278,bfs,1067,1,8339413,0,10024472.0,0,126
train_07278,dfs,1067,1,8279776,0,10024782.0,0,126
train_07278,nurs_covnew,1067,1,8081760,0,10026257.0,0,126
train_07278,nurs_md2u,1067,1,8064202,0,10025935.0,0,126
train_07278,nurs_qc,1067,1,7846251,0,10025868.0,0,126
train_07278,random-path,1067,1,8297759,0,10024350.0,0,126
train_07328,bfs,1021,1,8513,0,36445.0,0,138
train_07328,dfs,1021,1,8513,0,36386.0,0,138
train_07328,nurs_covnew,1021,1,8513,0,38801.0,0,138
train_07328,nurs_md2u,1021,1,8513,0,39037.0,0,138
train_07328,nurs_qc,1021,1,8513,0,38650.0,0,138
train_07328,random-path,1021,1,8513,0,36533.0,0,138
train_07347,bfs,945,1,6886,12391,47023.0,0,182
train_07347,dfs,945,1,6886,13888,48971.0,0,182
train_07347,nurs_covnew,945,1,6886,11872,48581.0,0,182
train_07347,nurs_md2u,945,1,6886,12144,48513.0,0,182
train_07347,nurs_qc,945,1,6886,11613,48466.0,0,182
train_07347,random-path,945,1,6886,14401,48561.0,0,182
train_07402,bfs,940,2,6892,46119,82533.0,0,116
train_07402,dfs,940,2,6892,45661,83011.0,0,116
train_07402,nurs_covnew,940,2,6892,45322,82628.0,0,116
train_07402,nurs_md2u,940,2,6892,43216,80827.0,0,116
train_07402,nurs_qc,940,2,6892,42206,81491.0,0,116
train_07402,random-path,940,2,6892,43661,79991.0,0,116
train_07429,bfs,999,1,7523,23758,429014.0,0,126
train_07429,dfs,999,1,7523,23098,429461.0,0,126
train_07429,nurs_covnew,999,1,7523,21712,429075.0,0,126
train_07429,nurs_md2u,999,1,7523,22641,429606.0,0,126
train_07429,nurs_qc,999,1,7523,21439,428074.0,0,126
train_07429,random-path,999,1,7523,23529,427598.0,0,126
train_07438,bfs,1197,30,373452,12864439,13550471.0,0,129
train_07438,dfs,1083,6,3996795,4154271,10041782.0,0,129
train_07438,nurs_covnew,1085,31,7498,13435277,13486731.0,0,129
train_07438,nurs_md2u,1085,31,7498,13539344,13615002.0,0,129
train_07438,nurs_qc,1058,30,7409,10901535,10973656.0,0,129
train_07438,random-path,1133,31,7679,13044026,13117354.0,0,129
train_07471,bfs,1358,4,7357,910503,959423.0,0,178
train_07471,dfs,1358,4,7357,867895,917821.0,0,178
train_07471,nurs_covnew,1358,4,7357,860937,912393.0,0,178
train_07471,nurs_md2u,1358,4,7357,855495,907423.0,0,178
train_07471,nurs_qc,1358,4,7357,863387,914557.0,0,178
train_07471,random-path,1358,4,7357,865017,909549.0,0,178
train_07533,bfs,955,1,6886,11967,47018.0,0,205
train_07533,dfs,955,1,6886,12097,46867.0,0,205
train_07533,nurs_covnew,955,1,6886,13731,51056.0,0,205
train_07533,nurs_md2u,955,1,6886,12230,49707.0,0,205
train_07533,nurs_qc,955,1,6886,13012,50181.0,0,205
train_07533,random-path,955,1,6886,11908,46341.0,0,205
train_07537,bfs,947,1,6886,13461,65575.0,0,139
train_07537,dfs,947,1,6886,12441,63546.0,0,139
train_07537,nurs_covnew,947,1,6886,12425,65200.0,0,139
train_07537,nurs_md2u,947,1,6886,12903,66471.0,0,139
train_07537,nurs_qc,947,1,6886,11421,64243.0,0,139
train_07537,random-path,947,1,6886,12479,63355.0,0,139
train_07595,bfs,941,1,6886,11697,46419.0,0,118
train_07595,dfs,941,1,6886,11723,46335.0,0,118
train_07595,nurs_covnew,941,1,6886,13075,49247.0,0,118
train_07595,nurs_md2u,941,1,6886,11536,47520.0,0,118
train_07595,nurs_qc,941,1,6886,14203,51135.0,0,118
train_07595,random-path,941,1,6886,13952,48469.0,0,118
train_07637,bfs,950,1,6887,12314,46625.0,0,118
train_07637,dfs,950,1,6887,12017,46151.0,0,118
train_07637,nurs_covnew,950,1,6887,10600,46830.0,0,118
train_07637,nurs_md2u,950,1,6887,13888,49735.0,0,118
train_07637,nurs_qc,950,1,6887,11572,47057.0,0,118
train_07637,random-path,950,1,6887,11000,45377.0,0,118
train_07639,bfs,962,1,401166,12881,441542.0,0,130
train_07639,dfs,962,1,401166,14886,454673.0,0,130
train_07639,nurs_covnew,962,1,401166,12101,466096.0,0,130
train_07639,nurs_md2u,962,1,401166,11992,460794.0,0,130
train_07639,nurs_qc,962,1,401166,12554,459476.0,0,130
train_07639,random-path,962,1,401166,12275,456253.0,0,130
train_07688,bfs,947,1,6892,14462,50706.0,0,121
train_07688,dfs,947,1,6892,14178,49832.0,0,121
train_07688,nurs_covnew,947,1,6892,14052,52144.0,0,121
train_07688,nurs_md2u,947,1,6892,16736,53888.0,0,121
train_07688,nurs_qc,947,1,6892,14746,51761.0,0,121
train_07688,random-path,947,1,6892,14045,49589.0,0,121
train_07731,bfs,959,2,6904,30177,64491.0,0,128
train_07731,dfs,959,2,6904,30946,65380.0,0,128
train_07731,nurs_covnew,959,2,6904,31806,67726.0,0,128
train_07731,nurs_md2u,959,2,6904,27371,64102.0,0,128
train_07731,nurs_qc,959,2,6904,30035,65769.0,0,128
train_07731,random-path,959,2,6904,29092,63160.0,0,128
train_07784,bfs,943,1,6886,11562,45686.0,0,119
train_07784,dfs,943,1,6886,11473,45990.0,0,119
train_07784,nurs_covnew,943,1,6886,11599,47885.0,0,119
train_07784,nurs_md2u,943,1,6886,11307,47116.0,0,119
train_07784,nurs_qc,943,1,6886,11391,47356.0,0,119
train_07784,random-path,943,1,6886,11201,45888.0,0,119
train_07807,bfs,934,1,9888873,0,10025599.0,0,125
train_07807,dfs,934,1,9840871,0,10025308.0,0,125
train_07807,nurs_covnew,934,1,9574462,0,10025890.0,0,125
train_07807,nurs_md2u,934,1,9221357,0,10026050.0,0,125
train_07807,nurs_qc,934,1,9602672,0,10025752.0,0,125
train_07807,random-path,934,1,9954519,0,10025730.0,0,125
train_07830,bfs,1003,5,7156,33446,77760.0,0,120
train_07830,dfs,1003,5,7156,31390,75380.0,0,120
train_07830,nurs_covnew,1003,5,7156,28618,74398.0,0,120
train_07830,nurs_md2u,1003,5,7156,27908,73493.0,0,120
train_07830,nurs_qc,1003,5,7156,28833,74863.0,0,120
train_07830,random-path,1003,5,7156,29680,72652.0,0,120
train_07929,bfs,938,1,6886,12848,47501.0,0,124
train_07929,dfs,938,1,6886,11681,45733.0,0,124
train_07929,nurs_covnew,938,1,6886,11735,47833.0,0,124
train_07929,nurs_md2u,938,1,6886,11899,47651.0,0,124
train_07929,nurs_qc,938,1,6886,11239,46963.0,0,124
train_07929,random-path,938,1,6886,11417,46276.0,0,124
train_07955,bfs,1437,4,8320,515583,643824.0,0,186
train_07955,dfs,1437,4,8320,560099,686825.0,0,186
train_07955,nurs_covnew,1437,4,8320,544968,675115.0,0,186
train_07955,nurs_md2u,1437,4,8320,558957,728771.0,0,186
train_07955,nurs_qc,1437,4,8320,535031,664666.0,0,186
train_07955,random-path,1437,4,8320,569294,696847.0,0,186
train_07970,bfs,941,1,6886,11865,46362.0,0,117
train_07970,dfs,941,1,6886,12212,46480.0,0,117
train_07970,nurs_covnew,941,1,6886,14320,50498.0,0,117
train_07970,nurs_md2u,941,1,6886,11406,48564.0,0,117
train_07970,nurs_qc,941,1,6886,12721,48490.0,0,117
train_07970,random-path,941,1,6886,11269,46101.0,0,117
train_07980,bfs,936,1,6886,15159,183440.0,0,129
train_07980,dfs,936,1,6886,15739,183585.0,0,129
train_07980,nurs_covnew,936,1,6886,16088,185606.0,0,129
train_07980,nurs_md2u,936,1,6886,16339,185663.0,0,129
train_07980,nurs_qc,936,1,6886,16126,184794.0,0,129
train_07980,random-path,936,1,6886,15664,183194.0,0,129
train_08033,bfs,1004,23,8055,245794,293404.0,0,118
train_08033,dfs,1004,23,8055,236494,282068.0,0,118
train_08033,nurs_covnew,1004,23,8055,226814,273152.0,0,118
train_08033,nurs_md2u,1004,23,8055,227817,274125.0,0,118
train_08033,nurs_qc,1004,23,8055,224318,270299.0,0,118
train_08033,random-path,1004,23,8055,228801,273900.0,0,118
train_08049,bfs,941,1,6891,15116,65263.0,0,125
train_08049,dfs,941,1,6891,15090,65028.0,0,125
train_08049,nurs_covnew,941,1,6891,15470,68088.0,0,125
train_08049,nurs_md2u,941,1,6891,14292,65465.0,0,125
train_08049,nurs_qc,941,1,6891,14812,65606.0,0,125
train_08049,random-path,941,1,6891,14282,64991.0,0,125
train_08051,bfs,945,1,6890,14747,50583.0,0,117
train_08051,dfs,945,1,6890,14390,49145.0,0,117
train_08051,nurs_covnew,945,1,6890,14728,50630.0,0,117
train_08051,nurs_md2u,945,1,6890,14619,50253.0,0,117
train_08051,nurs_qc,945,1,6890,14647,50037.0,0,117
train_08051,random-path,945,1,6890,14573,48798.0,0,117
train_08076,bfs,1066,1,6969,15283,56277.0,0,118
train_08076,dfs,1066,1,6969,17588,58879.0,0,118
train_08076,nurs_covnew,1066,1,6969,15124,57762.0,0,118
train_08076,nurs_md2u,1066,1,6969,15103,58018.0,0,118
train_08076,nurs_qc,1066,1,6969,14761,57257.0,0,118
train_08076,random-path,1066,1,6969,15799,56825.0,0,118
train_08133,bfs,938,1,6886,12814,47005.0,0,116
train_08133,dfs,938,1,6886,11960,46938.0,0,116
train_08133,nurs_covnew,938,1,6886,11798,48222.0,0,116
train_08133,nurs_md2u,938,1,6886,11982,48039.0,0,116
train_08133,nurs_qc,938,1,6886,12638,48407.0,0,116
train_08133,random-path,938,1,6886,11556,46057.0,0,116
train_08181,bfs,941,1,6889,12132,62191.0,0,129
train_08181,dfs,941,1,6889,12068,62349.0,0,129
train_08181,nurs_covnew,941,1,6889,12416,65153.0,0,129
train_08181,nurs_md2u,941,1,6889,12976,66361.0,0,129
train_08181,nurs_qc,941,1,6889,12413,64615.0,0,129
train_08181,random-path,941,1,6889,12845,63137.0,0,129
train_08183,bfs,1006,85,7268,13244068,13692967.0,0,120
train_08183,dfs,1006,85,7268,14664652,15089464.0,0,120
train_08183,nurs_covnew,983,90,7874,10108232,10595689.0,0,120
train_08183,nurs_md2u,983,90,7870,9657675,10135436.0,0,120
train_08183,nurs_qc,984,90,7871,10075119,10552548.0,0,120
train_08183,random-path,1016,86,7297,13246708,13739505.0,0,120
train_08204,bfs,1003,5,11064,27231,66311.0,0,120
train_08204,dfs,1003,5,11064,27844,67291.0,0,120
train_08204,nurs_covnew,1003,5,11064,26672,67244.0,0,120
train_08204,nurs_md2u,1003,5,11064,29140,69846.0,0,120
train_08204,nurs_qc,1003,5,11064,27816,68585.0,0,120
train_08204,random-path,1003,5,11064,32678,71490.0,0,120
train_08218,bfs,955,1,6886,10921,46019.0,0,129
train_08218,dfs,955,1,6886,11688,46635.0,0,129
train_08218,nurs_covnew,955,1,6886,11686,49219.0,0,129
train_08218,nurs_md2u,955,1,6886,10843,48205.0,0,129
train_08218,nurs_qc,955,1,6886,10992,48448.0,0,129
train_08218,random-path,955,1,6886,12853,48041.0,0,129
train_08238,bfs,949,1,6894,15381,97705.0,0,123
train_08238,dfs,949,1,6894,15916,97839.0,0,123
train_08238,nurs_covnew,949,1,6894,15406,98186.0,0,123
train_08238,nurs_md2u,949,1,6894,14060,96914.0,0,123
train_08238,nurs_qc,949,1,6894,14110,96922.0,0,123
train_08238,random-path,949,1,6894,15324,97187.0,0,123
train_08253,bfs,948,1,6886,12294,47181.0,0,122
train_08253,dfs,948,1,6886,12740,47541.0,0,122
train_08253,nurs_covnew,948,1,6886,12026,48512.0,0,122
train_08253,nurs_md2u,948,1,6886,12854,49396.0,0,122
train_08253,nurs_qc,948,1,6886,13376,49676.0,0,122
train_08253,random-path,948,1,6886,10673,45472.0,0,122
train_08270,bfs,962,233,9434,9854819,10169720.0,0,121
train_08270,dfs,962,235,9459,9847515,10164197.0,0,121
train_08270,nurs_covnew,962,259,9729,9914330,10111487.0,0,121
train_08270,nurs_md2u,962,245,9569,9940523,10229051.0,0,121
train_08270,nurs_qc,962,258,9716,9937313,10150462.0,0,121
train_08270,random-path,962,247,9591,9929446,10193863.0,0,121
train_08275,bfs,1077,1,6978,4104,41899.0,0,119
train_08275,dfs,1077,1,6978,3085,40500.0,0,119
train_08275,nurs_covnew,1077,1,6978,3006,42573.0,0,119
train_08275,nurs_md2u,1077,1,6978,3491,43588.0,0,119
train_08275,nurs_qc,1077,1,6978,3081,42426.0,0,119
train_08275,random-path,1077,1,6978,3192,41341.0,0,119
train_08276,bfs,944,1,6886,11536,45868.0,0,143
train_08276,dfs,944,1,6886,11130,45399.0,0,143
train_08276,nurs_covnew,944,1,6886,11726,48473.0,0,143
train_08276,nurs_md2u,944,1,6886,11875,48186.0,0,143
train_08276,nurs_qc,944,1,6886,12046,47756.0,0,143
train_08276,random-path,944,1,6886,14718,49877.0,0,143
train_08281,bfs,954,1,6889,30111,677321.0,0,130
train_08281,dfs,954,1,6889,31120,678681.0,0,130
train_08281,nurs_covnew,954,1,6889,29292,678115.0,0,130
train_08281,nurs_md2u,954,1,6889,30367,688911.0,0,130
train_08281,nurs_qc,954,1,6889,25204,673694.0,0,130
train_08281,random-path,954,1,6889,31419,676468.0,0,130
train_08282,bfs,943,1,6886,11933,46513.0,0,131
train_08282,dfs,943,1,6886,11858,46985.0,0,131
train_08282,nurs_covnew,943,1,6886,14023,50669.0,0,131
train_08282,nurs_md2u,943,1,6886,12074,48421.0,0,131
train_08282,nurs_qc,943,1,6886,10761,47080.0,0,131
train_08282,random-path,943,1,6886,13052,47487.0,0,131
train_08285,bfs,1175,2,6568432,15896,10037463.0,0,123
train_08285,dfs,1009,2,1535516,11162298,13751298.0,0,123
train_08285,nurs_covnew,1014,2,1535518,11133520,13827527.0,0,123
train_08285,nurs_md2u,1014,2,1535518,11138110,13873067.0,0,123
train_08285,nurs_qc,1014,2,1535518,11155664,13820917.0,0,123
train_08285,random-path,1012,2,1535517,11169573,13751461.0,0,123
train_08306,bfs,940,1,6886,11022,63527.0,0,183
train_08306,dfs,940,1,6886,14568,67600.0,0,183
train_08306,nurs_covnew,940,1,6886,14171,68949.0,0,183
train_08306,nurs_md2u,940,1,6886,12631,68405.0,0,183
train_08306,nurs_qc,940,1,6886,11116,65899.0,0,183
train_08306,random-path,940,1,6886,12831,65290.0,0,183
train_08384,bfs,957,1,6895,11426,46880.0,0,118
train_08384,dfs,957,1,6895,12826,48075.0,0,118
train_08384,nurs_covnew,957,1,6895,11630,48447.0,0,118
train_08384,nurs_md2u,957,1,6895,12233,48296.0,0,118
train_08384,nurs_qc,957,1,6895,13821,50302.0,0,118
train_08384,random-path,957,1,6895,12337,47609.0,0,118
train_08408,bfs,1033,4,57945,9805036,10041450.0,0,118
train_08408,dfs,984,4,59198,9804104,10046334.0,0,118
train_08408,nurs_covnew,1033,4,51826,9751928,10046632.0,0,118
train_08408,nurs_md2u,1033,4,58441,9795197,10038511.0,0,118
train_08408,nurs_qc,1033,4,57561,9805991,10041487.0,0,118
train_08408,random-path,1033,4,58185,9795273,10038212.0,0,118
train_08412,bfs,1038,3,6944,11887462,12558587.0,0,125
train_08412,dfs,1038,2,6937,11869836,12537211.0,0,125
train_08412,nurs_covnew,999,5,6978,10998932,11403520.0,0,125
train_08412,nurs_md2u,999,5,6978,10964537,11371915.0,0,125
train_08412,nurs_qc,990,5,6971,10557128,10699820.0,0,125
train_08412,random-path,1038,4,6973,11973856,12647753.0,0,125
train_08415,bfs,1074,189,14792,9938438,10249598.0,0,120
train_08415,dfs,1029,67,10768,10130356,10363594.0,0,120
train_08415,nurs_covnew,1073,318,18212,9825579,10291062.0,0,120
train_08415,nurs_md2u,1073,295,17184,9715417,10270372.0,0,120
train_08415,nurs_qc,1073,302,16692,9736213,10248251.0,0,120
train_08415,random-path,1073,320,18577,9732786,10255275.0,0,120
train_08513,bfs,937,1,6888,18207,51839.0,0,115
train_08513,dfs,937,1,6888,16302,51639.0,0,115
train_08513,nurs_covnew,937,1,6888,18774,54657.0,0,115
train_08513,nurs_md2u,937,1,6888,17587,53295.0,0,115
train_08513,nurs_qc,937,1,6888,17176,52805.0,0,115
train_08513,random-path,937,1,6888,16662,51807.0,0,115
train_08519,bfs,969,5,6954,30867,69587.0,0,123
train_08519,dfs,969,5,6954,29884,68912.0,0,123
train_08519,nurs_covnew,969,5,6954,32142,72863.0,0,123
train_08519,nurs_md2u,969,5,6954,31137,71566.0,0,123
train_08519,nurs_qc,969,5,6954,31332,71501.0,0,123
train_08519,random-path,969,5,6954,31387,70758.0,0,123
train_08521,bfs,934,1,6886,11875,58773.0,0,122
train_08521,dfs,934,1,6886,12490,59470.0,0,122
train_08521,nurs_covnew,934,1,6886,12661,61401.0,0,122
train_08521,nurs_md2u,934,1,6886,11730,59531.0,0,122
train_08521,nurs_qc,934,1,6886,12310,60382.0,0,122
train_08521,random-path,934,1,6886,10725,57281.0,0,122
train_08522,bfs,938,1,6886,11750,46771.0,0,115
train_08522,dfs,938,1,6886,11571,45938.0,0,115
train_08522,nurs_covnew,938,1,6886,11923,48021.0,0,115
train_08522,nurs_md2u,938,1,6886,11814,47905.0,0,115
train_08522,nurs_qc,938,1,6886,11934,48204.0,0,115
train_08522,random-path,938,1,6886,12325,47243.0,0,115
train_08580,bfs,955,1,6887,11805,46185.0,0,130
train_08580,dfs,955,1,6887,11774,46175.0,0,130
train_08580,nurs_covnew,955,1,6887,12002,48485.0,0,130
train_08580,nurs_md2u,955,1,6887,11397,47400.0,0,130
train_08580,nurs_qc,955,1,6887,11663,47737.0,0,130
train_08580,random-path,955,1,6887,11899,46201.0,0,130
train_08590,bfs,943,1,6886,12270,46735.0,0,121
train_08590,dfs,943,1,6886,11853,46542.0,0,121
train_08590,nurs_covnew,943,1,6886,11910,47595.0,0,121
train_08590,nurs_md2u,943,1,6886,11481,47392.0,0,121
train_08590,nurs_qc,943,1,6886,11569,48209.0,0,121
train_08590,random-path,943,1,6886,11828,46340.0,0,121
train_08594,bfs,987,3,6929,8374139,11051061.0,0,128
train_08594,dfs,987,2,6916,8377374,11049241.0,0,128
train_08594,nurs_covnew,987,2,6925,8397825,11092461.0,0,128
train_08594,nurs_md2u,987,2,6925,8398082,11098471.0,0,128
train_08594,nurs_qc,987,2,6923,8378379,11060977.0,0,128
train_08594,random-path,987,2,6922,8380497,11065172.0,0,128
train_08685,bfs,942,1,6886,13792,48716.0,0,123
train_08685,dfs,942,1,6886,11856,46755.0,0,123
train_08685,nurs_covnew,942,1,6886,11905,48626.0,0,123
train_08685,nurs_md2u,942,1,6886,12091,48871.0,0,123
train_08685,nurs_qc,942,1,6886,11540,48074.0,0,123
train_08685,random-path,942,1,6886,12139,46899.0,0,123
train_08732,bfs,950,1,6886,13216,48321.0,0,119
train_08732,dfs,950,1,6886,11452,45910.0,0,119
train_08732,nurs_covnew,950,1,6886,12637,49001.0,0,119
train_08732,nurs_md2u,950,1,6886,12959,49853.0,0,119
train_08732,nurs_qc,950,1,6886,12164,48245.0,0,119
train_08732,random-path,950,1,6886,11230,46108.0,0,119
train_08761,bfs,937,1,6886,11868,46757.0,0,152
train_08761,dfs,937,1,6886,14340,49300.0,0,152
train_08761,nurs_covnew,937,1,6886,12521,48963.0,0,152
train_08761,nurs_md2u,937,1,6886,11836,48202.0,0,152
train_08761,nurs_qc,937,1,6886,11908,48294.0,0,152
train_08761,random-path,937,1,6886,11129,45773.0,0,152
train_08779,bfs,946,1,6886,11955,65553.0,0,201
train_08779,dfs,946,1,6886,12465,65340.0,0,201
train_08779,nurs_covnew,946,1,6886,14946,71021.0,0,201
train_08779,nurs_md2u,946,1,6886,11941,68106.0,0,201
train_08779,nurs_qc,946,1,6886,11777,68408.0,0,201
train_08779,random-path,946,1,6886,12081,63797.0,0,201
train_08812,bfs,936,1,6886,12095,47162.0,0,118
train_08812,dfs,936,1,6886,14001,48830.0,0,118
train_08812,nurs_covnew,936,1,6886,11752,48573.0,0,118
train_08812,nurs_md2u,936,1,6886,11950,48330.0,0,118
train_08812,nurs_qc,936,1,6886,12296,48350.0,0,118
train_08812,random-path,936,1,6886,13012,47969.0,0,118
train_08831,bfs,934,1,6886,15334,130782.0,0,128
train_08831,dfs,934,1,6886,16497,130787.0,0,128
train_08831,nurs_covnew,934,1,6886,15706,131291.0,0,128
train_08831,nurs_md2u,934,1,6886,14571,131285.0,0,128
train_08831,nurs_qc,934,1,6886,15715,132245.0,0,128
train_08831,random-path,934,1,6886,15143,129653.0,0,128
train_08832,bfs,935,1,6886,12755,57455.0,0,159
train_08832,dfs,935,1,6886,12619,56647.0,0,159
train_08832,nurs_covnew,935,1,6886,11719,58029.0,0,159
train_08832,nurs_md2u,935,1,6886,11871,57933.0,0,159
train_08832,nurs_qc,935,1,6886,12719,58739.0,0,159
train_08832,random-path,935,1,6886,11688,55757.0,0,159
train_08833,bfs,940,1,6886,12143,60114.0,0,125
train_08833,dfs,940,1,6886,15495,63370.0,0,125
train_08833,nurs_covnew,940,1,6886,11800,61377.0,0,125
train_08833,nurs_md2u,940,1,6886,11679,61763.0,0,125
train_08833,nurs_qc,940,1,6886,12507,62337.0,0,125
train_08833,random-path,940,1,6886,12213,60291.0,0,125
train_08876,bfs,950,1,6888,11559,46052.0,0,120
train_08876,dfs,950,1,6888,14224,49411.0,0,120
train_08876,nurs_covnew,950,1,6888,13024,49140.0,0,120
train_08876,nurs_md2u,950,1,6888,11713,47685.0,0,120
train_08876,nurs_qc,950,1,6888,11324,47209.0,0,120
train_08876,random-path,950,1,6888,11783,46451.0,0,120
train_08889,bfs,944,1,6886,14092,48700.0,0,118
train_08889,dfs,944,1,6886,11931,47054.0,0,118
train_08889,nurs_covnew,944,1,6886,11909,48488.0,0,118
train_08889,nurs_md2u,944,1,6886,12070,49266.0,0,118
train_08889,nurs_qc,944,1,6886,11820,47456.0,0,118
train_08889,random-path,944,1,6886,11676,46050.0,0,118
train_08892,bfs,956,1,6892,3271,37612.0,0,117
train_08892,dfs,956,1,6892,3173,37555.0,0,117
train_08892,nurs_covnew,956,1,6892,3081,38648.0,0,117
train_08892,nurs_md2u,956,1,6892,3144,38840.0,0,117
train_08892,nurs_qc,956,1,6892,3078,39265.0,0,117
train_08892,random-path,956,1,6892,3701,37968.0,0,117
train_08896,bfs,1004,5,7153,34169,73453.0,0,117
train_08896,dfs,1004,5,7153,37026,75877.0,0,117
train_08896,nurs_covnew,1004,5,7153,32406,73484.0,0,117
train_08896,nurs_md2u,1004,5,7153,30348,71691.0,0,117
train_08896,nurs_qc,1004,5,7153,31812,72711.0,0,117
train_08896,random-path,1004,5,7153,38766,78134.0,0,117
train_08901,bfs,946,1,6886,11944,46321.0,0,122
train_08901,dfs,946,1,6886,11193,45509.0,0,122
train_08901,nurs_covnew,946,1,6886,11524,47527.0,0,122
train_08901,nurs_md2u,946,1,6886,11542,47515.0,0,122
train_08901,nurs_qc,946,1,6886,12056,47880.0,0,122
train_08901,random-path,946,1,6886,11519,46323.0,0,122
train_08906,bfs,1012,5,7373,35407,72902.0,0,117
train_08906,dfs,1012,5,7373,35723,74080.0,0,117
train_08906,nurs_covnew,1012,5,7373,34801,74112.0,0,117
train_08906,nurs_md2u,1012,5,7373,34407,74109.0,0,117
train_08906,nurs_qc,1012,5,7373,35581,75597.0,0,117
train_08906,random-path,1012,5,7373,38100,75760.0,0,117
train_08912,bfs,1051,5,9002636,39182,10055479.0,0,119
train_08912,dfs,1051,5,8747112,33151,10056248.0,0,119
train_08912,nurs_covnew,972,5,8274402,40569,10056735.0,0,119
train_08912,nurs_md2u,972,5,8245056,35501,10056604.0,0,119
train_08912,nurs_qc,972,5,8203839,38304,10057604.0,0,119
train_08912,random-path,1051,5,8718552,36416,10056238.0,0,119
train_08917,bfs,944,1,6886,17011,84088.0,0,118
train_08917,dfs,944,1,6886,14014,80324.0,0,118
train_08917,nurs_covnew,944,1,6886,12916,80450.0,0,118
train_08917,nurs_md2u,944,1,6886,14889,82110.0,0,118
train_08917,nurs_qc,944,1,6886,12781,80711.0,0,118
train_08917,random-path,944,1,6886,12851,78832.0,0,118
train_08967,bfs,1356,2,35948,6354349,6446316.0,0,139
train_08967,dfs,1356,2,35948,6360183,6448901.0,0,139
train_08967,nurs_covnew,1356,2,35948,6346997,6441253.0,0,139
train_08967,nurs_md2u,1356,2,35948,6343812,6436717.0,0,139
train_08967,nurs_qc,1356,2,35948,6344511,6437789.0,0,139
train_08967,random-path,1356,2,35948,6349683,6440162.0,0,139
train_08971,bfs,938,1,6886,12259,60329.0,0,120
train_08971,dfs,938,1,6886,13238,61366.0,0,120
train_08971,nurs_covnew,938,1,6886,12011,62067.0,0,120
train_08971,nurs_md2u,938,1,6886,12462,62325.0,0,120
train_08971,nurs_qc,938,1,6886,13757,62845.0,0,120
train_08971,random-path,938,1,6886,12511,60176.0,0,120
train_08992,bfs,1068,62,13671,349976,415698.0,0,120
train_08992,dfs,1068,62,13671,347270,411677.0,0,120
train_08992,nurs_covnew,1068,62,13671,367265,439989.0,0,120
train_08992,nurs_md2u,1068,62,13671,356517,430252.0,0,120
train_08992,nurs_qc,1068,62,13671,348606,421431.0,0,120
train_08992,random-path,1068,62,13671,346328,416338.0,0,120
train_09008,bfs,947,2,6897,20644,64742.0,0,117
train_09008,dfs,947,2,6897,22147,68596.0,0,117
train_09008,nurs_covnew,947,2,6897,20570,66126.0,0,117
train_09008,nurs_md2u,947,2,6897,21134,66313.0,0,117
train_09008,nurs_qc,947,2,6897,20811,67111.0,0,117
train_09008,random-path,947,2,6897,20062,64460.0,0,117
train_09072,bfs,938,1,6888,18405,52657.0,0,117
train_09072,dfs,938,1,6888,18981,54357.0,0,117
train_09072,nurs_covnew,938,1,6888,18299,54638.0,0,117
train_09072,nurs_md2u,938,1,6888,21892,57589.0,0,117
train_09072,nurs_qc,938,1,6888,18253,53850.0,0,117
train_09072,random-path,938,1,6888,19743,55511.0,0,117
train_09117,bfs,960,1,6899,14978,50773.0,0,119
train_09117,dfs,960,1,6899,14749,51258.0,0,119
train_09117,nurs_covnew,960,1,6899,13942,52098.0,0,119
train_09117,nurs_md2u,960,1,6899,14557,51524.0,0,119
train_09117,nurs_qc,960,1,6899,13967,51346.0,0,119
train_09117,random-path,960,1,6899,15342,50779.0,0,119
train_09120,bfs,941,1,6886,12072,51317.0,0,198
train_09120,dfs,941,1,6886,13475,53033.0,0,198
train_09120,nurs_covnew,941,1,6886,12557,53775.0,0,198
train_09120,nurs_md2u,941,1,6886,13786,55671.0,0,198
train_09120,nurs_qc,941,1,6886,12299,53587.0,0,198
train_09120,random-path,941,1,6886,13732,53254.0,0,198
train_09172,bfs,957,1,6894,15905,50387.0,0,122
train_09172,dfs,957,1,6894,14849,49431.0,0,122
train_09172,nurs_covnew,957,1,6894,16143,52360.0,0,122
train_09172,nurs_md2u,957,1,6894,15985,51706.0,0,122
train_09172,nurs_qc,957,1,6894,16302,52138.0,0,122
train_09172,random-path,957,1,6894,16481,51258.0,0,122
train_09173,bfs,984,3,7050,67938,2225173.0,0,121
train_09173,dfs,984,2,7036,59304,2198121.0,0,121
train_09173,nurs_covnew,984,2,7039,54673,2216425.0,0,121
train_09173,nurs_md2u,984,2,7039,59244,2221836.0,0,121
train_09173,nurs_qc,984,2,7039,61847,2224665.0,0,121
train_09173,random-path,984,2,7039,66357,2238838.0,0,121
train_09188,bfs,1297,2,7084,83286,134401.0,0,180
train_09188,dfs,1297,2,7084,89504,139787.0,0,180
train_09188,nurs_covnew,1297,2,7084,81370,134032.0,0,180
train_09188,nurs_md2u,1297,2,7084,81557,134620.0,0,180
train_09188,nurs_qc,1297,2,7084,82133,135247.0,0,180
train_09188,random-path,1297,2,7084,81662,132578.0,0,180
train_09191,bfs,970,1,6886,14547,48770.0,0,120
train_09191,dfs,970,1,6886,11086,45510.0,0,120
train_09191,nurs_covnew,970,1,6886,13411,49567.0,0,120
train_09191,nurs_md2u,970,1,6886,14781,50881.0,0,120
train_09191,nurs_qc,970,1,6886,12706,48400.0,0,120
train_09191,random-path,970,1,6886,11370,46476.0,0,120
train_09203,bfs,956,1,6892,12368,46926.0,0,124
train_09203,dfs,956,1,6892,10969,45825.0,0,124
train_09203,nurs_covnew,956,1,6892,12408,48425.0,0,124
train_09203,nurs_md2u,956,1,6892,13131,49683.0,0,124
train_09203,nurs_qc,956,1,6892,11810,47815.0,0,124
train_09203,random-path,956,1,6892,11801,46365.0,0,124
train_09346,bfs,928,1,6881,2,34765.0,0,177
train_09346,dfs,928,1,6881,2,34847.0,0,177
train_09346,nurs_covnew,928,1,6881,2,36865.0,0,177
train_09346,nurs_md2u,928,1,6881,2,36790.0,0,177
train_09346,nurs_qc,928,1,6881,2,36356.0,0,177
train_09346,random-path,928,1,6881,2,34818.0,0,177
train_09351,bfs,936,1,6886,15122,64968.0,0,119
train_09351,dfs,936,1,6886,13079,62791.0,0,119
train_09351,nurs_covnew,936,1,6886,14972,66427.0,0,119
train_09351,nurs_md2u,936,1,6886,12698,64077.0,0,119
train_09351,nurs_qc,936,1,6886,11575,62299.0,0,119
train_09351,random-path,936,1,6886,12034,61946.0,0,119
train_09354,bfs,942,1,6886,12522,46798.0,0,122
train_09354,dfs,942,1,6886,11182,45594.0,0,122
train_09354,nurs_covnew,942,1,6886,11686,47685.0,0,122
train_09354,nurs_md2u,942,1,6886,12354,48505.0,0,122
train_09354,nurs_qc,942,1,6886,13482,49045.0,0,122
train_09354,random-path,942,1,6886,13398,47701.0,0,122
train_09403,bfs,945,1,6887,12034,46361.0,0,120
train_09403,dfs,945,1,6887,11510,46142.0,0,120
train_09403,nurs_covnew,945,1,6887,11339,47323.0,0,120
train_09403,nurs_md2u,945,1,6887,10709,47678.0,0,120
train_09403,nurs_qc,945,1,6887,12162,48147.0,0,120
train_09403,random-path,945,1,6887,11697,45953.0,0,120
train_09425,bfs,938,1,6886,14548,51983.0,0,130
train_09425,dfs,938,1,6886,12952,50678.0,0,130
train_09425,nurs_covnew,938,1,6886,11968,50984.0,0,130
train_09425,nurs_md2u,938,1,6886,11699,50366.0,0,130
train_09425,nurs_qc,938,1,6886,12675,51799.0,0,130
train_09425,random-path,938,1,6886,12814,49664.0,0,130
train_09461,bfs,963,1,6888,13773,48443.0,0,128
train_09461,dfs,963,1,6888,12321,47143.0,0,128
train_09461,nurs_covnew,963,1,6888,12192,48151.0,0,128
train_09461,nurs_md2u,963,1,6888,12848,48850.0,0,128
train_09461,nurs_qc,963,1,6888,12864,48889.0,0,128
train_09461,random-path,963,1,6888,13282,48085.0,0,128
train_09499,bfs,1212,5,99723,2135951,5677545.0,0,126
train_09499,dfs,1212,5,99723,2006815,5531624.0,0,126
train_09499,nurs_covnew,1212,5,99723,2291273,5956571.0,0,126
train_09499,nurs_md2u,1212,5,99723,2282493,5947125.0,0,126
train_09499,nurs_qc,1212,5,99723,2299155,5973669.0,0,126
train_09499,random-path,1212,5,99723,2246146,5910733.0,0,126
train_09510,bfs,1016,363,25233,1404515,1640837.0,0,119
train_09510,dfs,1016,363,25233,1239495,1397702.0,0,119
train_09510,nurs_covnew,1016,363,25233,1184438,1350738.0,0,119
train_09510,nurs_md2u,1016,363,25233,1303593,1550340.0,0,119
train_09510,nurs_qc,1016,363,25233,1203758,1355188.0,0,119
train_09510,random-path,1016,363,25233,1261376,1453364.0,0,119
train_09513,bfs,944,1,6886,12039,46439.0,0,118
train_09513,dfs,944,1,6886,12847,47568.0,0,118
train_09513,nurs_covnew,944,1,6886,11870,47774.0,0,118
train_09513,nurs_md2u,944,1,6886,13196,49514.0,0,118
train_09513,nurs_qc,944,1,6886,12669,49235.0,0,118
train_09513,random-path,944,1,6886,11725,47092.0,0,118
train_09559,bfs,938,1,6886,11748,46423.0,0,117
train_09559,dfs,938,1,6886,14035,48785.0,0,117
train_09559,nurs_covnew,938,1,6886,11644,47430.0,0,117
train_09559,nurs_md2u,938,1,6886,12281,48523.0,0,117
train_09559,nurs_qc,938,1,6886,11910,47461.0,0,117
train_09559,random-path,938,1,6886,12124,46558.0,0,117
train_09592,bfs,1096,5,7159,13659113,14347164.0,0,187
train_09592,dfs,1096,5,7319,11980533,12314151.0,0,187
train_09592,nurs_covnew,1092,5,7220,13846407,14537033.0,0,187
train_09592,nurs_md2u,1092,5,7220,13830657,14521758.0,0,187
train_09592,nurs_qc,1039,5,7133,13795814,14487298.0,0,187
train_09592,random-path,1096,5,7384,11975060,12292057.0,0,187
train_09628,bfs,941,1,6886,12610,47886.0,0,122
train_09628,dfs,941,1,6886,12612,47708.0,0,122
train_09628,nurs_covnew,941,1,6886,12219,48431.0,0,122
train_09628,nurs_md2u,941,1,6886,11716,48722.0,0,122
train_09628,nurs_qc,941,1,6886,11421,47470.0,0,122
train_09628,random-path,941,1,6886,12297,46814.0,0,122
train_09659,bfs,990,6,7082,11465469,12735424.0,0,124
train_09659,dfs,989,6,7087,12902438,14173928.0,0,124
train_09659,nurs_covnew,990,6,7092,12849206,14107369.0,0,124
train_09659,nurs_md2u,990,6,7092,12942985,14218397.0,0,124
train_09659,nurs_qc,990,6,7111,12944133,14228717.0,0,124
train_09659,random-path,990,6,7088,12866986,14128709.0,0,124
train_09719,bfs,950,1,6886,13422,48829.0,0,116
train_09719,dfs,950,1,6886,12075,47202.0,0,116
train_09719,nurs_covnew,950,1,6886,12434,48219.0,0,116
train_09719,nurs_md2u,950,1,6886,12188,48192.0,0,116
train_09719,nurs_qc,950,1,6886,13752,49966.0,0,116
train_09719,random-path,950,1,6886,12021,46621.0,0,116
train_09766,bfs,1217,7,5011232,9974717,17513616.0,0,125
train_09766,dfs,1188,43,5030269,10013964,17504316.0,0,125
train_09766,nurs_covnew,1217,9,5016535,9676189,17695354.0,0,125
train_09766,nurs_md2u,1217,9,5017342,9690567,17658898.0,0,125
train_09766,nurs_qc,1217,9,5017342,9701260,17504197.0,0,125
train_09766,random-path,1217,9,5014609,9669766,17183440.0,0,125
train_09821,bfs,941,1,6889,13496,48579.0,0,117
train_09821,dfs,941,1,6889,12103,46914.0,0,117
train_09821,nurs_covnew,941,1,6889,12049,47716.0,0,117
train_09821,nurs_md2u,941,1,6889,12723,49093.0,0,117
train_09821,nurs_qc,941,1,6889,12919,48842.0,0,117
train_09821,random-path,941,1,6889,12248,47024.0,0,117
train_09826,bfs,959,1,10103134,13241,10055191.0,0,123
train_09826,dfs,959,1,10106113,13275,10056564.0,0,123
train_09826,nurs_covnew,959,1,9699698,13229,10057125.0,0,123
train_09826,nurs_md2u,959,1,9865937,13464,10057942.0,0,123
train_09826,nurs_qc,959,1,9823969,13623,10057082.0,0,123
train_09826,random-path,959,1,10129615,12671,10055884.0,0,123
train_09837,bfs,940,1,6886,12299,47689.0,0,123
train_09837,dfs,940,1,6886,14377,49530.0,0,123
train_09837,nurs_covnew,940,1,6886,12151,49044.0,0,123
train_09837,nurs_md2u,940,1,6886,14977,52617.0,0,123
train_09837,nurs_qc,940,1,6886,11997,49386.0,0,123
train_09837,random-path,940,1,6886,12675,48097.0,0,123
train_09867,bfs,0,0,0,0,1047.0,0,118
train_09867,dfs,961,86,7195,24674909,33337891.0,0,118
train_09867,nurs_covnew,961,86,7195,25463661,34382942.0,0,118
train_09867,nurs_md2u,961,86,7195,25748491,34417408.0,0,118
train_09867,nurs_qc,961,86,7195,25135674,33813711.0,0,118
train_09867,random-path,961,86,7195,24212559,32839325.0,0,118
train_09873,bfs,1035,55,9836,173899,228397.0,0,118
train_09873,dfs,1035,55,9836,146825,198907.0,0,118
train_09873,nurs_covnew,1035,55,9836,130237,183437.0,0,118
train_09873,nurs_md2u,1035,55,9836,131798,185571.0,0,118
train_09873,nurs_qc,1035,55,9836,128269,181118.0,0,118
train_09873,random-path,1035,55,9836,145993,197907.0,0,118
train_09925,bfs,946,1,6886,11968,47313.0,0,178
train_09925,dfs,946,1,6886,12676,46873.0,0,178
train_09925,nurs_covnew,946,1,6886,12040,49139.0,0,178
train_09925,nurs_md2u,946,1,6886,12145,49244.0,0,178
train_09925,nurs_qc,946,1,6886,12500,50034.0,0,178
train_09925,random-path,946,1,6886,12943,48410.0,0,178
train_09942,bfs,937,1,6886,11866,46443.0,0,120
train_09942,dfs,937,1,6886,13916,48663.0,0,120
train_09942,nurs_covnew,937,1,6886,13654,50385.0,0,120
train_09942,nurs_md2u,937,1,6886,12332,49365.0,0,120
train_09942,nurs_qc,937,1,6886,11355,47290.0,0,120
train_09942,random-path,937,1,6886,14425,48354.0,0,120
train_09959,bfs,953,1,6889,12357,46925.0,0,122
train_09959,dfs,953,1,6889,12122,46702.0,0,122
train_09959,nurs_covnew,953,1,6889,12784,49034.0,0,122
train_09959,nurs_md2u,953,1,6889,12805,48808.0,0,122
train_09959,nurs_qc,953,1,6889,12276,48228.0,0,122
train_09959,random-path,953,1,6889,12820,46977.0,0,122
train_10013,bfs,1062,8712,1544650,6625002,10157611.0,0,119
train_10013,dfs,1062,7439,1383051,7005878,10034403.0,0,119
train_10013,nurs_covnew,1062,4333,572467,8084733,10435402.0,0,119
train_10013,nurs_md2u,1062,4379,579526,8063585,10421421.0,0,119
train_10013,nurs_qc,1062,4436,593493,8035086,10412680.0,0,119
train_10013,random-path,1062,7913,1290086,6242339,10051872.0,0,119
train_10045,bfs,936,1,6886,13910,48019.0,0,118
train_10045,dfs,936,1,6886,11138,46348.0,0,118
train_10045,nurs_covnew,936,1,6886,12006,48536.0,0,118
train_10045,nurs_md2u,936,1,6886,11868,47820.0,0,118
train_10045,nurs_qc,936,1,6886,11859,47562.0,0,118
train_10045,random-path,936,1,6886,11980,46539.0,0,118
train_10058,bfs,953,1,6891,29936,734315.0,0,127
train_10058,dfs,953,1,6891,30266,745271.0,0,127
train_10058,nurs_covnew,953,1,6891,29790,737347.0,0,127
train_10058,nurs_md2u,953,1,6891,32181,739919.0,0,127
train_10058,nurs_qc,953,1,6891,30671,739042.0,0,127
train_10058,random-path,953,1,6891,29998,735447.0,0,127
train_10133,bfs,961,1,6901,14133,145042.0,0,120
train_10133,dfs,961,1,6901,14805,144568.0,0,120
train_10133,nurs_covnew,961,1,6901,15187,146231.0,0,120
train_10133,nurs_md2u,961,1,6901,15341,153292.0,0,120
train_10133,nurs_qc,961,1,6901,14828,153436.0,0,120
train_10133,random-path,961,1,6901,15987,146071.0,0,120
train_10151,bfs,1017,9,7094,18258297,18308606.0,0,118
train_10151,dfs,1017,7,7049,12221073,12268951.0,0,118
train_10151,nurs_covnew,1017,10,7114,11029525,11073026.0,0,118
train_10151,nurs_md2u,1017,10,7114,11107880,11159078.0,0,118
train_10151,nurs_qc,1017,8,7107,10616281,10658312.0,0,118
train_10151,random-path,1021,9,7097,11166337,11214913.0,0,118
train_10157,bfs,944,1,6890,15112,50471.0,0,129
train_10157,dfs,944,1,6890,19496,55362.0,0,129
train_10157,nurs_covnew,944,1,6890,13763,50254.0,0,129
train_10157,nurs_md2u,944,1,6890,16974,53235.0,0,129
train_10157,nurs_qc,944,1,6890,13636,49381.0,0,129
train_10157,random-path,944,1,6890,14228,49535.0,0,129
train_10187,bfs,930,1,6885,13338,48545.0,0,176
train_10187,dfs,930,1,6885,13386,47909.0,0,176
train_10187,nurs_covnew,930,1,6885,12193,49208.0,0,176
train_10187,nurs_md2u,930,1,6885,12241,48598.0,0,176
train_10187,nurs_qc,930,1,6885,12779,49616.0,0,176
train_10187,random-path,930,1,6885,11764,46586.0,0,176
train_10192,bfs,944,1,6886,12326,48486.0,0,115
train_10192,dfs,944,1,6886,13940,48651.0,0,115
train_10192,nurs_covnew,944,1,6886,10581,46292.0,0,115
train_10192,nurs_md2u,944,1,6886,12486,48820.0,0,115
train_10192,nurs_qc,944,1,6886,12941,48084.0,0,115
train_10192,random-path,944,1,6886,13788,48548.0,0,115
train_10205,bfs,941,1,6886,10447,44375.0,0,118
train_10205,dfs,941,1,6886,12544,48081.0,0,118
train_10205,nurs_covnew,941,1,6886,11051,47181.0,0,118
train_10205,nurs_md2u,941,1,6886,10862,46865.0,0,118
train_10205,nurs_qc,941,1,6886,10436,46676.0,0,118
train_10205,random-path,941,1,6886,11891,46211.0,0,118
train_10259,bfs,942,1,6886,11825,46717.0,0,118
train_10259,dfs,942,1,6886,11113,47291.0,0,118
train_10259,nurs_covnew,942,1,6886,12261,48270.0,0,118
train_10259,nurs_md2u,942,1,6886,12463,49805.0,0,118
train_10259,nurs_qc,942,1,6886,12892,49514.0,0,118
train_10259,random-path,942,1,6886,11300,45429.0,0,118
train_10287,bfs,1016,3,6931,17504186,18600319.0,0,118
train_10287,dfs,983,2,6914,17553819,18650451.0,0,118
train_10287,nurs_covnew,1016,3,6938,17701124,18801867.0,0,118
train_10287,nurs_md2u,1016,3,6938,17702313,18801260.0,0,118
train_10287,nurs_qc,1016,3,6938,17669453,18765893.0,0,118
train_10287,random-path,1016,3,6932,17765444,18860461.0,0,118
train_10291,bfs,1326,88,18380,10493227,10730582.0,0,175
train_10291,dfs,1326,88,9494,11215678,11450676.0,0,175
train_10291,nurs_covnew,968,93,8491,11737690,11972785.0,0,175
train_10291,nurs_md2u,968,93,8491,11564982,11794113.0,0,175
train_10291,nurs_qc,968,93,8404,9968165,10127971.0,0,175
train_10291,random-path,1326,87,18589,10391522,10685019.0,0,175
train_10320,bfs,942,1,6886,12878,59567.0,0,121
train_10320,dfs,942,1,6886,13596,60968.0,0,121
train_10320,nurs_covnew,942,1,6886,12711,60900.0,0,121
train_10320,nurs_md2u,942,1,6886,12322,60215.0,0,121
train_10320,nurs_qc,942,1,6886,14265,62096.0,0,121
train_10320,random-path,942,1,6886,12768,59194.0,0,121
train_10341,bfs,964,4,6930,323585,2529781.0,0,119
train_10341,dfs,964,3,6921,313022,2513287.0,0,119
train_10341,nurs_covnew,964,3,6924,310975,2505165.0,0,119
train_10341,nurs_md2u,964,3,6924,310058,2520985.0,0,119
train_10341,nurs_qc,964,3,6924,321235,2513700.0,0,119
train_10341,random-path,964,3,6923,331873,2527258.0,0,119
train_10353,bfs,957,1,6887,12158,47271.0,0,119
train_10353,dfs,957,1,6887,13009,48325.0,0,119
train_10353,nurs_covnew,957,1,6887,12769,49624.0,0,119
train_10353,nurs_md2u,957,1,6887,11939,50267.0,0,119
train_10353,nurs_qc,957,1,6887,13630,50169.0,0,119
train_10353,random-path,957,1,6887,13228,47658.0,0,119
train_10356,bfs,945,1,6886,17867,218005.0,0,120
train_10356,dfs,945,1,6886,17367,218031.0,0,120
train_10356,nurs_covnew,945,1,6886,18133,220586.0,0,120
train_10356,nurs_md2u,945,1,6886,17660,219244.0,0,120
train_10356,nurs_qc,945,1,6886,17733,219147.0,0,120
train_10356,random-path,945,1,6886,17924,217861.0,0,120
train_10394,bfs,940,1,6886,11282,46558.0,0,115
train_10394,dfs,940,1,6886,13742,48201.0,0,115
train_10394,nurs_covnew,940,1,6886,11593,47426.0,0,115
train_10394,nurs_md2u,940,1,6886,12631,48878.0,0,115
train_10394,nurs_qc,940,1,6886,11387,46925.0,0,115
train_10394,random-path,940,1,6886,12490,46755.0,0,115
train_10399,bfs,960,1,6894,16707,51616.0,0,125
train_10399,dfs,960,1,6894,17521,52167.0,0,125
train_10399,nurs_covnew,960,1,6894,17675,54642.0,0,125
train_10399,nurs_md2u,960,1,6894,16509,52869.0,0,125
train_10399,nurs_qc,960,1,6894,18322,54829.0,0,125
train_10399,random-path,960,1,6894,20274,55618.0,0,125
train_10473,bfs,941,1,6886,12582,47318.0,0,117
train_10473,dfs,941,1,6886,13344,47560.0,0,117
train_10473,nurs_covnew,941,1,6886,13642,49986.0,0,117
train_10473,nurs_md2u,941,1,6886,12486,49246.0,0,117
train_10473,nurs_qc,941,1,6886,12867,48957.0,0,117
train_10473,random-path,941,1,6886,12455,47706.0,0,117
train_10530,bfs,938,1,6886,32558,816942.0,0,119
train_10530,dfs,938,1,6886,33996,817601.0,0,119
train_10530,nurs_covnew,938,1,6886,32874,818564.0,0,119
train_10530,nurs_md2u,938,1,6886,32525,958350.0,0,119
train_10530,nurs_qc,938,1,6886,32573,816872.0,0,119
train_10530,random-path,938,1,6886,30395,816148.0,0,119
train_10537,bfs,978,1,7068,15752,105567.0,0,123
train_10537,dfs,978,1,7068,19296,109241.0,0,123
train_10537,nurs_covnew,978,1,7068,17067,108484.0,0,123
train_10537,nurs_md2u,978,1,7068,16222,107273.0,0,123
train_10537,nurs_qc,978,1,7068,15852,106580.0,0,123
train_10537,random-path,978,1,7068,17524,107312.0,0,123
train_10540,bfs,934,1,6881,13,34944.0,0,128
train_10540,dfs,934,1,6881,14,35094.0,0,128
train_10540,nurs_covnew,934,1,6881,14,36219.0,0,128
train_10540,nurs_md2u,934,1,6881,13,36271.0,0,128
train_10540,nurs_qc,934,1,6881,13,36233.0,0,128
train_10540,random-path,934,1,6881,13,34813.0,0,128
train_10553,bfs,934,1,6882,720,47610.0,0,132
train_10553,dfs,934,1,6882,716,47275.0,0,132
train_10553,nurs_covnew,934,1,6882,709,49229.0,0,132
train_10553,nurs_md2u,934,1,6882,748,49409.0,0,132
train_10553,nurs_qc,934,1,6882,711,49280.0,0,132
train_10553,random-path,934,1,6882,699,46918.0,0,132
train_10556,bfs,946,1,6886,11910,47392.0,0,118
train_10556,dfs,946,1,6886,14217,48609.0,0,118
train_10556,nurs_covnew,946,1,6886,12517,48570.0,0,118
train_10556,nurs_md2u,946,1,6886,12590,48930.0,0,118
train_10556,nurs_qc,946,1,6886,12193,48200.0,0,118
train_10556,random-path,946,1,6886,11681,46021.0,0,118
train_10561,bfs,947,1,6888,14160,49544.0,0,126
train_10561,dfs,947,1,6888,12294,48926.0,0,126
train_10561,nurs_covnew,947,1,6888,14243,51197.0,0,126
train_10561,nurs_md2u,947,1,6888,12174,49141.0,0,126
train_10561,nurs_qc,947,1,6888,12447,49093.0,0,126
train_10561,random-path,947,1,6888,11808,47064.0,0,126
train_10578,bfs,925,1,10146787,0,10036316.0,0,123
train_10578,dfs,925,1,10195546,0,10035988.0,0,123
train_10578,nurs_covnew,925,1,9588088,0,10037065.0,0,123
train_10578,nurs_md2u,925,1,9590231,0,10037308.0,0,123
train_10578,nurs_qc,925,1,9887933,0,10037426.0,0,123
train_10578,random-path,925,1,10212189,0,10036350.0,0,123
train_10596,bfs,933,1,6886,11817,46722.0,0,117
train_10596,dfs,933,1,6886,14984,50102.0,0,117
train_10596,nurs_covnew,933,1,6886,11438,47559.0,0,117
train_10596,nurs_md2u,933,1,6886,12171,47892.0,0,117
train_10596,nurs_qc,933,1,6886,13726,50156.0,0,117
train_10596,random-path,933,1,6886,11970,46176.0,0,117
train_10630,bfs,938,1,6886,12564,47119.0,0,118
train_10630,dfs,938,1,6886,11961,46634.0,0,118
train_10630,nurs_covnew,938,1,6886,12303,48638.0,0,118
train_10630,nurs_md2u,938,1,6886,10646,46622.0,0,118
train_10630,nurs_qc,938,1,6886,13496,49723.0,0,118
train_10630,random-path,938,1,6886,12387,47608.0,0,118
train_10651,bfs,954,1,6886,10508,45045.0,0,140
train_10651,dfs,954,1,6886,11678,47253.0,0,140
train_10651,nurs_covnew,954,1,6886,11906,48675.0,0,140
train_10651,nurs_md2u,954,1,6886,11468,47890.0,0,140
train_10651,nurs_qc,954,1,6886,12358,48343.0,0,140
train_10651,random-path,954,1,6886,14180,50080.0,0,140
train_10656,bfs,946,1,6892,14475,51281.0,0,121
train_10656,dfs,946,1,6892,14433,51447.0,0,121
train_10656,nurs_covnew,946,1,6892,16683,55047.0,0,121
train_10656,nurs_md2u,946,1,6892,15058,53892.0,0,121
train_10656,nurs_qc,946,1,6892,14669,52876.0,0,121
train_10656,random-path,946,1,6892,14885,51426.0,0,121
train_10685,bfs,942,1,6886,11646,47106.0,0,136
train_10685,dfs,942,1,6886,12467,46665.0,0,136
train_10685,nurs_covnew,942,1,6886,10575,46618.0,0,136
train_10685,nurs_md2u,942,1,6886,11524,47766.0,0,136
train_10685,nurs_qc,942,1,6886,12037,47835.0,0,136
train_10685,random-path,942,1,6886,12132,46722.0,0,136
train_10687,bfs,1017,48,7745,10120849,10205632.0,0,118
train_10687,dfs,974,30,7113,10013499,10075639.0,0,118
train_10687,nurs_covnew,1013,43,7397,10937912,11021745.0,0,118
train_10687,nurs_md2u,1013,41,7375,10639358,10722530.0,0,118
train_10687,nurs_qc,1017,41,7649,10893623,10952943.0,0,118
train_10687,random-path,1017,46,7403,10056919,10140759.0,0,118
train_10803,bfs,1001,1,6934,14607,51976.0,0,122
train_10803,dfs,1001,1,6934,17860,55909.0,0,122
train_10803,nurs_covnew,1001,1,6934,14685,53990.0,0,122
train_10803,nurs_md2u,1001,1,6934,14866,53692.0,0,122
train_10803,nurs_qc,1001,1,6934,15739,54985.0,0,122
train_10803,random-path,1001,1,6934,14861,52681.0,0,122
train_10805,bfs,1409,5,7665,92564,207491.0,0,188
train_10805,dfs,1409,5,7665,94717,207882.0,0,188
train_10805,nurs_covnew,1409,5,7665,98552,219126.0,0,188
train_10805,nurs_md2u,1409,5,7665,93116,213213.0,0,188
train_10805,nurs_qc,1409,5,7665,103393,224252.0,0,188
train_10805,random-path,1409,5,7665,95121,216707.0,0,188
train_10843,bfs,949,1,6886,12798,48005.0,0,182
train_10843,dfs,949,1,6886,14095,49291.0,0,182
train_10843,nurs_covnew,949,1,6886,11840,48370.0,0,182
train_10843,nurs_md2u,949,1,6886,10919,48788.0,0,182
train_10843,nurs_qc,949,1,6886,12920,51656.0,0,182
train_10843,random-path,949,1,6886,12136,46761.0,0,182
train_10856,bfs,999,1,6935,15814,59094.0,0,181
train_10856,dfs,999,1,6935,15094,58452.0,0,181
train_10856,nurs_covnew,999,1,6935,14805,59757.0,0,181
train_10856,nurs_md2u,999,1,6935,16764,61575.0,0,181
train_10856,nurs_qc,999,1,6935,15023,59767.0,0,181
train_10856,random-path,999,1,6935,14690,57438.0,0,181
train_10863,bfs,947,1,6890,15684,54868.0,0,117
train_10863,dfs,947,1,6890,14981,54831.0,0,117
train_10863,nurs_covnew,947,1,6890,16509,57374.0,0,117
train_10863,nurs_md2u,947,1,6890,13466,54041.0,0,117
train_10863,nurs_qc,947,1,6890,15756,55874.0,0,117
train_10863,random-path,947,1,6890,13279,52324.0,0,117
train_10872,bfs,942,1,6886,12605,46999.0,0,184
train_10872,dfs,942,1,6886,12283,46490.0,0,184
train_10872,nurs_covnew,942,1,6886,12289,50003.0,0,184
train_10872,nurs_md2u,942,1,6886,11573,47951.0,0,184
train_10872,nurs_qc,942,1,6886,12190,48278.0,0,184
train_10872,random-path,942,1,6886,12095,46389.0,0,184
train_10874,bfs,942,1,6886,12262,48207.0,0,184
train_10874,dfs,942,1,6886,14365,49951.0,0,184
train_10874,nurs_covnew,942,1,6886,12502,50513.0,0,184
train_10874,nurs_md2u,942,1,6886,13353,50926.0,0,184
train_10874,nurs_qc,942,1,6886,14529,51673.0,0,184
train_10874,random-path,942,1,6886,12198,47608.0,0,184
train_10891,bfs,1465,402,92726,9068968,10179436.0,0,192
train_10891,dfs,1465,400,92448,9005102,10108969.0,0,192
train_10891,nurs_covnew,1465,401,92551,9049713,10128939.0,0,192
train_10891,nurs_md2u,1465,396,91551,9012737,10120758.0,0,192
train_10891,nurs_qc,1465,450,103017,9242167,10091424.0,0,192
train_10891,random-path,1465,399,92236,8714807,10115544.0,0,192
train_10907,bfs,933,1,6886,12832,47125.0,0,119
train_10907,dfs,933,1,6886,14874,50427.0,0,119
train_10907,nurs_covnew,933,1,6886,14662,51080.0,0,119
train_10907,nurs_md2u,933,1,6886,11973,48393.0,0,119
train_10907,nurs_qc,933,1,6886,12059,48236.0,0,119
train_10907,random-path,933,1,6886,11613,46586.0,0,119
train_10947,bfs,940,1,6890,12307,47122.0,0,121
train_10947,dfs,940,1,6890,12084,46699.0,0,121
train_10947,nurs_covnew,940,1,6890,11804,48233.0,0,121
train_10947,nurs_md2u,940,1,6890,12308,48346.0,0,121
train_10947,nurs_qc,940,1,6890,12581,48499.0,0,121
train_10947,random-path,940,1,6890,11085,45170.0,0,121
train_10980,bfs,951,1,13295,12331,53239.0,0,118
train_10980,dfs,951,1,13295,13489,53882.0,0,118
train_10980,nurs_covnew,951,1,13295,12178,54560.0,0,118
train_10980,nurs_md2u,951,1,13295,11777,54252.0,0,118
train_10980,nurs_qc,951,1,13295,12157,55012.0,0,118
train_10980,random-path,951,1,13295,12463,55129.0,0,118
train_10986,bfs,946,1,6889,11931,46791.0,0,122
train_10986,dfs,946,1,6889,11871,47214.0,0,122
train_10986,nurs_covnew,946,1,6889,11960,48364.0,0,122
train_10986,nurs_md2u,946,1,6889,13790,50181.0,0,122
train_10986,nurs_qc,946,1,6889,11501,47466.0,0,122
train_10986,random-path,946,1,6889,12519,47227.0,0,122
train_10989,bfs,1001,3,7032,29296,66246.0,0,116
train_10989,dfs,1001,3,7032,24997,62350.0,0,116
train_10989,nurs_covnew,1001,3,7032,27507,65521.0,0,116
train_10989,nurs_md2u,1001,3,7032,23846,62210.0,0,116
train_10989,nurs_qc,1001,3,7032,24478,62329.0,0,116
train_10989,random-path,1001,3,7032,23746,60972.0,0,116
train_11014,bfs,940,1,6886,11994,46527.0,0,115
train_11014,dfs,940,1,6886,11381,46328.0,0,115
train_11014,nurs_covnew,940,1,6886,11779,47284.0,0,115
train_11014,nurs_md2u,940,1,6886,12610,48537.0,0,115
train_11014,nurs_qc,940,1,6886,14257,50088.0,0,115
train_11014,random-path,940,1,6886,11650,46003.0,0,115
train_11015,bfs,942,1,6891,20855,55788.0,0,122
train_11015,dfs,942,1,6891,18886,53881.0,0,122
train_11015,nurs_covnew,942,1,6891,23830,60048.0,0,122
train_11015,nurs_md2u,942,1,6891,19203,55030.0,0,122
train_11015,nurs_qc,942,1,6891,20262,56612.0,0,122
train_11015,random-path,942,1,6891,19044,54576.0,0,122
train_11030,bfs,942,1,6886,11542,46528.0,0,123
train_11030,dfs,942,1,6886,12964,47932.0,0,123
train_11030,nurs_covnew,942,1,6886,12609,48828.0,0,123
train_11030,nurs_md2u,942,1,6886,10657,46793.0,0,123
train_11030,nurs_qc,942,1,6886,12003,48194.0,0,123
train_11030,random-path,942,1,6886,13147,48621.0,0,123
train_11047,bfs,937,1,6886,10931,47175.0,0,121
train_11047,dfs,937,1,6886,11853,48633.0,0,121
train_11047,nurs_covnew,937,1,6886,14136,52972.0,0,121
train_11047,nurs_md2u,937,1,6886,11963,49703.0,0,121
train_11047,nurs_qc,937,1,6886,11650,49818.0,0,121
train_11047,random-path,937,1,6886,12872,49283.0,0,121
train_11053,bfs,948,1,6890,15102,54387.0,0,134
train_11053,dfs,948,1,6890,16379,55786.0,0,134
train_11053,nurs_covnew,948,1,6890,15529,56447.0,0,134
train_11053,nurs_md2u,948,1,6890,15334,56126.0,0,134
train_11053,nurs_qc,948,1,6890,14474,54953.0,0,134
train_11053,random-path,948,1,6890,14310,53151.0,0,134
train_11071,bfs,952,1,6886,12267,47011.0,0,135
train_11071,dfs,952,1,6886,11677,45931.0,0,135
train_11071,nurs_covnew,952,1,6886,13891,49438.0,0,135
train_11071,nurs_md2u,952,1,6886,11766,47506.0,0,135
train_11071,nurs_qc,952,1,6886,12151,47816.0,0,135
train_11071,random-path,952,1,6886,11369,45773.0,0,135
train_11073,bfs,982,2,6927,31014,67100.0,0,117
train_11073,dfs,982,2,6927,27999,64315.0,0,117
train_11073,nurs_covnew,982,2,6927,27076,65817.0,0,117
train_11073,nurs_md2u,982,2,6927,26646,63971.0,0,117
train_11073,nurs_qc,982,2,6927,28404,66100.0,0,117
train_11073,random-path,982,2,6927,28398,64792.0,0,117
train_11080,bfs,930,1,6888,39067,73134.0,0,115
train_11080,dfs,930,1,6888,41269,75341.0,0,115
train_11080,nurs_covnew,930,1,6888,39828,75599.0,0,115
train_11080,nurs_md2u,930,1,6888,43464,79045.0,0,115
train_11080,nurs_qc,930,1,6888,39556,75041.0,0,115
train_11080,random-path,930,1,6888,39262,73342.0,0,115
train_11085,bfs,939,1,6886,12946,48127.0,0,116
train_11085,dfs,939,1,6886,12194,46801.0,0,116
train_11085,nurs_covnew,939,1,6886,12149,48657.0,0,116
train_11085,nurs_md2u,939,1,6886,12288,48422.0,0,116
train_11085,nurs_qc,939,1,6886,12099,48293.0,0,116
train_11085,random-path,939,1,6886,14046,49160.0,0,116
train_11095,bfs,953,1,6893,17454,53602.0,0,118
train_11095,dfs,953,1,6893,14828,50278.0,0,118
train_11095,nurs_covnew,953,1,6893,15247,52735.0,0,118
train_11095,nurs_md2u,953,1,6893,14866,52954.0,0,118
train_11095,nurs_qc,953,1,6893,16033,53544.0,0,118
train_11095,random-path,953,1,6893,14249,50703.0,0,118
train_11126,bfs,948,1,6888,14551,48671.0,0,119
train_11126,dfs,948,1,6888,12225,46475.0,0,119
train_11126,nurs_covnew,948,1,6888,11638,47153.0,0,119
train_11126,nurs_md2u,948,1,6888,11589,47072.0,0,119
train_11126,nurs_qc,948,1,6888,12509,48368.0,0,119
train_11126,random-path,948,1,6888,11842,46756.0,0,119
train_11179,bfs,950,1,6886,11717,46239.0,0,125
train_11179,dfs,950,1,6886,14070,48820.0,0,125
train_11179,nurs_covnew,950,1,6886,12071,50061.0,0,125
train_11179,nurs_md2u,950,1,6886,11763,48387.0,0,125
train_11179,nurs_qc,950,1,6886,12346,49726.0,0,125
train_11179,random-path,950,1,6886,14360,48951.0,0,125
train_11200,bfs,995,5,7110,46712,86615.0,0,116
train_11200,dfs,995,5,7110,56892,96440.0,0,116
train_11200,nurs_covnew,995,5,7110,48792,89844.0,0,116
train_11200,nurs_md2u,995,5,7110,48508,89436.0,0,116
train_11200,nurs_qc,995,5,7110,49093,90080.0,0,116
train_11200,random-path,995,5,7110,49810,89606.0,0,116
train_11207,bfs,958,1,6889,11175,45897.0,0,126
train_11207,dfs,958,1,6889,12396,47779.0,0,126
train_11207,nurs_covnew,958,1,6889,12208,48699.0,0,126
train_11207,nurs_md2u,958,1,6889,10842,47276.0,0,126
train_11207,nurs_qc,958,1,6889,11524,48209.0,0,126
train_11207,random-path,958,1,6889,11899,48216.0,0,126
train_11208,bfs,1003,5,7148,31034,70316.0,0,120
train_11208,dfs,1003,5,7148,34550,74259.0,0,120
train_11208,nurs_covnew,1003,5,7148,30689,71410.0,0,120
train_11208,nurs_md2u,1003,5,7148,32415,72742.0,0,120
train_11208,nurs_qc,1003,5,7148,36616,76661.0,0,120
train_11208,random-path,1003,5,7148,31854,71943.0,0,120
train_11227,bfs,946,1,6886,11861,64430.0,0,128
train_11227,dfs,946,1,6886,12686,63351.0,0,128
train_11227,nurs_covnew,946,1,6886,12880,65933.0,0,128
train_11227,nurs_md2u,946,1,6886,11843,66314.0,0,128
train_11227,nurs_qc,946,1,6886,11090,63553.0,0,128
train_11227,random-path,946,1,6886,13028,63856.0,0,128
train_11305,bfs,940,1,6886,12314,47121.0,0,183
train_11305,dfs,940,1,6886,11679,47035.0,0,183
train_11305,nurs_covnew,940,1,6886,11922,48887.0,0,183
train_11305,nurs_md2u,940,1,6886,11526,48717.0,0,183
train_11305,nurs_qc,940,1,6886,12194,49118.0,0,183
train_11305,random-path,940,1,6886,12352,47357.0,0,183
train_11326,bfs,944,1,6886,11719,46584.0,0,158
train_11326,dfs,944,1,6886,12636,46776.0,0,158
train_11326,nurs_covnew,944,1,6886,12257,48226.0,0,158
train_11326,nurs_md2u,944,1,6886,11586,54681.0,0,158
train_11326,nurs_qc,944,1,6886,10448,47236.0,0,158
train_11326,random-path,944,1,6886,11751,45934.0,0,158
train_11401,bfs,0,0,0,0,959.0,0,119
train_11401,dfs,0,0,0,0,991.0,0,119
train_11401,nurs_covnew,0,0,0,0,942.0,0,119
train_11401,nurs_md2u,0,0,0,0,985.0,0,119
train_11401,nurs_qc,0,0,0,0,944.0,0,119
train_11401,random-path,0,0,0,0,1012.0,0,119
train_11404,bfs,947,1,6887,14602,49659.0,0,123
train_11404,dfs,947,1,6887,13959,48659.0,0,123
train_11404,nurs_covnew,947,1,6887,12617,48902.0,0,123
train_11404,nurs_md2u,947,1,6887,12232,48406.0,0,123
train_11404,nurs_qc,947,1,6887,11965,48292.0,0,123
train_11404,random-path,947,1,6887,12166,46505.0,0,123
train_11412,bfs,962,1,6895,11864,50114.0,0,126
train_11412,dfs,962,1,6895,13363,51874.0,0,126
train_11412,nurs_covnew,962,1,6895,12847,52510.0,0,126
train_11412,nurs_md2u,962,1,6895,12026,51804.0,0,126
train_11412,nurs_qc,962,1,6895,12778,51388.0,0,126
train_11412,random-path,962,1,6895,12689,50129.0,0,126
train_11603,bfs,1097,1,7372667,0,10028221.0,0,131
train_11603,dfs,1097,1,7332515,0,10028516.0,0,131
train_11603,nurs_covnew,1097,1,7059414,0,10029520.0,0,131
train_11603,nurs_md2u,1097,1,6733487,0,10029130.0,0,131
train_11603,nurs_qc,1097,1,7170195,0,10029808.0,0,131
train_11603,random-path,1097,1,7351431,0,10028660.0,0,131
train_11610,bfs,1052,4,7039,159271,4686158.0,0,124
train_11610,dfs,990,2,6918,29809,2270963.0,0,124
train_11610,nurs_covnew,1048,5,7081,259812,4815328.0,0,124
train_11610,nurs_md2u,1048,5,7081,264626,4805248.0,0,124
train_11610,nurs_qc,1048,5,7148,272403,4830649.0,0,124
train_11610,random-path,990,2,6923,25090,2280942.0,0,124
train_11617,bfs,945,1,6891,11899,49105.0,0,118
train_11617,dfs,945,1,6891,14464,51881.0,0,118
train_11617,nurs_covnew,945,1,6891,13951,53074.0,0,118
train_11617,nurs_md2u,945,1,6891,12186,50824.0,0,118
train_11617,nurs_qc,945,1,6891,14060,52924.0,0,118
train_11617,random-path,945,1,6891,11849,49575.0,0,118
train_11641,bfs,948,1,6890,13730,47826.0,0,122
train_11641,dfs,948,1,6890,18837,53110.0,0,122
train_11641,nurs_covnew,948,1,6890,17189,53716.0,0,122
train_11641,nurs_md2u,948,1,6890,15050,51206.0,0,122
train_11641,nurs_qc,948,1,6890,15222,52131.0,0,122
train_11641,random-path,948,1,6890,14046,48144.0,0,122
train_11645,bfs,940,1,6886,13894,48443.0,0,119
train_11645,dfs,940,1,6886,13016,47496.0,0,119
train_11645,nurs_covnew,940,1,6886,12448,48941.0,0,119
train_11645,nurs_md2u,940,1,6886,10847,46820.0,0,119
train_11645,nurs_qc,940,1,6886,14268,50349.0,0,119
train_11645,random-path,940,1,6886,11962,46769.0,0,119
train_11672,bfs,933,1,6886,10271,46237.0,0,177
train_11672,dfs,933,1,6886,12680,48222.0,0,177
train_11672,nurs_covnew,933,1,6886,13035,50016.0,0,177
train_11672,nurs_md2u,933,1,6886,14515,51329.0,0,177
train_11672,nurs_qc,933,1,6886,13215,49741.0,0,177
train_11672,random-path,933,1,6886,10262,44976.0,0,177
train_11687,bfs,960,1,6886,13061,65197.0,0,128
train_11687,dfs,960,1,6886,12930,65252.0,0,128
train_11687,nurs_covnew,960,1,6886,12452,65993.0,0,128
train_11687,nurs_md2u,960,1,6886,12654,66573.0,0,128
train_11687,nurs_qc,960,1,6886,13694,67469.0,0,128
train_11687,random-path,960,1,6886,12949,65344.0,0,128
train_11699,bfs,942,1,6886,15186,49957.0,0,116
train_11699,dfs,942,1,6886,12319,47453.0,0,116
train_11699,nurs_covnew,942,1,6886,13428,49771.0,0,116
train_11699,nurs_md2u,942,1,6886,10134,46695.0,0,116
train_11699,nurs_qc,942,1,6886,11560,47262.0,0,116
train_11699,random-path,942,1,6886,10613,45687.0,0,116
train_11700,bfs,949,1,6889,11355,60032.0,0,127
train_11700,dfs,949,1,6889,12132,61523.0,0,127
train_11700,nurs_covnew,949,1,6889,11687,62440.0,0,127
train_11700,nurs_md2u,949,1,6889,13267,64126.0,0,127
train_11700,nurs_qc,949,1,6889,11524,61907.0,0,127
train_11700,random-path,949,1,6889,12494,61729.0,0,127
train_11702,bfs,953,1,6888,11737,49034.0,0,119
train_11702,dfs,953,1,6888,12071,49444.0,0,119
train_11702,nurs_covnew,953,1,6888,11635,51009.0,0,119
train_11702,nurs_md2u,953,1,6888,11348,50140.0,0,119
train_11702,nurs_qc,953,1,6888,13606,52585.0,0,119
train_11702,random-path,953,1,6888,13634,51095.0,0,119
train_11722,bfs,944,1,6886,11887,55996.0,0,119
train_11722,dfs,944,1,6886,11540,55487.0,0,119
train_11722,nurs_covnew,944,1,6886,11859,57003.0,0,119
train_11722,nurs_md2u,944,1,6886,11723,56755.0,0,119
train_11722,nurs_qc,944,1,6886,14052,58868.0,0,119
train_11722,random-path,944,1,6886,11907,56094.0,0,119
train_11779,bfs,946,1,6886,12153,47704.0,0,118
train_11779,dfs,946,1,6886,12321,47255.0,0,118
train_11779,nurs_covnew,946,1,6886,11895,48613.0,0,118
train_11779,nurs_md2u,946,1,6886,12358,49235.0,0,118
train_11779,nurs_qc,946,1,6886,12280,49577.0,0,118
train_11779,random-path,946,1,6886,12104,47576.0,0,118
train_11814,bfs,938,1,6886,11466,46881.0,0,116
train_11814,dfs,938,1,6886,14491,49425.0,0,116
train_11814,nurs_covnew,938,1,6886,10423,46181.0,0,116
train_11814,nurs_md2u,938,1,6886,12569,49039.0,0,116
train_11814,nurs_qc,938,1,6886,10738,47606.0,0,116
train_11814,random-path,938,1,6886,12245,47059.0,0,116
train_11851,bfs,1028,5,7118,91124,133758.0,0,127
train_11851,dfs,1028,5,7118,90352,132482.0,0,127
train_11851,nurs_covnew,1028,5,7118,83481,128035.0,0,127
train_11851,nurs_md2u,1028,5,7118,86401,131394.0,0,127
train_11851,nurs_qc,1028,5,7118,81472,131849.0,0,127
train_11851,random-path,1028,5,7118,84238,127498.0,0,127
train_11853,bfs,944,1,6886,11182,45168.0,0,118
train_11853,dfs,944,1,6886,12040,46117.0,0,118
train_11853,nurs_covnew,944,1,6886,10388,46388.0,0,118
train_11853,nurs_md2u,944,1,6886,11455,47305.0,0,118
train_11853,nurs_qc,944,1,6886,11232,47388.0,0,118
train_11853,random-path,944,1,6886,11644,46347.0,0,118
train_11885,bfs,934,1,6886,15532,146848.0,0,182
train_11885,dfs,934,1,6886,17688,148438.0,0,182
train_11885,nurs_covnew,934,1,6886,13920,147001.0,0,182
train_11885,nurs_md2u,934,1,6886,14097,147600.0,0,182
train_11885,nurs_qc,934,1,6886,14550,147094.0,0,182
train_11885,random-path,934,1,6886,15409,146223.0,0,182
train_11904,bfs,1022,1,6943,2903,39134.0,0,116
train_11904,dfs,1022,1,6943,3049,39512.0,0,116
train_11904,nurs_covnew,1022,1,6943,3503,41634.0,0,116
train_11904,nurs_md2u,1022,1,6943,3040,40788.0,0,116
train_11904,nurs_qc,1022,1,6943,3659,41038.0,0,116
train_11904,random-path,1022,1,6943,4084,40247.0,0,116
train_11905,bfs,1316,1,7124,27952,66027.0,0,175
train_11905,dfs,1316,1,7124,31645,68961.0,0,175
train_11905,nurs_covnew,1316,1,7124,28513,68010.0,0,175
train_11905,nurs_md2u,1316,1,7124,27653,67882.0,0,175
train_11905,nurs_qc,1316,1,7124,27311,67503.0,0,175
train_11905,random-path,1316,1,7124,26993,64447.0,0,175
train_11975,bfs,944,1,6886,13582,47912.0,0,119
train_11975,dfs,944,1,6886,12005,46447.0,0,119
train_11975,nurs_covnew,944,1,6886,13444,49370.0,0,119
train_11975,nurs_md2u,944,1,6886,13117,48565.0,0,119
train_11975,nurs_qc,944,1,6886,11111,47066.0,0,119
train_11975,random-path,944,1,6886,12210,46453.0,0,119
train_11989,bfs,937,1,6884,12828,54459.0,0,117
train_11989,dfs,937,1,6884,11506,54114.0,0,117
train_11989,nurs_covnew,937,1,6884,12662,55424.0,0,117
train_11989,nurs_md2u,937,1,6884,11830,54874.0,0,117
train_11989,nurs_qc,937,1,6884,10953,54317.0,0,117
train_11989,random-path,937,1,6884,14096,56044.0,0,117
train_12020,bfs,953,1,6891,11519,46713.0,0,122
train_12020,dfs,953,1,6891,11046,46069.0,0,122
train_12020,nurs_covnew,953,1,6891,11822,47980.0,0,122
train_12020,nurs_md2u,953,1,6891,13378,49954.0,0,122
train_12020,nurs_qc,953,1,6891,11977,48140.0,0,122
train_12020,random-path,953,1,6891,11883,46572.0,0,122
train_12025,bfs,961,2,6905,32555,67745.0,0,120
train_12025,dfs,961,2,6905,33492,68710.0,0,120
train_12025,nurs_covnew,961,2,6905,30291,67298.0,0,120
train_12025,nurs_md2u,961,2,6905,28889,65302.0,0,120
train_12025,nurs_qc,961,2,6905,33573,69966.0,0,120
train_12025,random-path,961,2,6905,28855,64709.0,0,120
train_12054,bfs,1002,5,7134,29402,66739.0,0,118
train_12054,dfs,1002,5,7134,30649,68400.0,0,118
train_12054,nurs_covnew,1002,5,7134,27648,66467.0,0,118
train_12054,nurs_md2u,1002,5,7134,29496,69483.0,0,118
train_12054,nurs_qc,1002,5,7134,28915,68150.0,0,118
train_12054,random-path,1002,5,7134,28548,66159.0,0,118
train_12112,bfs,1041,3,6953,13816236,15209616.0,0,125
train_12112,dfs,1041,2,6938,13889292,15282320.0,0,125
train_12112,nurs_covnew,1041,3,6981,14116332,16239398.0,0,125
train_12112,nurs_md2u,1041,3,6981,14030123,16148085.0,0,125
train_12112,nurs_qc,1041,3,6981,14109416,16237169.0,0,125
train_12112,random-path,1041,3,6964,13533507,15648039.0,0,125
train_12113,bfs,952,1,6886,12232,47021.0,0,125
train_12113,dfs,952,1,6886,12642,47073.0,0,125
train_12113,nurs_covnew,952,1,6886,11170,47077.0,0,125
train_12113,nurs_md2u,952,1,6886,11773,49420.0,0,125
train_12113,nurs_qc,952,1,6886,13209,48775.0,0,125
train_12113,random-path,952,1,6886,13371,47763.0,0,125
train_12115,bfs,941,1,6889,12490,57388.0,0,120
train_12115,dfs,941,1,6889,11656,56445.0,0,120
train_12115,nurs_covnew,941,1,6889,11397,58277.0,0,120
train_12115,nurs_md2u,941,1,6889,15204,61909.0,0,120
train_12115,nurs_qc,941,1,6889,13707,59879.0,0,120
train_12115,random-path,941,1,6889,12542,58215.0,0,120
train_12122,bfs,949,1,10446,13132,51597.0,0,121
train_12122,dfs,949,1,10446,12204,50908.0,0,121
train_12122,nurs_covnew,949,1,10446,11309,52250.0,0,121
train_12122,nurs_md2u,949,1,10446,11576,51402.0,0,121
train_12122,nurs_qc,949,1,10446,11945,51046.0,0,121
train_12122,random-path,949,1,10446,12069,51303.0,0,121
train_12146,bfs,945,1,6887,12067,46515.0,0,174
train_12146,dfs,945,1,6887,12391,47718.0,0,174
train_12146,nurs_covnew,945,1,6887,11695,48371.0,0,174
train_12146,nurs_md2u,945,1,6887,12400,49588.0,0,174
train_12146,nurs_qc,945,1,6887,11665,48825.0,0,174
train_12146,random-path,945,1,6887,11357,46551.0,0,174
train_12159,bfs,1003,5,7126,31302,73227.0,0,116
train_12159,dfs,1003,5,7126,30338,71485.0,0,116
train_12159,nurs_covnew,1003,5,7126,30277,72546.0,0,116
train_12159,nurs_md2u,1003,5,7126,30646,72910.0,0,116
train_12159,nurs_qc,1003,5,7126,30846,72101.0,0,116
train_12159,random-path,1003,5,7126,32389,72738.0,0,116
train_12163,bfs,1090,5,7796,32181,79713.0,0,119
train_12163,dfs,1090,5,7796,35066,81918.0,0,119
train_12163,nurs_covnew,1090,5,7796,30656,79000.0,0,119
train_12163,nurs_md2u,1090,5,7796,32687,80553.0,0,119
train_12163,nurs_qc,1090,5,7796,35090,82735.0,0,119
train_12163,random-path,1090,5,7796,31553,78170.0,0,119
train_12206,bfs,941,1,6890,11555,53526.0,0,123
train_12206,dfs,941,1,6890,12286,54634.0,0,123
train_12206,nurs_covnew,941,1,6890,12441,55346.0,0,123
train_12206,nurs_md2u,941,1,6890,12055,54819.0,0,123
train_12206,nurs_qc,941,1,6890,12030,54123.0,0,123
train_12206,random-path,941,1,6890,12013,53123.0,0,123
train_12244,bfs,939,1,6886,11825,46302.0,0,117
train_12244,dfs,939,1,6886,12634,47213.0,0,117
train_12244,nurs_covnew,939,1,6886,12081,47720.0,0,117
train_12244,nurs_md2u,939,1,6886,12363,47988.0,0,117
train_12244,nurs_qc,939,1,6886,11761,47422.0,0,117
train_12244,random-path,939,1,6886,11437,45721.0,0,117
train_12262,bfs,1052,5,20508,30869,89196.0,0,120
train_12262,dfs,1052,5,20508,31815,90336.0,0,120
train_12262,nurs_covnew,1052,5,20508,29907,91975.0,0,120
train_12262,nurs_md2u,1052,5,20508,30828,93053.0,0,120
train_12262,nurs_qc,1052,5,20508,34349,95481.0,0,120
train_12262,random-path,1052,5,20508,33545,92929.0,0,120
train_12274,bfs,961,1,6891,12283,47250.0,0,116
train_12274,dfs,961,1,6891,11404,46573.0,0,116
train_12274,nurs_covnew,961,1,6891,12873,48419.0,0,116
train_12274,nurs_md2u,961,1,6891,13185,48992.0,0,116
train_12274,nurs_qc,961,1,6891,13046,48271.0,0,116
train_12274,random-path,961,1,6891,11167,45471.0,0,116
train_12324,bfs,1008,5,7271,32908,72745.0,0,119
train_12324,dfs,1008,5,7271,29538,69427.0,0,119
train_12324,nurs_covnew,1008,5,7271,29597,70531.0,0,119
train_12324,nurs_md2u,1008,5,7271,38292,80224.0,0,119
train_12324,nurs_qc,1008,5,7271,31796,72196.0,0,119
train_12324,random-path,1008,5,7271,35037,74110.0,0,119
train_12327,bfs,1131,5,8245,3126114,3210631.0,0,123
train_12327,dfs,1131,5,8245,3163073,3248029.0,0,123
train_12327,nurs_covnew,1131,5,8245,3125239,3216847.0,0,123
train_12327,nurs_md2u,1131,5,8245,3121643,3213455.0,0,123
train_12327,nurs_qc,1131,5,8245,3105932,3191853.0,0,123
train_12327,random-path,1131,5,8245,3125888,3213801.0,0,123
train_12342,bfs,952,1,6886,11980,46443.0,0,195
train_12342,dfs,952,1,6886,12261,47310.0,0,195
train_12342,nurs_covnew,952,1,6886,12280,48954.0,0,195
train_12342,nurs_md2u,952,1,6886,12132,48802.0,0,195
train_12342,nurs_qc,952,1,6886,12077,48428.0,0,195
train_12342,random-path,952,1,6886,11559,45886.0,0,195
train_12391,bfs,941,1,6886,11624,45901.0,0,117
train_12391,dfs,941,1,6886,11738,45900.0,0,117
train_12391,nurs_covnew,941,1,6886,12377,48029.0,0,117
train_12391,nurs_md2u,941,1,6886,11932,47362.0,0,117
train_12391,nurs_qc,941,1,6886,12116,47971.0,0,117
train_12391,random-path,941,1,6886,11803,46301.0,0,117
train_12439,bfs,938,1,9162724,0,10212634.0,0,122
train_12439,dfs,938,1,9343669,0,10211108.0,0,122
train_12439,nurs_covnew,938,1,8960685,0,10213271.0,0,122
train_12439,nurs_md2u,938,1,8910398,0,10213368.0,0,122
train_12439,nurs_qc,938,1,8273322,0,10213304.0,0,122
train_12439,random-path,938,1,9081079,0,10212573.0,0,122
train_12440,bfs,938,1,6889,11900,48067.0,0,121
train_12440,dfs,938,1,6889,12543,48363.0,0,121
train_12440,nurs_covnew,938,1,6889,12110,50791.0,0,121
train_12440,nurs_md2u,938,1,6889,12929,50942.0,0,121
train_12440,nurs_qc,938,1,6889,11706,49140.0,0,121
train_12440,random-path,938,1,6889,11980,48124.0,0,121
train_12453,bfs,934,1,6886,12795,47831.0,0,127
train_12453,dfs,934,1,6886,11546,46456.0,0,127
train_12453,nurs_covnew,934,1,6886,11454,54866.0,0,127
train_12453,nurs_md2u,934,1,6886,11058,47594.0,0,127
train_12453,nurs_qc,934,1,6886,11170,47742.0,0,127
train_12453,random-path,934,1,6886,10683,45578.0,0,127
train_12457,bfs,955,1,6892,12000,49453.0,0,124
train_12457,dfs,955,1,6892,13269,49601.0,0,124
train_12457,nurs_covnew,955,1,6892,11450,50507.0,0,124
train_12457,nurs_md2u,955,1,6892,13690,52118.0,0,124
train_12457,nurs_qc,955,1,6892,12741,50769.0,0,124
train_12457,random-path,955,1,6892,13306,50005.0,0,124
train_12503,bfs,962,1,88789,15468,338888.0,0,124
train_12503,dfs,962,1,88789,16429,339509.0,0,124
train_12503,nurs_covnew,962,1,88789,15785,347461.0,0,124
train_12503,nurs_md2u,962,1,88789,16787,348043.0,0,124
train_12503,nurs_qc,962,1,88789,15656,345174.0,0,124
train_12503,random-path,962,1,88789,15600,339200.0,0,124
train_12505,bfs,977,2,6928,22980,59491.0,0,116
train_12505,dfs,977,2,6928,27975,64391.0,0,116
train_12505,nurs_covnew,977,2,6928,22992,61827.0,0,116
train_12505,nurs_md2u,977,2,6928,22919,60761.0,0,116
train_12505,nurs_qc,977,2,6928,22990,61147.0,0,116
train_12505,random-path,977,2,6928,23367,60390.0,0,116
train_12508,bfs,936,1,6886,12491,61788.0,0,121
train_12508,dfs,936,1,6886,11767,60801.0,0,121
train_12508,nurs_covnew,936,1,6886,11161,61822.0,0,121
train_12508,nurs_md2u,936,1,6886,13251,64966.0,0,121
train_12508,nurs_qc,936,1,6886,12778,64368.0,0,121
train_12508,random-path,936,1,6886,14404,63677.0,0,121
train_12537,bfs,965,1,6893,11572,46131.0,0,130
train_12537,dfs,965,1,6893,10704,45477.0,0,130
train_12537,nurs_covnew,965,1,6893,11380,47274.0,0,130
train_12537,nurs_md2u,965,1,6893,12159,48853.0,0,130
train_12537,nurs_qc,965,1,6893,11368,47130.0,0,130
train_12537,random-path,965,1,6893,12679,47138.0,0,130
train_12546,bfs,958,2,6903,27914,63148.0,0,123
train_12546,dfs,958,2,6903,33533,68182.0,0,123
train_12546,nurs_covnew,958,2,6903,29055,65055.0,0,123
train_12546,nurs_md2u,958,2,6903,28568,65033.0,0,123
train_12546,nurs_qc,958,2,6903,27685,63699.0,0,123
train_12546,random-path,958,2,6903,33523,68531.0,0,123
train_12560,bfs,1002,199,7743,10336995,11309470.0,0,161
train_12560,dfs,1002,199,7743,10929835,12009040.0,0,161
train_12560,nurs_covnew,1006,1189,11944,9824614,11404483.0,0,161
train_12560,nurs_md2u,1002,199,7819,10755040,11756721.0,0,161
train_12560,nurs_qc,1002,199,7815,10740997,11750438.0,0,161
train_12560,random-path,1002,199,7747,11062481,12099437.0,0,161
train_12686,bfs,1358,5,8479,29270,122073.0,0,189
train_12686,dfs,1358,5,8479,28615,120102.0,0,189
train_12686,nurs_covnew,1358,5,8479,31286,122304.0,0,189
train_12686,nurs_md2u,1358,5,8479,30761,121410.0,0,189
train_12686,nurs_qc,1358,5,8479,30249,120930.0,0,189
train_12686,random-path,1358,5,8479,28624,116748.0,0,189
train_12741,bfs,939,1,6886,12164,47137.0,0,117
train_12741,dfs,939,1,6886,12582,47083.0,0,117
train_12741,nurs_covnew,939,1,6886,12459,48986.0,0,117
train_12741,nurs_md2u,939,1,6886,11762,47614.0,0,117
train_12741,nurs_qc,939,1,6886,12199,48213.0,0,117
train_12741,random-path,939,1,6886,11805,47096.0,0,117
train_12751,bfs,933,1,9845262,0,10035558.0,0,123
train_12751,dfs,933,1,10082343,0,10036317.0,0,123
train_12751,nurs_covnew,933,1,9536476,0,10037295.0,0,123
train_12751,nurs_md2u,933,1,9777043,0,10037766.0,0,123
train_12751,nurs_qc,933,1,9629548,0,10037335.0,0,123
train_12751,random-path,933,1,9841833,0,10035951.0,0,123
train_12782,bfs,941,1,6890,16465,57243.0,0,119
train_12782,dfs,941,1,6890,18213,58392.0,0,119
train_12782,nurs_covnew,941,1,6890,15406,56839.0,0,119
train_12782,nurs_md2u,941,1,6890,14587,56547.0,0,119
train_12782,nurs_qc,941,1,6890,15877,57739.0,0,119
train_12782,random-path,941,1,6890,14821,55616.0,0,119
train_12788,bfs,1158,40,7547,10380224,10458097.0,0,123
train_12788,dfs,1063,28,7643,9977402,10052091.0,0,123
train_12788,nurs_covnew,1158,41,7627,10980983,11065834.0,0,123
train_12788,nurs_md2u,1158,41,7627,11001155,11085993.0,0,123
train_12788,nurs_qc,1158,43,7625,10232421,10318984.0,0,123
train_12788,random-path,1158,37,7610,10836888,10914722.0,0,123
train_12793,bfs,954,1,6886,12532,47264.0,0,118
train_12793,dfs,954,1,6886,11580,46462.0,0,118
train_12793,nurs_covnew,954,1,6886,12263,49715.0,0,118
train_12793,nurs_md2u,954,1,6886,10654,46761.0,0,118
train_12793,nurs_qc,954,1,6886,11455,47364.0,0,118
train_12793,random-path,954,1,6886,11215,46209.0,0,118
train_12842,bfs,994,1,7662630,0,10061995.0,0,126
train_12842,dfs,994,1,7697812,0,10061592.0,0,126
train_12842,nurs_covnew,994,1,7312470,0,10062709.0,0,126
train_12842,nurs_md2u,994,1,7350934,0,10062728.0,0,126
train_12842,nurs_qc,994,1,7478757,0,10063487.0,0,126
train_12842,random-path,994,1,7714306,0,10062023.0,0,126
train_12844,bfs,1410,4,7462,3671307,4046745.0,0,180
train_12844,dfs,1410,4,7462,3736750,4155112.0,0,180
train_12844,nurs_covnew,1410,4,7462,3753491,4148196.0,0,180
train_12844,nurs_md2u,1410,4,7462,3768910,4162577.0,0,180
train_12844,nurs_qc,1410,4,7462,3715893,4130299.0,0,180
train_12844,random-path,1410,4,7462,3762036,4153128.0,0,180
train_12851,bfs,950,1,6889,11580,46349.0,0,119
train_12851,dfs,950,1,6889,13623,48463.0,0,119
train_12851,nurs_covnew,950,1,6889,11465,47350.0,0,119
train_12851,nurs_md2u,950,1,6889,10217,46325.0,0,119
train_12851,nurs_qc,950,1,6889,11901,47343.0,0,119
train_12851,random-path,950,1,6889,11287,45844.0,0,119
train_12853,bfs,972,1,6890,12192,47510.0,0,125
train_12853,dfs,972,1,6890,12192,46656.0,0,125
train_12853,nurs_covnew,972,1,6890,11449,47664.0,0,125
train_12853,nurs_md2u,972,1,6890,12457,49762.0,0,125
train_12853,nurs_qc,972,1,6890,11589,48210.0,0,125
train_12853,random-path,972,1,6890,11096,46059.0,0,125
train_12858,bfs,946,1,6886,11937,46984.0,0,123
train_12858,dfs,946,1,6886,11928,45919.0,0,123
train_12858,nurs_covnew,946,1,6886,12220,49335.0,0,123
train_12858,nurs_md2u,946,1,6886,10949,46708.0,0,123
train_12858,nurs_qc,946,1,6886,11259,46599.0,0,123
train_12858,random-path,946,1,6886,11525,45524.0,0,123
train_12860,bfs,947,1,7101,15736,73532.0,0,149
train_12860,dfs,947,1,7101,16229,74024.0,0,149
train_12860,nurs_covnew,947,1,7101,16279,77164.0,0,149
train_12860,nurs_md2u,947,1,7101,20219,80564.0,0,149
train_12860,nurs_qc,947,1,7101,15207,76708.0,0,149
train_12860,random-path,947,1,7101,16489,74489.0,0,149
train_12863,bfs,944,1,6886,13248,47743.0,0,118
train_12863,dfs,944,1,6886,11941,46044.0,0,118
train_12863,nurs_covnew,944,1,6886,12527,48494.0,0,118
train_12863,nurs_md2u,944,1,6886,12111,49180.0,0,118
train_12863,nurs_qc,944,1,6886,12469,48233.0,0,118
train_12863,random-path,944,1,6886,11417,46082.0,0,118
train_12891,bfs,976,1,6913,19693,54626.0,0,121
train_12891,dfs,976,1,6913,21370,55996.0,0,121
train_12891,nurs_covnew,976,1,6913,20574,56718.0,0,121
train_12891,nurs_md2u,976,1,6913,20147,56313.0,0,121
train_12891,nurs_qc,976,1,6913,19975,56137.0,0,121
train_12891,random-path,976,1,6913,20334,55622.0,0,121
train_12929,bfs,1084,2,6980,24580,88003.0,0,145
train_12929,dfs,1084,2,6980,24682,88254.0,0,145
train_12929,nurs_covnew,1084,2,6980,26825,92040.0,0,145
train_12929,nurs_md2u,1084,2,6980,27380,93007.0,0,145
train_12929,nurs_qc,1084,2,6980,24195,89399.0,0,145
train_12929,random-path,1084,2,6980,26351,92012.0,0,145
train_13135,bfs,1019,4,6973,200225,2129131.0,0,123
train_13135,dfs,1019,3,6958,87922,2410596.0,0,123
train_13135,nurs_covnew,1015,3,6942,102489,2442066.0,0,123
train_13135,nurs_md2u,1015,3,6942,102916,2445483.0,0,123
train_13135,nurs_qc,1015,3,6942,105519,2447970.0,0,123
train_13135,random-path,1015,3,6960,128899,2467833.0,0,123
train_13157,bfs,939,1,6886,12716,48042.0,0,120
train_13157,dfs,939,1,6886,12414,47027.0,0,120
train_13157,nurs_covnew,939,1,6886,12041,48627.0,0,120
train_13157,nurs_md2u,939,1,6886,12309,48886.0,0,120
train_13157,nurs_qc,939,1,6886,11446,47575.0,0,120
train_13157,random-path,939,1,6886,12507,47214.0,0,120
train_13162,bfs,948,1,6888,11459,46226.0,0,119
train_13162,dfs,948,1,6888,12096,46462.0,0,119
train_13162,nurs_covnew,948,1,6888,12471,48309.0,0,119
train_13162,nurs_md2u,948,1,6888,11823,47870.0,0,119
train_13162,nurs_qc,948,1,6888,12521,48447.0,0,119
train_13162,random-path,948,1,6888,14488,49188.0,0,119
train_13163,bfs,1082,5,7277,27384,69472.0,0,118
train_13163,dfs,1082,5,7277,33722,75857.0,0,118
train_13163,nurs_covnew,1082,5,7277,27979,71213.0,0,118
train_13163,nurs_md2u,1082,5,7277,28524,71616.0,0,118
train_13163,nurs_qc,1082,5,7277,35198,78074.0,0,118
train_13163,random-path,1082,5,7277,28157,70809.0,0,118
train_13183,bfs,967,1,7537,13420,48943.0,0,140
train_13183,dfs,967,1,7537,12017,47012.0,0,140
train_13183,nurs_covnew,967,1,7537,12874,50201.0,0,140
train_13183,nurs_md2u,967,1,7537,11879,49392.0,0,140
train_13183,nurs_qc,967,1,7537,12526,49992.0,0,140
train_13183,random-path,967,1,7537,11953,47421.0,0,140
train_13269,bfs,958,1,6896,14611,53590.0,0,120
train_13269,dfs,958,1,6896,14663,53696.0,0,120
train_13269,nurs_covnew,958,1,6896,15800,56621.0,0,120
train_13269,nurs_md2u,958,1,6896,16824,56867.0,0,120
train_13269,nurs_qc,958,1,6896,15519,55804.0,0,120
train_13269,random-path,958,1,6896,13749,52637.0,0,120
train_13305,bfs,938,1,6886,11980,46438.0,0,117
train_13305,dfs,938,1,6886,11677,46610.0,0,117
train_13305,nurs_covnew,938,1,6886,11496,48472.0,0,117
train_13305,nurs_md2u,938,1,6886,11738,48249.0,0,117
train_13305,nurs_qc,938,1,6886,11713,48187.0,0,117
train_13305,random-path,938,1,6886,11799,46457.0,0,117
train_13306,bfs,1091,41,38166,1949304,2099923.0,0,121
train_13306,dfs,1091,41,38166,1942188,2090400.0,0,121
train_13306,nurs_covnew,1091,41,38166,1889640,2060328.0,0,121
train_13306,nurs_md2u,1091,41,38166,1940430,2110931.0,0,121
train_13306,nurs_qc,1091,41,38166,1941329,2111144.0,0,121
train_13306,random-path,1091,41,38166,1917909,2091186.0,0,121
train_13311,bfs,1004,5,7140,31715,69603.0,0,117
train_13311,dfs,1004,5,7140,30869,68272.0,0,117
train_13311,nurs_covnew,1004,5,7140,31079,70261.0,0,117
train_13311,nurs_md2u,1004,5,7140,33734,72558.0,0,117
train_13311,nurs_qc,1004,5,7140,32087,71420.0,0,117
train_13311,random-path,1004,5,7140,31492,69099.0,0,117
train_13313,bfs,945,1,6889,12922,47649.0,0,120
train_13313,dfs,945,1,6889,12624,46724.0,0,120
train_13313,nurs_covnew,945,1,6889,12637,48469.0,0,120
train_13313,nurs_md2u,945,1,6889,12346,48462.0,0,120
train_13313,nurs_qc,945,1,6889,12014,47645.0,0,120
train_13313,random-path,945,1,6889,12736,46974.0,0,120
valid_00004,bfs,951,2,6901,29699,64454.0,0,118
valid_00004,dfs,951,2,6901,28734,63131.0,0,118
valid_00004,nurs_covnew,951,2,6901,30976,67201.0,0,118
valid_00004,nurs_md2u,951,2,6901,29549,66178.0,0,118
valid_00004,nurs_qc,951,2,6901,30435,66551.0,0,118
valid_00004,random-path,951,2,6901,31574,66985.0,0,118
valid_00077,bfs,936,1,6886,23109,325090.0,0,118
valid_00077,dfs,936,1,6886,20995,322282.0,0,118
valid_00077,nurs_covnew,936,1,6886,19507,321783.0,0,118
valid_00077,nurs_md2u,936,1,6886,20020,322084.0,0,118
valid_00077,nurs_qc,936,1,6886,20624,323317.0,0,118
valid_00077,random-path,936,1,6886,18493,319783.0,0,118
